ridge,elasticnet,lasso,kernel_ridge,svr,gradient_boosting,lightgbm,xgboost,catboost,blend_equal,blend_optimized,Id
12.227124214172363,12.224361419677734,12.226086616516113,12.233516923170336,12.250932366032703,12.220311443654388,12.224930258025465,12.22159194946289,12.20126872681929,12.225569324170145,12.230781318450124,1
12.197735786437988,12.202147483825684,12.202195167541504,12.177264778440726,12.16197742887633,12.019896167023004,12.073428177635247,12.064728736877441,12.064327001636787,12.129300080921634,12.143080091868626,2
12.269963264465332,12.279851913452148,12.283900260925293,12.280440391935421,12.27175690304404,12.299570590380783,12.278179961693553,12.265238761901855,12.282175524466759,12.279008619140576,12.27777595029282,3
12.054076194763184,12.069761276245117,12.063733100891113,12.080668739422563,12.094704450365242,12.055971444789552,12.088642980893106,12.090250015258789,12.148049149023134,12.082873039072423,12.086725574912549,4
12.590764999389648,12.58788013458252,12.586597442626953,12.586300222755213,12.58861689006871,12.623065501750041,12.618200555529677,12.591787338256836,12.614574906818946,12.598643110197616,12.593152842349848,5
11.963591575622559,11.968113899230957,11.968644142150879,11.980015587574211,12.073710385159618,12.019436603185298,11.999208940682136,11.968332290649414,11.989507663877614,11.992284565348077,12.009144971223275,6
12.583436012268066,12.574268341064453,12.574161529541016,12.559946576087206,12.575327188984273,12.530472549036784,12.554658532181906,12.56629467010498,12.59205409940216,12.567846610963427,12.57282369027992,7
12.329045295715332,12.3233642578125,12.314417839050293,12.327619370925948,12.304599096157355,12.259713312976897,12.26944800613222,12.337488174438477,12.320304056227616,12.309555489937402,12.312006886488629,8
11.76688289642334,11.784286499023438,11.794198036193848,11.76621883435639,11.724818432037996,11.758574884461902,11.838402590097514,11.785680770874023,11.84895212017704,11.785335007071723,11.77345001318327,9
11.787093162536621,11.76517105102539,11.766661643981934,11.74571882088317,11.667912530483324,11.712596722037103,11.792267917502093,11.77014446258545,11.738291241221416,11.7495397280285,11.727756787570897,10
11.788281440734863,11.796883583068848,11.795159339904785,11.766356012847975,11.794018503839219,11.766068918550175,11.754817706044268,11.770235061645508,11.762505358033652,11.777147324963254,11.785912926472172,11
12.888477325439453,12.869998931884766,12.868395805358887,12.8612105780018,12.894216637037292,12.961953009913183,12.78161661011018,12.901737213134766,12.902876935072523,12.881164782883651,12.891085227499207,12
11.80813217163086,11.810582160949707,11.809109687805176,11.769670969186127,11.748279041195609,11.783727023717395,11.806591807224892,11.82551097869873,11.815213558691068,11.797424155455507,11.79024249877757,13
12.312402725219727,12.310121536254883,12.309552192687988,12.322630469585752,12.315035334899665,12.29111555005392,12.290745800598245,12.271390914916992,12.299833106894104,12.302536403456807,12.303675181851787,14
11.96933650970459,11.984624862670898,11.984134674072266,11.978591217061616,11.947498010974307,11.917751123836927,11.953079726747848,11.958717346191406,11.976273987482166,11.963334162082447,11.963401364399722,15
11.802842140197754,11.782005310058594,11.780946731567383,11.75050738657142,11.78240334966942,11.69126657646188,11.78490301057527,11.845882415771484,11.788583383176984,11.778815589338912,11.786679461714945,16
11.96877670288086,11.973736763000488,11.972460746765137,11.952585310125693,12.001712098236876,11.94591057730639,11.910753549025234,11.916343688964844,11.935445318504605,11.953080528312235,11.968532463523186,17
11.609601974487305,11.613364219665527,11.604486465454102,11.588540955827863,11.593153291822816,11.550225777419222,11.587159712928436,11.564599990844727,11.573981689969038,11.587234897602116,11.58839448231764,18
11.95815658569336,11.95005989074707,11.958511352539062,11.967212845463628,11.969359672231679,11.905250210172092,11.965255685042768,11.937362670898438,11.937398008787111,11.949840769063911,11.953718774332643,19
11.699639320373535,11.719482421875,11.718795776367188,11.709181183243054,11.75535463007755,11.701992109902672,11.67916447902603,11.650964736938477,11.678827929556936,11.70148917637338,11.715844025064165,20
12.6842622756958,12.686226844787598,12.684760093688965,12.681395827204161,12.681167687031657,12.711934550010115,12.697303518344176,12.68803882598877,12.671593929159638,12.687409283545653,12.684169012125784,21
11.699264526367188,11.743995666503906,11.745855331420898,11.727354956595445,11.725342559199962,11.714525177257359,11.779462669265165,11.757132530212402,11.738204120764527,11.736793059731873,11.737985275641442,22
12.336551666259766,12.348546028137207,12.35230541229248,12.345072580565617,12.321460529429704,12.378593699112317,12.384710429243983,12.37779712677002,12.379941436148243,12.358330989773258,12.350161310224738,23
11.86465835571289,11.871526718139648,11.86906623840332,11.872789323469988,11.826526785427031,11.889246154789378,11.866620608601451,11.867046356201172,11.840199707038844,11.863075583087081,11.852483084154855,24
11.987512588500977,11.964545249938965,11.958680152893066,11.986898820340969,11.995450475715213,11.88759642943907,11.933305253457979,11.908945083618164,11.956328526220663,11.953251397791673,11.959413473742663,25
12.426167488098145,12.413067817687988,12.407242774963379,12.418403292914633,12.432084696706907,12.393291818737996,12.432116637927153,12.457386016845703,12.41784739119652,12.421956437230936,12.423334899814511,26
11.790371894836426,11.796710968017578,11.794991493225098,11.796387958216167,11.788730826738359,11.78827213276146,11.833229673857453,11.819886207580566,11.847180139492684,11.806195699413975,11.801797567942572,27
12.596385955810547,12.587162971496582,12.584308624267578,12.577924155040217,12.603522644869713,12.568790400168226,12.566606530703393,12.598299026489258,12.593448988064829,12.586272144101148,12.592935930878424,28
12.2361421585083,12.224081993103027,12.2216796875,12.21032782342818,12.20965569160353,12.101080068950992,12.13457493123921,12.148391723632812,12.16701205619,12.183660681572896,12.194026656461851,29
11.167016983032227,11.160785675048828,11.156153678894043,11.206601037733424,11.190747910050975,11.038214951991794,11.143127521162294,11.107911109924316,11.138429862853505,11.145443192299044,11.152028145532976,30
11.837919235229492,11.807045936584473,11.801797866821289,11.83002420671534,11.834640045568436,11.875657878514373,11.841050635900023,11.838333129882812,11.846746997832257,11.834801770338721,11.82732313877062,32
12.189135551452637,12.201416015625,12.200637817382812,12.165490033229172,12.137243004685743,12.159608291219966,12.147701989305325,12.151782989501953,12.16721767504827,12.168914818605653,12.166136969535554,33
12.060596466064453,12.076000213623047,12.07707691192627,12.0432926219224,12.072235201585569,12.06635870845772,12.075411637913577,12.051057815551758,12.045039086587249,12.06300762929245,12.067542713560254,34
12.594904899597168,12.593563079833984,12.591653823852539,12.570663746343765,12.607051269681277,12.552195251723957,12.562299181971872,12.554869651794434,12.580804648233409,12.578667283670267,12.587991216893506,35
12.641528129577637,12.642508506774902,12.64002513885498,12.621122439172666,12.641068068904922,12.62996623745833,12.63339060222314,12.603979110717773,12.606064526094109,12.62885030664205,12.630826904324186,36
11.900932312011719,11.88984203338623,11.882400512695312,11.880170950294614,11.915151291864575,11.904711329642712,11.884745345446571,11.862741470336914,11.856388014728202,11.886342584489649,11.889006163269864,37
11.942870140075684,11.939242362976074,11.938552856445312,11.942702092155812,11.95548635352663,11.945047676057884,11.994253768691912,11.971235275268555,11.97921977763751,11.956512255870598,11.953829584136205,38
11.746248245239258,11.743124961853027,11.743525505065918,11.746449263965834,11.775545159573005,11.786925021534612,11.767907374681224,11.783416748046875,11.810497881985562,11.767071129105037,11.769899682326066,39
11.277885437011719,11.294135093688965,11.298219680786133,11.284141801524903,11.235188876019784,11.343892012367494,11.305475220973303,11.342331886291504,11.327812561640236,11.301009174478228,11.28929990800242,40
11.857584953308105,11.861313819885254,11.863699913024902,11.86989360619393,11.893276593700154,11.84758484785757,11.852626407424014,11.885986328125,11.89530428655918,11.869696750675345,11.879429508198083,41
12.045602798461914,12.051356315612793,12.046069145202637,12.046123815449766,12.038459465940296,11.969534251460182,11.967413808630175,11.985709190368652,11.994764007668309,12.016114755421636,12.024694663302807,42
11.890585899353027,11.889976501464844,11.887678146362305,11.913194739525352,11.907050628473051,11.861999331099803,11.920880720364888,11.896493911743164,11.883333916900995,11.89457708836527,11.89355866110143,43
11.80476188659668,11.803526878356934,11.799739837646484,11.817656309841771,11.815543686654664,11.791570308962458,11.790558585160277,11.792326927185059,11.78730438998952,11.80033209004376,11.802159774519263,44
11.877485275268555,11.875387191772461,11.869680404663086,11.857080204667692,11.902168282975042,11.881781065858386,11.907294371119141,11.88026237487793,11.86357950782947,11.879413186559084,11.882213634609958,45
12.581524848937988,12.583914756774902,12.582701683044434,12.55870024733677,12.597884867854523,12.49259826582528,12.592779814865864,12.562821388244629,12.597047287545863,12.572219240047806,12.58127245852657,46
12.504752159118652,12.492446899414062,12.499826431274414,12.51902158960778,12.51445267841143,12.56112851234636,12.548606674910786,12.533257484436035,12.546683929322539,12.52446403987134,12.518246528045818,47
12.406451225280762,12.403657913208008,12.403525352478027,12.40900753802732,12.423122755037905,12.38889774634363,12.42860112373816,12.424161911010742,12.398529993402274,12.409550617614093,12.41178478643039,48
11.433242797851562,11.437500953674316,11.441723823547363,11.413059952729562,11.49387980857109,11.498025645237824,11.435738854540128,11.52608871459961,11.549692359393278,11.469883656682748,11.48659180924246,49
11.795597076416016,11.798659324645996,11.800140380859375,11.788789280901154,11.790025105717831,11.770964845280107,11.77423751571833,11.756002426147461,11.768810535266722,11.782580721216998,11.785181605956149,50
12.100198745727539,12.0924711227417,12.090012550354004,12.099754676961922,12.107752566838695,12.081999116999755,12.063240917731143,12.06829833984375,12.07690768341749,12.086737302290667,12.09091606682307,51
11.669432640075684,11.654889106750488,11.648876190185547,11.651955029313573,11.717818534005865,11.778157376245902,11.665720967005155,11.646677017211914,11.667538366436839,11.677896136358997,11.681195567510317,52
11.486679077148438,11.583280563354492,11.579501152038574,11.543774249276343,11.543623697813263,11.579286253360038,11.6022610463855,11.597397804260254,11.550239218942652,11.562893673619948,11.56688138177305,53
12.770772933959961,12.764270782470703,12.766894340515137,12.767062741187532,12.846865683632359,12.718120539569925,12.743400314150973,12.849099159240723,12.973587845978082,12.800008260078378,12.825448283733584,54
11.730287551879883,11.691095352172852,11.690424919128418,11.728941538517029,11.754161149126908,11.788587012776874,11.730194403470946,11.760786056518555,11.725677498411972,11.733350609111492,11.731679300292395,55
12.014199256896973,12.009699821472168,12.013656616210938,12.021576183575293,12.015135026192922,11.98734216907004,12.014715017386886,12.014338493347168,12.005655158639419,12.010701971421312,12.011882458690298,56
12.165838241577148,12.179025650024414,12.179883003234863,12.184549827017403,12.189669685286658,12.240559486894213,12.269828819033918,12.267319679260254,12.242361117340076,12.213226167740995,12.20627361111366,57
12.173471450805664,12.17968463897705,12.18320369720459,12.178964595759686,12.184994957165582,12.11954529628395,12.147494009569792,12.15444278717041,12.160047205323224,12.16464984869555,12.173423923523565,58
13.092695236206055,13.098489761352539,13.085837364196777,13.059694286129263,13.05453919310193,13.023504241408155,13.012935987748614,13.066643714904785,13.137968531097238,13.070256479571706,13.074527886486262,59
11.73345947265625,11.744673728942871,11.74146556854248,11.716311480460003,11.733608446189228,11.693483344180528,11.694748340530312,11.676179885864258,11.677412981378167,11.712371472082678,11.719543002731715,60
12.099872589111328,12.105284690856934,12.122845649719238,12.110542361348681,12.085821140614556,12.124197080813476,12.051236129076146,12.005836486816406,12.039821528678445,12.082828628559467,12.084266513468766,61
11.48386287689209,11.51913070678711,11.516058921813965,11.496575698090037,11.463346761025482,11.400997038766464,11.391682123496798,11.451315879821777,11.471106189249623,11.466008466215929,11.477327860121804,62
12.230958938598633,12.228107452392578,12.22780990600586,12.235583615018836,12.216499103293522,12.279065186200391,12.21839321708462,12.25979232788086,12.24278158199463,12.237665703163326,12.233263295540636,63
11.817306518554688,11.832816123962402,11.833027839660645,11.837941576545543,11.820721529361826,11.796567295422486,11.775958541458781,11.777348518371582,11.78552446065401,11.808579155999107,11.81346837830377,64
12.34445858001709,12.350910186767578,12.352554321289062,12.34950859748116,12.381213477286181,12.321685854281132,12.337688061979668,12.362922668457031,12.365266482189183,12.351800914416453,12.363334984250212,65
12.579766273498535,12.602492332458496,12.603447914123535,12.56832045026102,12.593938488764184,12.604839002402327,12.632271184772838,12.630447387695312,12.62775012511856,12.604808128788314,12.60692356973264,66
12.3765287399292,12.355961799621582,12.35384464263916,12.386715564741682,12.381501518267605,12.376101278887628,12.450393309541148,12.489335060119629,12.430007915891236,12.40004331440432,12.392601982085413,67
12.289392471313477,12.284905433654785,12.288190841674805,12.302906843675254,12.290568198104118,12.264015418437548,12.262887542127691,12.27247428894043,12.268202798197912,12.280393759569556,12.283133949575054,68
11.227728843688965,11.236281394958496,11.236604690551758,11.262674588302845,11.248516255378213,11.230076848565156,11.206441922040069,11.193225860595703,11.19171922396778,11.225918847560997,11.229010014200131,69
12.353362083435059,12.33406925201416,12.31296157836914,12.259174799051955,12.252477206675412,12.336858825281244,12.35947840375265,12.388897895812988,12.30173778733015,12.32211309241364,12.303928301244085,70
12.579092025756836,12.561589241027832,12.569730758666992,12.570203496232459,12.525926073101928,12.41007460730042,12.492006803443527,12.451165199279785,12.601309793178089,12.529010888665319,12.531784240135902,71
11.680925369262695,11.667503356933594,11.666748046875,11.683940026435625,11.716235600870334,11.681793944596139,11.677783418355455,11.685502052307129,11.71751156684262,11.686438153608732,11.692517906912254,72
12.183039665222168,12.172686576843262,12.172622680664062,12.24297919010692,12.191980453232901,12.138821236530022,12.203188715466682,12.181952476501465,12.206185867513051,12.188161873564503,12.182201416386818,73
11.856219291687012,11.859619140625,11.859524726867676,11.879741916168642,11.897883824032291,11.915037414410746,11.878414419958997,11.900596618652344,11.894259121482259,11.882366274876109,11.88542098701173,74
11.58572769165039,11.53740406036377,11.533735275268555,11.587207783015277,11.620317901639954,11.612136141628106,11.568811906537984,11.605123519897461,11.5165014575488,11.574107304172253,11.576034556978508,75
11.447712898254395,11.44687557220459,11.44393253326416,11.456943313965182,11.481393547097959,11.417936568406363,11.482549569462927,11.474767684936523,11.454841990065775,11.45632818640643,11.460774650214,76
11.688467025756836,11.673295021057129,11.671290397644043,11.677750272693892,11.674991471441324,11.699280718579349,11.716385571801785,11.715624809265137,11.683743210085034,11.68898094425828,11.682011804171863,77
11.668816566467285,11.63122844696045,11.61889362335205,11.65083779233491,11.696718132072164,11.677904826689815,11.668341827795418,11.665316581726074,11.656176993202587,11.65935942117786,11.659343792999392,78
11.693310737609863,11.696813583374023,11.697949409484863,11.814661726302564,11.863578783298241,11.696228459337584,11.679040721720433,11.736946105957031,11.69947537383793,11.730889433435836,11.759533499722613,79
11.678513526916504,11.651176452636719,11.647345542907715,11.687484716295895,11.722738119917107,11.677263899405363,11.617613915437733,11.622660636901855,11.61101571126004,11.65731250240877,11.666893611038091,80
12.212187767028809,12.207225799560547,12.208840370178223,12.256282230974794,12.272259145684892,12.218378970343627,12.20147897244311,12.23636531829834,12.220027054045175,12.225893958728612,12.236003722776955,81
12.044238090515137,12.046958923339844,12.054402351379395,12.050110280872056,12.043618540188392,12.074669513192479,12.052484795844446,12.08014965057373,12.03787882193004,12.053834551981724,12.053938324428943,82
12.400205612182617,12.395201683044434,12.393335342407227,12.396283555495213,12.432113893494897,12.352697891592914,12.365020468991133,12.40267562866211,12.419604522106727,12.395237621997474,12.408276365476564,83
11.727032661437988,11.747299194335938,11.752677917480469,11.729314009148656,11.726082515128388,11.765853613346904,11.760074795220685,11.717700004577637,11.669613471533703,11.732849798023373,11.730359154996252,84
11.988182067871094,11.982812881469727,11.983048439025879,11.982537968118152,12.003323223323925,12.032273806940916,12.050963110610383,12.040692329406738,12.043652488358742,12.01194292390284,12.007726853462922,85
12.467880249023438,12.466621398925781,12.4628267288208,12.432895153171074,12.468585133962241,12.422018305815516,12.456708358716224,12.459973335266113,12.475244299145235,12.45697255142738,12.463347472622377,86
12.100240707397461,12.095741271972656,12.094935417175293,12.10970618478139,12.098743183628812,12.04724481857559,12.095496043967156,12.085681915283203,12.075225155560592,12.089223855371351,12.089993606972818,87
12.022066116333008,12.016651153564453,12.009448051452637,11.996431170593175,12.01061029371158,12.041859448202496,12.020840224065008,11.999124526977539,12.00472351871849,12.013528278179821,12.009667639128248,88
11.708189010620117,11.702227592468262,11.69559097290039,11.670143654434938,11.747932855301224,11.73738706940961,11.726516691109039,11.72916316986084,11.734757699962586,11.716878746229668,11.724784484959663,90
11.583353042602539,11.56649398803711,11.557977676391602,11.539363615646787,11.63944006671209,11.527288205264785,11.590956701081062,11.562774658203125,11.560906211907442,11.569839351760725,11.58467425114808,91
11.61503791809082,11.638537406921387,11.640872955322266,11.648859385845482,11.671634270814295,11.72596727923483,11.649900379173946,11.69162368774414,11.71439717612279,11.666314495474438,11.671519388282883,92
11.847311019897461,11.85981273651123,11.859210014343262,11.816893388769536,11.88070824199524,11.841073608418228,11.856339463095097,11.852258682250977,11.866148231928648,11.853306154134408,11.86513612260121,93
11.990240097045898,11.878997802734375,11.921624183654785,12.032816233059654,11.99441902028072,12.02977000944796,12.116613008163851,11.985712051391602,11.941518011136283,11.98796782410168,11.963919663152826,94
12.167688369750977,12.169301986694336,12.171834945678711,12.174632399547013,12.20438375627996,12.223567751161584,12.190434916215027,12.2098970413208,12.176552610966697,12.187588197512788,12.191873696344857,95
12.15771198272705,12.136003494262695,12.137264251708984,12.154385025563979,12.16391409934754,12.096565080193418,12.096542332992453,12.070175170898438,12.111565614825187,12.124903005835527,12.131255711770075,96
12.288910865783691,12.28978157043457,12.294527053833008,12.291095828636209,12.278578105989745,12.268143913620655,12.290604117177214,12.316182136535645,12.260790033689027,12.28651262507775,12.28718843449537,97
11.653095245361328,11.649497985839844,11.648473739624023,11.65333938290697,11.645670498795727,11.730010963187153,11.722995194681157,11.746339797973633,11.747405510356916,11.688536479858529,11.67729167023943,98
11.270995140075684,11.290970802307129,11.293243408203125,11.303599855115083,11.285875719126238,11.327370653232594,11.24776347518365,11.305000305175781,11.366640484886096,11.299051093700596,11.30237430506095,99
11.647895812988281,11.668932914733887,11.669429779052734,11.617361051368142,11.604575413403024,11.726333322286022,11.70788654127307,11.718053817749023,11.657334843021323,11.668644832875055,11.65670251709159,100
12.294143676757812,12.300919532775879,12.302324295043945,12.29854298946378,12.28355630015129,12.299760939942965,12.253617885932673,12.25693130493164,12.248208483781218,12.282000600975689,12.28333200808965,101
12.04008960723877,12.034884452819824,12.0348539352417,12.034893061037067,12.050746542065795,12.073031120148427,12.003571872000645,12.038681030273438,12.04106826185051,12.039091098075131,12.04362874979253,102
11.655719757080078,11.66266918182373,11.666413307189941,11.62575909702189,11.702846275762123,11.70825506675587,11.685656254598166,11.68552017211914,11.66709183687012,11.673325661024563,11.683966814893555,103
12.108630180358887,12.11820125579834,12.11916446685791,12.11227507382365,12.129277953174931,12.199533425821203,12.137746791980014,12.174583435058594,12.164887103163698,12.140477742893024,12.140271835998995,104
11.95969009399414,11.963264465332031,11.960949897766113,11.998733337896944,11.96621464525916,11.937116392361142,11.976149199746105,11.9602689743042,11.941538993652017,11.962658444479096,11.959160494565442,105
12.442451477050781,12.447172164916992,12.44691276550293,12.435105902478858,12.447079600052112,12.415909866664391,12.448263871393113,12.465832710266113,12.481304242665365,12.447781400110072,12.451690216875994,106
11.406744956970215,11.398661613464355,11.402443885803223,11.386826926338955,11.414097010026017,11.40032746668036,11.429513034708934,11.431312561035156,11.426365369398733,11.410699202713994,11.413079264294254,107
11.413372039794922,11.432321548461914,11.42568588256836,11.443284035743645,11.480267330666745,11.523949773139186,11.462645909544454,11.482385635375977,11.46030994400244,11.45824689992196,11.461784325596309,108
11.582056045532227,11.607316017150879,11.604597091674805,11.651766480333578,11.678669534606545,11.699725769649401,11.654656886888523,11.70302677154541,11.610068557782547,11.643542572795988,11.650074381797454,109
12.241268157958984,12.256179809570312,12.257652282714844,12.246885875084242,12.249875644830633,12.201056470626627,12.181665074798513,12.185271263122559,12.214184112055138,12.22600429897354,12.236441288774873,110
11.859068870544434,11.867919921875,11.871441841125488,11.835531180498064,11.829620895572049,11.842308955534174,11.835618852427363,11.871161460876465,11.836649942149801,11.84992465784476,11.851890132772693,111
12.058679580688477,12.041024208068848,12.041050910949707,12.031303308437423,12.05399276318434,12.047306815460031,12.056411052719238,12.054390907287598,12.049311680268415,12.048163469673787,12.048623435474273,112
12.819743156433105,12.827301025390625,12.826987266540527,12.810582259239048,12.822220371566889,12.782200475463915,12.788946402061597,12.728815078735352,12.771437427529559,12.797581495884513,12.802365836359666,113
12.268067359924316,12.306074142456055,12.303977012634277,12.271559079538696,12.329006282297321,12.355263656142725,12.278327185933598,12.306692123413086,12.314018169345808,12.303665001298432,12.316829716546989,114
12.408258438110352,12.392440795898438,12.381841659545898,12.358125257932794,12.36842739206921,12.328301702781037,12.277602620854841,12.313765525817871,12.32572437040935,12.350498640379975,12.358175150459845,115
12.045373916625977,12.025861740112305,12.01961898803711,12.029159186388572,12.05794658861906,12.036691404618901,12.02952530631291,12.013208389282227,11.998813188355783,12.028466523150316,12.030314761289311,116
11.741783142089844,11.75649642944336,11.7568359375,11.738088227469202,11.807460632034278,11.77272869497428,11.801616384807227,11.785412788391113,11.793376572455921,11.77264431212947,11.78294744318687,117
11.916316986083984,11.895039558410645,11.896105766296387,11.913985069436626,11.902717275085287,11.944708221912935,11.890897943847225,11.885724067687988,11.919703196606942,11.907244231707558,11.902138140818785,118
12.70440673828125,12.711373329162598,12.710838317871094,12.692519460608409,12.723592955908872,12.836452620287508,12.85978546189422,12.803614616394043,12.852099417655577,12.766075879784841,12.751243588111858,119
12.074801445007324,12.072990417480469,12.073933601379395,12.071399045328693,12.056367457281056,12.004536802688637,12.020632836904086,12.02074909210205,12.054961585484728,12.050041364850715,12.05416277222168,120
12.04211711883545,12.03661823272705,12.048103332519531,12.031181265595794,12.08730235227219,12.007848749459011,12.000994883861157,11.960650444030762,11.945303058438236,12.017791048637687,12.035023670640975,121
11.462056159973145,11.473170280456543,11.467951774597168,11.441698349203616,11.423099488501151,11.486629575249449,11.467154262879859,11.530511856079102,11.52394448484631,11.47513513686515,11.469172484152349,122
11.885936737060547,11.878994941711426,11.880657196044922,11.882299155602825,11.877037894070476,11.881072419085786,11.842984341762632,11.833601951599121,11.849982850327342,11.868063054140563,11.869223619428832,123
11.971010208129883,11.965437889099121,11.96196460723877,11.964046719264424,11.9732437723236,12.02903873655504,12.013136541416236,11.992500305175781,11.99985125114544,11.985581114483145,11.978193570635947,124
12.018765449523926,12.03642463684082,12.045244216918945,11.995015684603217,12.012171156770679,12.08498647211603,12.013052560152945,12.085627555847168,12.045556435556978,12.037427129814523,12.04236264209207,125
11.405226707458496,11.445836067199707,11.447810173034668,11.337435932957014,11.403098399406991,11.292420138428193,11.324718324687453,11.355170249938965,11.33379565456347,11.37172351640833,11.397898174306988,126
11.772102355957031,11.74041748046875,11.738341331481934,11.756540237174868,11.80095302311305,11.823481459144235,11.791776403575877,11.761785507202148,11.799011829950105,11.776045514229779,11.774309040461109,127
11.36965274810791,11.349333763122559,11.356080055236816,11.394726071720331,11.413039213491281,11.453347884464044,11.417366069666372,11.421404838562012,11.418557468973766,11.399278679260565,11.397199225906055,128
11.828575134277344,11.813948631286621,11.818964958190918,11.831306704797143,11.842942963079558,11.919409793895573,11.874376646022808,11.8883056640625,11.91377844720461,11.85906766031301,11.853242113490692,129
11.766541481018066,11.836234092712402,11.849955558776855,11.857350241687548,11.816612392634813,11.836292628038803,11.816980455104089,11.822881698608398,11.827623234757764,11.825607975926527,11.831547050047284,130
12.307533264160156,12.315176010131836,12.318550109863281,12.311553262891085,12.301121305266383,12.241620117331358,12.26880426004807,12.284048080444336,12.287069544515699,12.292830661628024,12.29979308368193,131
12.30167007446289,12.301676750183105,12.302510261535645,12.314223725313347,12.331184799514556,12.302566672269041,12.256160769875903,12.270978927612305,12.260012224578988,12.293442689482864,12.302939864469804,132
11.893355369567871,11.890344619750977,11.88974380493164,11.898413045039238,11.884048853075928,11.88028559188666,11.89689073755048,11.923839569091797,11.90744682689894,11.896040935310392,11.89421411122958,133
12.255555152893066,12.270391464233398,12.274723052978516,12.267667671475115,12.234215746046573,12.333464841724902,12.258721563342807,12.220251083374023,12.257522017767075,12.263612510426164,12.254573529676074,134
12.09723949432373,12.053966522216797,12.051362037658691,12.119874083282937,12.118939626826212,12.057307255320909,12.024754640265268,12.046082496643066,12.047574466037185,12.068566735841646,12.073274327168665,135
12.142900466918945,12.138346672058105,12.140116691589355,12.152319033371157,12.123609618058122,12.07715363296289,12.102005583026747,12.086773872375488,12.08846713510187,12.116854745051409,12.117519597513654,136
11.872782707214355,11.87890338897705,11.87804889678955,11.870416920553996,11.880222488440022,11.879885806339663,11.882265908803687,11.872640609741211,11.89139327430933,11.87850666679654,11.879530976994602,137
12.11319351196289,12.146957397460938,12.15764045715332,12.121844604571152,12.085995916286752,12.160831161155652,12.282660842291495,12.247695922851562,12.262768998160753,12.175509867988279,12.158303556700577,138
12.400156021118164,12.404220581054688,12.409466743469238,12.411578935184714,12.377497445266624,12.367646229611989,12.439450958883446,12.383490562438965,12.411323421822699,12.400536766538947,12.39268024836899,139
12.219315528869629,12.219499588012695,12.222891807556152,12.225386197687552,12.26443792947235,12.242012600568845,12.226758314859282,12.230091094970703,12.21107769884455,12.229052306760195,12.237763113165446,140
11.526490211486816,11.524398803710938,11.52029800415039,11.592306566713546,11.568309762959732,11.609751168970872,11.55556287429605,11.565008163452148,11.557185899724693,11.557701272829465,11.55215856749215,141
12.406485557556152,12.405994415283203,12.407487869262695,12.417064658006431,12.391340164294366,12.414760125966094,12.387300529510506,12.41854476928711,12.387126661203919,12.404011638930054,12.401895804504855,142
11.722737312316895,11.725521087646484,11.72997760772705,11.705010308058927,11.759348647266417,11.700169942395508,11.68403662048692,11.690393447875977,11.71558273090381,11.714753078297555,11.730778998659025,143
12.29826831817627,12.302106857299805,12.30322551727295,12.298714828513303,12.293793110537186,12.316762992219038,12.308017429070667,12.30522632598877,12.302113881201935,12.303136584475547,12.300999531041192,144
11.813020706176758,11.823538780212402,11.843099594116211,11.836421673618869,11.759155529459106,11.75300115337694,11.768935734921435,11.737064361572266,11.77871089653127,11.790327603331697,11.787105042875503,145
11.836435317993164,11.85405445098877,11.861104965209961,11.85681957686662,11.802621516197187,11.772368889190641,11.784882345119136,11.760329246520996,11.753584091053295,11.809133377682196,11.809879596755746,146
11.5429048538208,11.53360652923584,11.532806396484375,11.522621010901887,11.53195781495721,11.550410144528623,11.559413372746272,11.513480186462402,11.539751569152074,11.53632798647661,11.531434878632648,147
12.297637939453125,12.298972129821777,12.296725273132324,12.298957875176374,12.305488789737593,12.299571996645358,12.277716710759174,12.262367248535156,12.292767726856926,12.292245076679755,12.294354942461881,148
11.92049503326416,11.928584098815918,11.927935600280762,11.923216358251343,11.877950744184691,11.915831741261842,11.889379376666582,11.896842956542969,11.889285830288824,11.907724637728567,11.90165870376855,149
11.619986534118652,11.60296630859375,11.599783897399902,11.589907553965505,11.576309205621413,11.613062972693507,11.62711710202267,11.607954978942871,11.597500525239653,11.603843230955325,11.593595912295783,150
11.824254989624023,11.806397438049316,11.802359580993652,11.811219918980361,11.826214405245151,11.810010207753553,11.805946853860371,11.816758155822754,11.82139048985777,11.81383911557633,11.81500588135254,151
12.719870567321777,12.710525512695312,12.705755233764648,12.709107893445823,12.709396489425437,12.703092980790263,12.713933972541932,12.7135591506958,12.693392201233126,12.708737111323792,12.70664265780546,152
12.12093734741211,12.133902549743652,12.134148597717285,12.13933525435187,12.164240764329849,12.139202474409444,12.122506023960995,12.119512557983398,12.12832197641678,12.133567505147266,12.14178868608761,153
12.276037216186523,12.27100658416748,12.270096778869629,12.252605326672224,12.305072103867868,12.215469405799189,12.200303659270466,12.180662155151367,12.16745819905868,12.237634603227047,12.254496593597288,154
11.550786018371582,11.575794219970703,11.589536666870117,11.554863744289488,11.604744280738837,11.548827055315206,11.627479058528294,11.626141548156738,11.609269012890342,11.587493511681256,11.599843198355545,155
11.301287651062012,11.342671394348145,11.351333618164062,11.247935534811944,11.258254706134364,11.235600827183475,11.230502649925752,11.257037162780762,11.24954651218932,11.274907784066649,11.288483103577786,156
11.634257316589355,11.618904113769531,11.614091873168945,11.62976714248024,11.644957815614635,11.610917245520884,11.615635924000038,11.606720924377441,11.60244453143856,11.61974409855107,11.621961755466366,157
12.519447326660156,12.52484130859375,12.521486282348633,12.475467914668474,12.499988286209309,12.537092569650822,12.573967108355301,12.543289184570312,12.555368851106309,12.527883203573673,12.522009033350495,158
12.366347312927246,12.374513626098633,12.375184059143066,12.383615283161625,12.408829937555257,12.402404445539947,12.320846796657628,12.324750900268555,12.35502540208117,12.367946418159237,12.378474785758701,159
12.622209548950195,12.620043754577637,12.620894432067871,12.669418222576567,12.629936548648718,12.565136885517154,12.529742152983953,12.562028884887695,12.57829364985197,12.599744897784639,12.607478516600228,160
12.058282852172852,12.034906387329102,12.033225059509277,12.040892562031697,12.065859566837432,11.978833007661517,11.989416674604284,11.997213363647461,12.002320037330497,12.022327723458236,12.032459351222142,161
12.90743350982666,12.912994384765625,12.91661262512207,12.906791685327708,12.910541692799445,12.88114569591326,12.973782492278282,12.961727142333984,12.942501834597408,12.923725673662716,12.921971264043982,162
12.457218170166016,12.437976837158203,12.432065963745117,12.426344223697809,12.417983085390393,12.392916486154503,12.37863794490858,12.412195205688477,12.375642230622276,12.414553349725708,12.416061819838044,163
11.469740867614746,11.463132858276367,11.456792831420898,11.371582811495358,11.42885674107254,11.423122387013848,11.443519107510793,11.459745407104492,11.443187096902022,11.439964456490118,11.444420413301561,164
11.894649505615234,11.905667304992676,11.905824661254883,11.877674687506897,11.799744415890675,11.851856146157777,11.882904983066881,11.852986335754395,11.867416918580298,11.870969439868857,11.855082350939314,165
11.650973320007324,11.656667709350586,11.663749694824219,11.711388393281922,11.755572359693623,11.680924361200262,11.752782378052796,11.744392395019531,11.770664153497723,11.709679418325331,11.7190713226896,166
12.138313293457031,12.15503978729248,12.155233383178711,12.157794465987317,12.179929524321075,12.142547985344313,12.17249356854036,12.098278999328613,12.115847760658944,12.14616430756765,12.150186670663146,167
12.77131462097168,12.782509803771973,12.782008171081543,12.771034523663742,12.793696556947959,12.789749166124727,12.762637005862626,12.826196670532227,12.785247324185999,12.784932649238053,12.793242307935193,168
12.180203437805176,12.189786911010742,12.191312789916992,12.191439913325855,12.17855879222523,12.184228782183135,12.199055577642948,12.187313079833984,12.197510026546334,12.188823256721157,12.18669205544104,169
12.362338066101074,12.342337608337402,12.343256950378418,12.365911443462902,12.33915867100649,12.40797297419612,12.337032198585042,12.41150951385498,12.348619883236298,12.36201525657319,12.356212210260784,170
11.688353538513184,11.685978889465332,11.682940483093262,11.69325221909411,11.702807596040557,11.683077936871976,11.624577715621603,11.630245208740234,11.68347163728226,11.674967247191391,11.681939602411408,171
12.247350692749023,12.27664566040039,12.276601791381836,12.237145669455636,12.251479355820841,12.212599665057812,12.270092594494873,12.27173137664795,12.244278803374103,12.25421395659805,12.26026564188446,172
12.267504692077637,12.300225257873535,12.304595947265625,12.26083011532807,12.258227809482687,12.245765817344747,12.251170162814654,12.334074974060059,12.267915821064616,12.27670117747907,12.285987198133753,173
11.967973709106445,11.956151008605957,11.961520195007324,11.966417442552075,11.955883049655426,11.925520492327662,11.969769300502982,11.943826675415039,11.939765862905594,11.954091970675387,11.952604791018597,174
12.165780067443848,12.164766311645508,12.161116600036621,12.185192001602552,12.1741231439074,12.142563812278421,12.10595925142697,12.108498573303223,12.120010586836825,12.147556705386819,12.152249470543413,175
12.202611923217773,12.185394287109375,12.191816329956055,12.198143426309045,12.146705022862466,12.236495487688881,12.245387574067998,12.258931159973145,12.27939622654258,12.216097937525259,12.198521426288346,176
12.311424255371094,12.296326637268066,12.292038917541504,12.313082408547777,12.30888543436836,12.382326382616297,12.298925067682099,12.269387245178223,12.28789861677166,12.306699440593897,12.299106433482608,177
12.048784255981445,12.0530366897583,12.046407699584961,12.0321640911062,12.055615410057388,12.082332632338147,12.08719254418751,12.061866760253906,12.062771311500455,12.058907932752033,12.055610269864001,178
13.058677673339844,13.044095993041992,13.03463077545166,13.056064749103978,13.111365951443368,13.08442731344883,13.044499499069518,13.02370548248291,13.096629620932102,13.06156633981269,13.068413068521028,179
11.560087203979492,11.5593900680542,11.561507225036621,11.566543046029077,11.601697726834551,11.649177211671184,11.608590685630777,11.594511985778809,11.58760484916212,11.587678889130759,11.587743559964615,180
12.040152549743652,12.033910751342773,12.029163360595703,12.02921971108842,12.018095159753745,12.032561107719705,12.041755148663485,12.050114631652832,12.066711744908808,12.037964907274345,12.032769108090429,181
12.06363296508789,12.033710479736328,12.029512405395508,12.020746168409207,12.038260925036585,12.102232068486469,12.125389652710805,12.128496170043945,12.097243429693345,12.071024918288899,12.058510647872987,182
11.71767807006836,11.701767921447754,11.700721740722656,11.733744192583245,11.71859881391429,11.675781931744416,11.672496441120046,11.65938949584961,11.691587961226501,11.69686295207521,11.698242199643966,183
12.22383975982666,12.251824378967285,12.249910354614258,12.226470878326081,12.25471921024519,12.243615308513377,12.227916375414024,12.200308799743652,12.254042446586107,12.23696083469296,12.244313892275162,184
11.733197212219238,11.75125789642334,11.749333381652832,11.749086124399362,11.681715938070456,11.715597101102249,11.677788965735276,11.662952423095703,11.710182886946578,11.714567992182783,11.70768608562939,185
12.702027320861816,12.699055671691895,12.708685874938965,12.796037617109441,12.709899443599024,12.618121833560503,12.669533627783876,12.786173820495605,12.714605271536541,12.711571164619741,12.71594832502578,186
12.065202713012695,12.067959785461426,12.072815895080566,12.070956711113007,12.031410033922972,12.083585689032596,12.072431117322722,12.062164306640625,12.071610704803032,12.066459661821073,12.057791294616372,187
11.727783203125,11.718280792236328,11.72212028503418,11.728035915176587,11.74538049901588,11.780674306634934,11.75322364490013,11.729065895080566,11.764586247866278,11.741016754341098,11.738917675942997,188
11.873855590820312,11.871185302734375,11.876155853271484,11.861869910021795,11.874139484133213,11.902385743160139,11.863614314519323,11.8834228515625,11.916649796539792,11.880364316306991,11.882422491753761,189
12.556633949279785,12.573341369628906,12.56623649597168,12.51261445542978,12.538127261451974,12.536614326968351,12.501384933856045,12.522093772888184,12.535635407106044,12.538075774731194,12.545270415402124,190
12.526165008544922,12.56457233428955,12.563558578491211,12.49565499034432,12.487218680891214,12.575421675714757,12.629918199678675,12.63256549835205,12.593692357361489,12.563196369296467,12.551941592237375,191
12.147173881530762,12.152833938598633,12.157083511352539,12.155107631792802,12.137090388878274,12.052702314573702,12.085705145759093,12.108708381652832,12.112961162220405,12.123262928484339,12.132482222307502,192
12.18156623840332,12.189577102661133,12.191621780395508,12.189160470710657,12.163579244444843,12.20298469906388,12.19241684386242,12.20058822631836,12.222181245420225,12.192630650142261,12.18744902030837,193
11.901419639587402,11.921941757202148,11.93359661102295,11.924154215701522,11.860434900161621,11.810966218325968,11.866269991558106,11.824691772460938,11.854368566940156,11.877538185884534,11.877343610650827,194
11.714170455932617,11.718955993652344,11.713733673095703,11.712044411663085,11.711853675361368,11.721837921597198,11.700591169211153,11.697491645812988,11.701327231370687,11.710222908633016,11.709834727523546,195
11.848554611206055,11.856080055236816,11.863266944885254,11.85357000374048,11.843055011584653,11.894143470291846,11.889805836535277,11.902865409851074,11.903451427775446,11.87275475234521,11.868398055374673,196
12.726578712463379,12.709980964660645,12.704463005065918,12.717079438942026,12.685940948482934,12.619374535775055,12.620061421662118,12.548361778259277,12.637868695729379,12.663301055671191,12.663179576308432,197
12.53193187713623,12.469535827636719,12.471250534057617,12.488856921573321,12.518966852078236,12.52382659844504,12.580767985962169,12.60878849029541,12.572360489465044,12.529587286294422,12.52149620584139,198
11.704309463500977,11.667513847351074,11.663178443908691,11.488867475992784,11.654199800608101,11.659091505628087,11.64226129625094,11.641707420349121,11.640237146058556,11.640151822183148,11.654282886844971,199
12.643391609191895,12.652840614318848,12.651979446411133,12.646924554038359,12.707147215817116,12.610154445482651,12.612892853272701,12.619917869567871,12.619418606265373,12.640518579373994,12.659925136121403,200
11.792879104614258,11.777402877807617,11.774792671203613,11.777531280962679,11.800274539462539,11.914252409705393,11.824892288394931,11.811412811279297,11.831222528997909,11.81162894582536,11.802851800434564,201
12.00561809539795,12.025084495544434,12.030767440795898,12.02829718579915,11.999881204485096,12.03931054799476,12.032285237815179,12.050661087036133,12.039647384983736,12.02795029776137,12.024742956919212,202
11.681175231933594,11.678643226623535,11.679068565368652,11.682535661736344,11.688467176510983,11.649127783756898,11.663022770227807,11.693441390991211,11.662650677978455,11.675348053903056,11.680860253955375,203
11.831625938415527,11.850860595703125,11.85087776184082,11.860438531044391,11.842847692326755,11.864118483774245,11.869953950184403,11.869091033935547,11.866844245962334,11.856295359243019,11.853337495385311,204
11.629677772521973,11.647197723388672,11.644686698913574,11.628188446063447,11.650289569257353,11.726236345251408,11.650106049082195,11.632527351379395,11.63332881482725,11.649137641187252,11.648232008101381,205
12.101859092712402,12.109143257141113,12.11294937133789,12.08363958294833,12.151987922130509,12.054148250099832,12.080234738819813,12.096379280090332,12.087006807559801,12.097483144760002,12.11748514826453,206
11.766075134277344,11.740806579589844,11.751763343811035,11.805880452445715,11.773403616603561,11.84828703077339,11.823389207285656,11.833772659301758,11.8269143288953,11.796699150331511,11.784770156540587,207
11.772214889526367,11.769057273864746,11.768263816833496,11.773150641663843,11.798758063844483,11.855590448419532,11.816907709607568,11.85597038269043,11.870732661510377,11.80896065421787,11.807513429992904,208
12.410554885864258,12.440082550048828,12.441584587097168,12.391053789476313,12.43473920312394,12.384714916986033,12.389406368206865,12.431756019592285,12.413718373787964,12.415290077131516,12.431563719176905,209
11.943991661071777,11.95114517211914,11.953100204467773,11.954080710844833,11.950254965471107,11.941374999348245,11.904742360549886,11.921398162841797,11.90254928184332,11.935848613173098,11.941345116001807,210
11.422767639160156,11.419534683227539,11.421302795410156,11.413940761535212,11.391103784131086,11.394748009666463,11.411013702325635,11.460257530212402,11.424127652910155,11.417644062064312,11.415649753666255,211
12.013697624206543,12.011940956115723,12.012310981750488,11.999346664424017,12.01165420689539,12.067504657580109,12.01941221149396,12.014127731323242,12.018766712848628,12.018751305182011,12.016218173792364,212
12.424738883972168,12.427300453186035,12.425919532775879,12.418046527538875,12.438570517187895,12.551878442515328,12.440160888766963,12.439807891845703,12.429532883440034,12.443995113469876,12.43983476741175,213
11.968371391296387,11.971491813659668,11.965863227844238,11.934860780494471,11.960179456343527,11.922922349206267,11.953138394454264,11.931543350219727,11.96071087451014,11.95212018200319,11.955879504239011,214
11.887739181518555,11.897660255432129,11.904017448425293,11.906286701515935,11.93470564855708,11.847437058286115,11.845411682603778,11.887260437011719,11.903356927426287,11.890430593419655,11.90857080278077,215
11.77151107788086,11.772570610046387,11.775795936584473,11.809208865357325,11.7877726246949,11.838580248700648,11.833297504672014,11.83105754852295,11.849664818672213,11.80771769279242,11.799538736117618,216
12.261834144592285,12.254538536071777,12.254914283752441,12.26295382990052,12.252254627171034,12.247401854693548,12.235386406878591,12.231586456298828,12.219210118984032,12.24667558426034,12.24629895239567,217
11.487228393554688,11.495344161987305,11.485761642456055,11.473163114024189,11.556904057164001,11.572622483717455,11.443808958523416,11.43559741973877,11.42111040452487,11.485726737298972,11.500333992481629,218
12.415783882141113,12.42216968536377,12.4199800491333,12.404903964785202,12.381767931780844,12.339417121736016,12.340565080080214,12.361763000488281,12.334801040770396,12.380127972919905,12.384726749166362,219
12.06662654876709,12.052469253540039,12.05312442779541,12.05101277918005,12.04698030194082,12.053810492785036,12.068391955493954,12.079623222351074,12.050237757433795,12.058030748809696,12.054683505668436,220
12.25736141204834,12.261590957641602,12.266435623168945,12.256314053628135,12.225763010157157,12.267666247637544,12.283225133256984,12.284822463989258,12.24507313179134,12.260916892591034,12.253208997237598,221
12.294748306274414,12.283780097961426,12.273029327392578,12.262622816493277,12.260276678941182,12.347571578230424,12.26256956739829,12.273011207580566,12.269565005894224,12.280797176240709,12.272630980720301,222
12.050588607788086,12.04030704498291,12.041465759277344,12.060839307336384,12.069707736008834,12.078073861951742,12.053101518888399,12.058599472045898,12.053396267046079,12.056231063925075,12.056885349212909,223
11.616293907165527,11.625167846679688,11.627715110778809,11.655201547787705,11.7090204282757,11.756634000751959,11.732879898891465,11.741799354553223,11.731475447531238,11.68846528249059,11.690482365529258,224
12.949711799621582,12.923641204833984,12.920645713806152,12.906712127734792,12.936794190669538,12.876040599561671,12.936345287033765,12.94194507598877,12.950442906516775,12.926919878418559,12.929879627508143,225
11.478293418884277,11.473688125610352,11.471466064453125,11.47284440820622,11.509928728727784,11.515089545947117,11.49814810490753,11.469069480895996,11.507879064879337,11.48848966027908,11.490498476353189,226
12.468008995056152,12.457159042358398,12.454845428466797,12.466148745798584,12.52193467265052,12.454265495402371,12.52472773694792,12.49655818939209,12.48809145294937,12.481304417669135,12.487135139863895,227
11.503785133361816,11.50937557220459,11.512651443481445,11.510034583324583,11.506969193479495,11.490548908005223,11.453200835538315,11.468027114868164,11.471657816475728,11.491805622304373,11.498475933831143,228
11.631671905517578,11.640657424926758,11.644952774047852,11.646245261562399,11.662971805420483,11.694217765749714,11.695260459027242,11.702468872070312,11.73850117363307,11.672994160217266,11.67241222540482,229
12.144407272338867,12.127283096313477,12.12720775604248,12.148264756657436,12.144693304236691,12.191972745353585,12.171667256874684,12.181818008422852,12.180533813237382,12.157538667719718,12.150605242411643,230
11.82529067993164,11.841489791870117,11.841169357299805,11.822207291254704,11.822480610402538,11.81856613542727,11.795851083303285,11.828873634338379,11.839590526119355,11.82616878999412,11.831599623151678,231
12.778241157531738,12.776623725891113,12.772124290466309,12.79643706711892,12.793316365024276,12.875732741439286,12.830238323709736,12.82286262512207,12.78644957948792,12.803558430643484,12.794215508546094,232
11.464629173278809,11.430018424987793,11.431116104125977,11.452591874807418,11.477196276685973,11.496833041965639,11.438109778768249,11.440262794494629,11.440412142593539,11.45235217907867,11.45275140940852,233
11.757304191589355,11.759879112243652,11.76326847076416,11.764099550724463,11.81002366696891,11.800309864659535,11.797771301008336,11.799072265625,11.801516881117243,11.783693922744517,11.790537370324296,234
12.292499542236328,12.282008171081543,12.280974388122559,12.283928348547795,12.302974005275633,12.267288698158099,12.265536214410442,12.242876052856445,12.250433355796977,12.27427986405398,12.278692821518382,235
11.400323867797852,11.36087703704834,11.359121322631836,11.398565019011642,11.416345629999574,11.343477967769385,11.32629618690464,11.316483497619629,11.306771169257363,11.358695744226695,11.365566807221185,236
12.142345428466797,12.151371002197266,12.153282165527344,12.149488990525459,12.152979918419717,12.118225714809743,12.125628915322093,12.123727798461914,12.120185265510143,12.137470577693385,12.143246803232318,237
12.288899421691895,12.287897109985352,12.29014778137207,12.292073340662052,12.30077131092922,12.306678831713521,12.285756213893096,12.23418140411377,12.274854540991038,12.284584439483558,12.284783574906452,238
12.508369445800781,12.499473571777344,12.498861312866211,12.49019460304094,12.486014561104293,12.404024198240792,12.497881351984656,12.485087394714355,12.459875450229147,12.481086876639836,12.482861582957593,239
11.688990592956543,11.686803817749023,11.688788414001465,11.690016186539783,11.689013682986468,11.6939349073107,11.732318029531754,11.697457313537598,11.70847224077994,11.697310576154809,11.692560728422153,240
12.423446655273438,12.427547454833984,12.427885055541992,12.432544090167177,12.44637651617755,12.492744656097184,12.521975213465224,12.535049438476562,12.517964945116168,12.469503780572142,12.463331118593883,241
11.53229808807373,11.545622825622559,11.543701171875,11.508560127020894,11.57041298895254,11.464479753969185,11.468280308313805,11.47121810913086,11.493442001914623,11.510890597208133,11.532059331392572,242
11.387497901916504,11.401416778564453,11.402229309082031,11.392909937331535,11.37871995269633,11.389844756783175,11.385619987712094,11.363129615783691,11.34775273138458,11.38323566347271,11.381964729870798,243
11.764226913452148,11.773003578186035,11.7739839553833,11.78858752119013,11.794435014896472,11.792633797923893,11.81396779499193,11.80104923248291,11.800008686204889,11.789099610523524,11.788734183473185,244
12.333950996398926,12.358776092529297,12.360941886901855,12.347840837736815,12.346608207192613,12.355046424754656,12.366843263861906,12.370959281921387,12.34518426043837,12.354016805748426,12.355549969967182,245
12.300020217895508,12.298352241516113,12.300870895385742,12.306380115439985,12.318032890278381,12.318277189871862,12.34867522871942,12.341238021850586,12.327857268113709,12.317744896563477,12.316504039317588,246
11.915216445922852,11.9048433303833,11.909960746765137,11.88480069298567,11.868764662474778,11.748842877324808,11.821222441027414,11.800195693969727,11.778651374947962,11.84805536286685,11.856516142018947,247
11.895845413208008,11.89572525024414,11.90075969696045,11.886941098474994,11.909876040542898,11.894585755356154,11.894512748621123,11.860746383666992,11.866692066603978,11.889520494853194,11.893907453742587,248
12.160282135009766,12.17325210571289,12.176843643188477,12.15762414951788,12.177054470229878,12.134676680776751,12.149193977125687,12.153027534484863,12.151193516677889,12.159238690302677,12.1682222043445,249
12.567383766174316,12.601895332336426,12.595560073852539,12.586469353454156,12.637223675059253,12.525291486569232,12.482101997798813,12.442152976989746,12.531944123003104,12.552224753915286,12.576112602055481,250
11.23505973815918,11.286592483520508,11.282731056213379,11.109216821915943,11.163967766334542,11.34612508728065,11.298545291471981,11.289973258972168,11.32512312665711,11.259703847836162,11.252013384950923,251
12.57315731048584,12.544888496398926,12.537837028503418,12.534029753470197,12.547678144526849,12.627911293572279,12.663750908079656,12.661598205566406,12.585742872232316,12.586288223648431,12.569704548165852,252
12.080853462219238,12.072843551635742,12.075278282165527,12.074901101916058,12.073876756398871,12.09734762565505,12.065188119503711,12.069663047790527,12.090865418418801,12.077868596189282,12.076927888976464,253
12.098904609680176,12.049518585205078,12.042710304260254,12.060833739381522,12.057973607640005,12.019078315666803,11.997322346412657,12.012052536010742,12.019845645532744,12.039804409976664,12.03951414994152,254
11.88554859161377,11.891335487365723,11.8930025100708,11.869986512992135,11.887221146774895,11.821746723329925,11.862676107225226,11.858662605285645,11.85064216089659,11.868980205061636,11.877342267531395,255
12.319071769714355,12.324162483215332,12.326751708984375,12.304748155133453,12.301816726962718,12.374870401250735,12.36255174273123,12.353111267089844,12.347015659119782,12.33489999046687,12.327180959133065,256
12.219091415405273,12.220784187316895,12.219533920288086,12.218770176473825,12.239220839135168,12.256607652054967,12.210242284155404,12.223810195922852,12.225087518438917,12.225905354354598,12.229518038084873,257
12.338319778442383,12.321534156799316,12.321975708007812,12.370432975899082,12.378476386842939,12.29670443267982,12.324890308320743,12.31918716430664,12.34240508834073,12.334880666626608,12.34134982058324,258
12.311625480651855,12.300824165344238,12.30141544342041,12.31125648661207,12.329271452474815,12.27525656568802,12.287568634374114,12.27408504486084,12.289980603500892,12.297920430769695,12.304039127288053,259
11.57196044921875,11.561095237731934,11.553516387939453,11.53884329372896,11.567434160922657,11.584965933632486,11.59914032178642,11.646061897277832,11.631194751711568,11.583801381550009,11.58201609376743,260
12.115120887756348,12.085983276367188,12.081948280334473,12.074320439588522,12.093798866278389,12.078357628737315,12.059170974241187,12.062490463256836,12.102367637555734,12.083728717123998,12.085073963210817,261
12.701089859008789,12.729607582092285,12.734130859375,12.706330978474833,12.719146613985277,12.692876383273122,12.744807871300484,12.769274711608887,12.745252286510988,12.726946349514407,12.733093832173926,262
11.962273597717285,11.985301971435547,11.992810249328613,11.979585427606079,11.980508856274295,11.975983500339836,12.004947456935648,11.995744705200195,11.975498478839592,11.983628249297457,11.986265711577342,263
11.694384574890137,11.673713684082031,11.677850723266602,11.686530832464513,11.691797114287695,11.786316991865679,11.700880176866637,11.713898658752441,11.722518486058679,11.705321249170488,11.698894229931323,264
11.25490665435791,11.265549659729004,11.260111808776855,11.262788685585804,11.271080808195206,11.357742493561773,11.310890687250964,11.325814247131348,11.327529533020542,11.29293495306771,11.286353049307646,265
12.130711555480957,12.12859058380127,12.12994384765625,12.145612222087625,12.122145085699493,12.128036725100246,12.123349529904587,12.134974479675293,12.119274963744726,12.129182110350051,12.1267966980437,266
12.114836692810059,12.104048728942871,12.106831550598145,12.134055928660072,12.107987821881835,12.067064207853408,12.10383904976282,12.101683616638184,12.099435972913449,12.104420396673428,12.10338503344269,267
12.144168853759766,12.099711418151855,12.09848690032959,12.109971919499156,12.112444407326578,12.112747277169412,12.088596513546959,12.08586597442627,12.084488336376166,12.104053511176195,12.100635425454424,268
11.555902481079102,11.553258895874023,11.551814079284668,11.569464684784869,11.589766580953345,11.63937722144865,11.597729952804958,11.61181926727295,11.619086168937562,11.587579925826681,11.58571090095749,269
11.965973854064941,11.97238826751709,11.979484558105469,11.982338876518083,11.927336534836204,11.950866044763579,11.977625912299228,11.940901756286621,11.966106429785517,11.962558026019636,11.953158736767096,270
12.481319427490234,12.4955472946167,12.497452735900879,12.497855966509368,12.496028294869102,12.48685474849127,12.490243963693977,12.504189491271973,12.493930400386237,12.49371359146997,12.496976829376363,271
12.160663604736328,12.228813171386719,12.234188079833984,12.23276991823817,12.231724785201845,12.220744302986594,12.221942087084857,12.22517204284668,12.270623655890574,12.225182405356193,12.23519495754054,272
12.657011032104492,12.645679473876953,12.641223907470703,12.64140518285885,12.666311196823328,12.6063181004993,12.565208367406932,12.611356735229492,12.586874546712899,12.624598726998105,12.637406604381624,273
11.98871898651123,11.977219581604004,11.976566314697266,12.0268086744902,12.027371754505324,12.037491679962818,12.017363976512945,11.987775802612305,12.030030261996412,12.007705225876943,12.004590997303017,274
11.78877067565918,11.783812522888184,11.782707214355469,11.776481882999525,11.788778563186913,11.760227060675676,11.79392289424546,11.779571533203125,11.770816855246641,11.780565466940018,11.781717733804262,275
12.021529197692871,12.03487491607666,12.034660339355469,12.020382592252535,12.078333420554126,11.993642131818039,12.087382737036087,12.096034049987793,12.092766003585883,12.051067265373273,12.062324623326841,276
12.201841354370117,12.192695617675781,12.196887969970703,12.210606923073728,12.190456291823681,12.222206871663253,12.227032224705535,12.240804672241211,12.217290816377533,12.211091415766838,12.2048408459702,277
11.600440979003906,11.598154067993164,11.591451644897461,11.583148093237625,11.647793765044742,11.63290786067171,11.606218216065258,11.61767292022705,11.591913013375866,11.607744506724085,11.61671148179344,278
12.887089729309082,12.876494407653809,12.869695663452148,12.892345000040843,12.898147490141115,12.852169703061424,12.819217214555543,12.791030883789062,12.853165741199842,12.85992842591143,12.864908421190357,279
12.259632110595703,12.255702018737793,12.252763748168945,12.245180912041086,12.242979561328923,12.1695662416115,12.258360247420812,12.258151054382324,12.311072946928396,12.250378760135053,12.251788698571591,280
12.269396781921387,12.281740188598633,12.285005569458008,12.291045966499752,12.266194075683654,12.332821181948534,12.296073647590157,12.277167320251465,12.346017335097446,12.293940229672115,12.286845600122728,281
12.278438568115234,12.259198188781738,12.249579429626465,12.25779437789108,12.27887422078361,12.193977781859068,12.175829520760447,12.173876762390137,12.132965762382714,12.222281623621164,12.232522727494695,282
12.264815330505371,12.245414733886719,12.239938735961914,12.248928709414741,12.27141443814413,12.31306230323538,12.272385335913954,12.294305801391602,12.26747609080037,12.268637942139355,12.26570634068575,283
12.36802864074707,12.360939979553223,12.360520362854004,12.358052279085369,12.339711714400778,12.456757658385145,12.399808227824781,12.433072090148926,12.428298179883852,12.389465459209239,12.377027290265318,284
12.130023002624512,12.118170738220215,12.116856575012207,12.127620532361622,12.110625672075457,12.176846713017014,12.137470339050193,12.124931335449219,12.12441436324184,12.129662141228032,12.120201718502837,285
12.06092643737793,12.064905166625977,12.06222915649414,12.040893208013681,12.029715850848268,12.014407425712852,12.039435982114883,12.038223266601562,12.030079037658687,12.042312836827554,12.041533524031994,286
12.118803977966309,12.12701416015625,12.127283096313477,12.118454116162807,12.136341218962938,12.09784547303273,12.12931244825263,12.109641075134277,12.104596064392476,12.118810181152657,12.123599536888673,287
11.479558944702148,11.463105201721191,11.45810317993164,11.487564490926877,11.456646131182262,11.424876393204942,11.543146198496368,11.50385856628418,11.490291425719736,11.47857228135215,11.465918498624596,288
11.627321243286133,11.629873275756836,11.627445220947266,11.617149528282292,11.665799726774495,11.648980222206465,11.652630009600635,11.682604789733887,11.659383751110257,11.645687529744253,11.65316400648446,289
11.906784057617188,11.895990371704102,11.89039134979248,11.99866412504133,12.05824185568336,11.88871813836388,11.888269025705322,11.859018325805664,11.876614221669966,11.918076830153701,11.940715545899376,290
12.432798385620117,12.439178466796875,12.443230628967285,12.44806297499628,12.421404400424573,12.401637226049354,12.399633660343438,12.37091064453125,12.427111780104607,12.420440907537087,12.421110325850734,291
11.61469554901123,11.64095687866211,11.646700859069824,11.720835545457904,11.70059422252366,11.746783069151146,11.679854744867308,11.725284576416016,11.67545524695797,11.68346229912413,11.685259287629213,292
11.78228759765625,11.781004905700684,11.775195121765137,11.802632518497596,11.811572657381847,11.85321179779892,11.846684038353805,11.89264965057373,11.811600152448593,11.817426493352949,11.813137787152595,293
12.343497276306152,12.369757652282715,12.374726295471191,12.373805240576909,12.373393145430917,12.354934670477775,12.400332341277032,12.457243919372559,12.405463295155672,12.383683759594547,12.388608091939762,294
12.082609176635742,12.078226089477539,12.079155921936035,12.089185227676127,12.082042388498476,12.002904587411505,12.035112968557327,11.991042137145996,12.038144245041572,12.053158082486704,12.05835856544617,295
11.909971237182617,11.908661842346191,11.913777351379395,11.902700252525687,11.940379760393078,11.914211337853674,11.910329039462564,11.886567115783691,11.921541261809205,11.912015466526235,11.919593967433421,296
11.793832778930664,11.788985252380371,11.785820960998535,11.764639651197415,11.834942999946815,11.812809336242386,11.790641166602205,11.82910442352295,11.810155092825145,11.801214629182942,11.812909220368619,297
12.433664321899414,12.402871131896973,12.400293350219727,12.409230030268505,12.427745942892164,12.30404567908358,12.360479186000797,12.342530250549316,12.360051499993334,12.382323488089312,12.391173356154166,298
12.11889934539795,12.103373527526855,12.104425430297852,12.122680884120449,12.145437723950856,12.093949365068683,12.08240242967228,12.072992324829102,12.06299187826453,12.10079476768095,12.108535569819171,299
11.980289459228516,12.025623321533203,12.028982162475586,11.943338110439534,11.995672480652633,11.947235241096966,11.95461725462665,11.95207691192627,12.022275876351076,11.98334564648116,12.001034334871951,300
11.991249084472656,12.008670806884766,12.00236988067627,11.950741518093173,12.005118063503065,12.026577810845385,12.008891960991377,12.008082389831543,12.026037240338386,12.003082083959624,12.00807943686061,301
12.52855396270752,12.51759147644043,12.518795013427734,12.507622736806466,12.489734541640841,12.457494240380461,12.495839503490737,12.499434471130371,12.52720552037722,12.5046968296002,12.503552898397425,302
12.313064575195312,12.31590461730957,12.316950798034668,12.32291873254021,12.299563404504447,12.333826524761166,12.349395230730545,12.335777282714844,12.333567407390932,12.324552063686856,12.316628167995152,303
11.802312850952148,11.80509090423584,11.803482055664062,11.815004857820051,11.828277917398388,11.75667397953365,11.75397245998822,11.76639175415039,11.773793454433601,11.789444470464039,11.800483900875768,304
12.600797653198242,12.603517532348633,12.602688789367676,12.575113136079038,12.540213153086267,12.492325750581665,12.604231968633236,12.557815551757812,12.60510645588657,12.575756665659906,12.568978802434989,305
12.572851181030273,12.563247680664062,12.565523147583008,12.599983598270502,12.584618712591894,12.646988291854813,12.693340676864375,12.654877662658691,12.586614326760238,12.607560586475318,12.592053778135128,306
12.33862018585205,12.337616920471191,12.340439796447754,12.367257266597246,12.408060142630688,12.376699249938076,12.41592356954941,12.377154350280762,12.387817584808053,12.372176562952802,12.375810295581848,307
11.552262306213379,11.572598457336426,11.569026947021484,11.51339876461472,11.500645812148383,11.522709654672697,11.520146284526117,11.588627815246582,11.536180429454326,11.541732941248236,11.542682223940956,308
11.544241905212402,11.54378604888916,11.542287826538086,11.53826136902936,11.5600754974494,11.583202565484155,11.577651085308485,11.57234001159668,11.564437975234855,11.558476031638065,11.557438720346878,309
12.820893287658691,12.831812858581543,12.83431339263916,12.792605814420336,12.777926644757498,12.7886659857502,12.805669863185441,12.82259750366211,12.781553401470273,12.806226528013916,12.805286386522642,310
12.043278694152832,12.04028034210205,12.04061508178711,12.049273887579194,12.04942699024921,12.099474884926922,12.07606170271091,12.069677352905273,12.071160601145857,12.059916615284372,12.054532737615089,311
11.83299732208252,11.823346138000488,11.821822166442871,11.814421456249512,11.808635474492432,11.818894985416913,11.845145165799455,11.805585861206055,11.823805478534666,11.821628227580545,11.815037797153611,312
11.695425033569336,11.732844352722168,11.737329483032227,11.72732382578992,11.758619350036977,11.808757926313588,11.823229984249743,11.791778564453125,11.750664542697296,11.758441451429375,11.758048263372643,313
12.642522811889648,12.687676429748535,12.68423080444336,12.618302816540552,12.570600846358452,12.479243370559724,12.462677278794537,12.53731632232666,12.539177581633352,12.58019425136609,12.596926125286274,314
12.01339054107666,12.033239364624023,12.043950080871582,12.003922147986113,12.030558335008202,12.000665866788484,12.042034936392312,11.993765830993652,12.036266590160123,12.021977077100129,12.028742420033128,315
12.132311820983887,12.133833885192871,12.138086318969727,12.160153507369202,12.12378502378709,12.100786750970425,12.14750946343766,12.121376991271973,12.143174583796092,12.133446482864326,12.129221893294396,316
12.460206985473633,12.473542213439941,12.47989273071289,12.467578504704008,12.493556023492928,12.464125265295447,12.436217413235427,12.43970012664795,12.423068310173516,12.459765285908416,12.47153819874931,317
12.43714714050293,12.448351860046387,12.452249526977539,12.452690746719922,12.463242365666924,12.447103236222333,12.498818015185577,12.494864463806152,12.464850353397754,12.46214641205839,12.46328990928758,318
12.667694091796875,12.670448303222656,12.664773941040039,12.677486241087202,12.694167698504195,12.65443266040181,12.618040491349861,12.627156257629395,12.629554572162325,12.655972695243817,12.664739754051652,319
12.206208229064941,12.20293140411377,12.207386016845703,12.190175673391877,12.203875329625996,12.272786698115357,12.22061796980988,12.229265213012695,12.277889367435295,12.223459544601724,12.220786021841988,320
12.789130210876465,12.797379493713379,12.791424751281738,12.762921176711231,12.804054967325438,12.745954983270488,12.886947304388784,12.821011543273926,12.748432014933716,12.79413960508613,12.792784538912292,321
12.726428985595703,12.714455604553223,12.714468955993652,12.736606481100257,12.751787604716863,12.74491057235028,12.743436618555858,12.729331016540527,12.73273694497566,12.732684753820225,12.732941665878423,322
12.550680160522461,12.543306350708008,12.543546676635742,12.496146082948897,12.482677909863192,12.560508345759267,12.56683741211604,12.517416954040527,12.550778015040203,12.534655323070483,12.520955246434552,323
11.711244583129883,11.709495544433594,11.709244728088379,11.69682021144654,11.711767925734193,11.616766806294367,11.729793183144684,11.727348327636719,11.703980086561836,11.701829044052243,11.706889659672743,324
12.528139114379883,12.477437973022461,12.459976196289062,12.44007870704185,12.507694030670464,12.490123959613399,12.478990222723152,12.444636344909668,12.457987792159456,12.476118260089933,12.475301249617933,325
11.420175552368164,11.417193412780762,11.42340087890625,11.4401410907149,11.419190906090837,11.501207882422708,11.368082108388224,11.366230964660645,11.412816845490045,11.418715515758059,11.416885167539737,326
12.623087882995605,12.591028213500977,12.5866060256958,12.601814334508795,12.60724760817302,12.621874576799653,12.598669993560513,12.640552520751953,12.591157106745028,12.606893140303484,12.604011240942414,327
11.894264221191406,11.886945724487305,11.886820793151855,11.889926786987743,11.914268613194196,11.871025063080749,11.86364951204538,11.87773323059082,11.889547793994746,11.886020193191579,11.894115514010277,328
11.953485488891602,11.975131034851074,11.974093437194824,11.957076754257425,12.001246111061665,12.009353352374672,12.031630208642987,12.081633567810059,12.042931529243724,12.00295349825867,12.00852120841787,329
11.426482200622559,11.476788520812988,11.478562355041504,11.461727871602847,11.469823482225586,11.406859114058761,11.309515169442628,11.362305641174316,11.372041127465124,11.418233942494036,11.442894645266293,330
11.824196815490723,11.84953784942627,11.856219291687012,11.801012282114339,11.771653268228013,11.852114999764737,11.817310639735437,11.800479888916016,11.848262586059008,11.82453195793573,11.818441518670204,331
11.765313148498535,11.761273384094238,11.761639595031738,11.766884304923147,11.788805995425376,11.812066487018585,11.783965839244914,11.801255226135254,11.807882994969622,11.783231886149046,11.784503389843458,332
12.561505317687988,12.556548118591309,12.559086799621582,12.618937371716068,12.608590168885325,12.609006872010767,12.56778860277832,12.645710945129395,12.571066978362975,12.58869346386486,12.5926636917213,333
12.25057315826416,12.235313415527344,12.230154037475586,12.259076740230334,12.23799790483503,12.171187273544824,12.186123255261556,12.164055824279785,12.189209677094958,12.213743476279287,12.215264859283554,334
12.250814437866211,12.251260757446289,12.251022338867188,12.25117503291281,12.252657708908817,12.171170014580174,12.232441787846916,12.217193603515625,12.19594685414747,12.23040917067683,12.236069294468338,335
12.478727340698242,12.498799324035645,12.495841026306152,12.48236494540428,12.483947696126492,12.394915724763774,12.323506468010894,12.375213623046875,12.381265365933166,12.434953501591723,12.455922864392296,336
12.846430778503418,12.831337928771973,12.823508262634277,12.822468529355264,12.824180532676202,12.773291968036773,12.802678011015537,12.8626127243042,12.80356331147892,12.821119116308505,12.824458582156044,337
12.290055274963379,12.279814720153809,12.278782844543457,12.289387843140528,12.269611592903921,12.317955881069567,12.314469798982463,12.300690650939941,12.274520640276494,12.290587694108174,12.280704388893195,338
12.227035522460938,12.227302551269531,12.227508544921875,12.22678200214949,12.225203476234407,12.158432793906794,12.233155801657896,12.230405807495117,12.231291317658416,12.220790868639385,12.223607562728732,339
11.891093254089355,11.894309043884277,11.90138053894043,11.878440680723038,11.865930293964443,11.870759425226325,11.879286520720722,11.915407180786133,11.93541399228719,11.892446770069103,11.893426439710165,340
12.273505210876465,12.294295310974121,12.296540260314941,12.254220464671267,12.244668574278592,12.23989251554527,12.278908987102584,12.270671844482422,12.277977915848462,12.270075676010457,12.270012523274787,341
11.23445987701416,11.337766647338867,11.338327407836914,11.267504118426691,11.237331368801282,11.406502901860176,11.366988467271835,11.365859985351562,11.366349983698269,11.324565639733308,11.315302286567626,342
11.376220703125,11.333687782287598,11.32861614227295,11.383308392185905,11.420344956485724,11.412026603942705,11.369325949300821,11.389909744262695,11.397736332357637,11.379019622913448,11.380773966308496,343
12.587662696838379,12.560983657836914,12.558148384094238,12.556318933134346,12.580344985727343,12.517414716255683,12.509148424552423,12.503371238708496,12.532471980666703,12.545096113090501,12.552452866878692,344
11.378682136535645,11.394055366516113,11.394062995910645,11.41136184568628,11.39388711275246,11.439429963532518,11.427127726416385,11.439867973327637,11.39899596318938,11.408607898207451,11.403879367788589,345
11.790534973144531,11.800748825073242,11.798002243041992,11.780799258880947,11.807986381648062,11.782774457464466,11.794143847375326,11.840729713439941,11.853121923302947,11.805426847041273,11.812732648614402,346
11.847711563110352,11.865135192871094,11.863203048706055,11.872807056357415,11.891351347913504,11.836321153585901,11.839235604320358,11.8272705078125,11.858211524263004,11.855694110993353,11.865313235080633,347
12.149750709533691,12.128362655639648,12.126835823059082,12.121660162251631,12.145656310523185,12.033013817341885,12.074384902338606,12.073981285095215,12.142038186195846,12.110631539108756,12.121657129560298,348
12.113478660583496,12.118070602416992,12.115880966186523,12.121136993490506,12.102930681735376,12.12749906283151,12.13050272589146,12.122742652893066,12.102271368165113,12.117168190466003,12.111726283397976,349
13.012823104858398,13.015785217285156,13.015034675598145,12.992945381484194,12.97982213726245,13.098916206618048,13.111435026981828,13.120278358459473,13.132303807056125,13.05326043506709,13.036138733477658,350
12.620670318603516,12.619067192077637,12.620489120483398,12.596074553634494,12.588015044524571,12.567528819656518,12.630180820271617,12.62120246887207,12.62833067815299,12.610173224030756,12.60746892655218,351
12.189398765563965,12.154420852661133,12.149702072143555,12.184903768054559,12.190869970818802,12.205485022951372,12.213209266455449,12.218273162841797,12.231153207010236,12.193046232055652,12.185651865074407,352
11.416500091552734,11.46613883972168,11.480207443237305,11.484425464459827,11.422936883040938,11.338892795303101,11.470709556040731,11.461587905883789,11.402346702731979,11.438193964663563,11.441672348644273,353
11.573184967041016,11.581354141235352,11.583011627197266,11.56804904933836,11.566020429094078,11.504431061109393,11.538040539965476,11.539580345153809,11.520104522668124,11.552641853644765,11.559599650368318,354
11.935526847839355,11.955747604370117,11.956390380859375,11.920633628146055,11.886865465042636,11.959693543246898,11.969270962776895,11.98078727722168,11.938657816730963,11.944841502914887,11.934842799895451,355
12.024630546569824,12.028545379638672,12.028053283691406,12.045907941578688,12.016282969063923,12.05611327960709,12.058978541155831,12.043695449829102,12.069220296501774,12.041269743070702,12.032445546316618,356
12.020930290222168,12.033596992492676,12.036664962768555,12.033376960769589,12.041497822819602,12.045549916270144,11.99891602790016,12.007814407348633,11.997402059039738,12.02397215995903,12.030315587173153,357
11.874810218811035,11.849143028259277,11.846675872802734,11.863510615499786,11.831535914819927,11.87207524161403,11.854586883746538,11.861784934997559,11.835003846695177,11.854347395249562,11.843996982555387,358
11.62163257598877,11.596795082092285,11.609797477722168,11.68165227210216,11.649313798619998,11.713418882456248,11.700374468529374,11.654672622680664,11.696874317762687,11.658281277550484,11.645052798002009,359
12.592077255249023,12.578588485717773,12.5740966796875,12.621566069775238,12.580127641696254,12.531151504586592,12.497639435159929,12.536785125732422,12.567694727989274,12.564414102843777,12.567482497472918,360
11.931266784667969,11.922713279724121,11.9231538772583,11.888814715166586,11.857238187547125,11.894187613750235,11.897456933997193,11.892029762268066,11.902707703427978,11.901063206423064,11.892506402412089,361
11.873709678649902,11.858879089355469,11.850164413452148,11.83188268350391,11.882003900881202,11.910228914016031,11.867169083446152,11.865103721618652,11.86846319947982,11.867511631600365,11.868504722101063,362
12.157634735107422,12.096748352050781,12.09416675567627,12.133836628282138,12.194856462492947,12.116691939151254,12.136820273346624,12.168347358703613,12.148453314992345,12.13861731331149,12.146147376967166,363
11.652092933654785,11.642990112304688,11.643836975097656,11.64770408103427,11.633843127777135,11.563198260595485,11.585481581274326,11.571974754333496,11.604867140900254,11.616220996330233,11.621063174376696,364
12.107272148132324,12.113964080810547,12.124878883361816,12.142623062859426,12.124498962928557,12.080666593142716,12.108342946425894,12.107102394104004,12.096894029854726,12.111804789068891,12.116578178211043,365
11.703455924987793,11.719117164611816,11.725383758544922,11.73642670290241,11.754785971180187,11.773718056870331,11.710447889146637,11.80726432800293,11.772175243307698,11.744752782172746,11.755161008806972,366
12.040544509887695,12.045744895935059,12.051078796386719,12.04121931106494,12.039830531899918,12.020850298342244,12.041565272663263,12.023448944091797,12.021180433745993,12.036162554890847,12.038262631820606,367
11.957866668701172,11.998723983764648,11.994975090026855,11.970441019729805,11.950905168423372,12.06773975210615,11.991482972913344,11.959385871887207,11.974815675385976,11.98514846699317,11.976889704164977,368
11.850232124328613,11.86504077911377,11.866435050964355,11.872841708378232,11.86564723699778,11.828718838059872,11.887797879483044,11.84839153289795,11.867759065965476,11.861429357354345,11.861494733688096,369
12.013814926147461,12.019680976867676,12.018735885620117,11.99739209175036,11.99802387831108,11.959332026561375,12.001115284246552,12.005026817321777,12.02956673766955,12.00474318049955,12.007507181292798,370
12.083649635314941,12.100756645202637,12.102229118347168,12.081158246119085,12.079081879927614,12.1119948278363,12.091358196166086,12.097051620483398,12.094180047032212,12.093495579603271,12.093362570523748,371
11.6737642288208,11.63212776184082,11.628477096557617,11.688096762447307,11.7344846665174,11.751351048663782,11.641915887066142,11.671740531921387,11.722569169567862,11.682725239267013,11.687748035481617,372
11.70356559753418,11.711421966552734,11.711012840270996,11.680760792452519,11.695885508811,11.67121284936769,11.742587937003975,11.726814270019531,11.721085941228619,11.707149744804584,11.70705065237035,373
11.721525192260742,11.732460975646973,11.731983184814453,11.755620874521883,11.72724062135429,11.740569080635984,11.704456590439184,11.722789764404297,11.717285369084394,11.728214628129132,11.727937965625184,374
12.240177154541016,12.234817504882812,12.236183166503906,12.233825360894716,12.230354820707012,12.198496121686471,12.236947197764808,12.216146469116211,12.236514599840127,12.229273599548565,12.229146492452616,375
10.821998596191406,10.884931564331055,10.8935546875,10.862073150014071,10.889912453737104,11.151457641212138,11.02082222528879,11.023052215576172,11.023103011608669,10.952322838384378,10.940161878310349,376
11.849039077758789,11.838264465332031,11.831230163574219,11.824899976346265,11.847232769409636,11.895136277514226,11.851331423113413,11.778947830200195,11.794542638618564,11.834513846874149,11.828625311679799,377
12.558316230773926,12.56921672821045,12.57370376586914,12.563209740511473,12.547900405635783,12.499413338472626,12.561685795008652,12.555990219116211,12.600800893243576,12.558915235204648,12.5610740722849,378
12.722281455993652,12.727323532104492,12.715632438659668,12.6768729633836,12.723513502184172,12.699263389378288,12.684120668447026,12.83228588104248,12.80890269478581,12.732244058442133,12.744590283050147,379
12.077532768249512,12.092578887939453,12.096123695373535,12.080099113718603,12.109579421692082,12.107251144150188,12.095351308503927,12.118741035461426,12.1146810568255,12.099104270212692,12.10662592156034,380
11.984408378601074,11.984054565429688,11.972896575927734,11.936554556589188,11.958593796159407,12.00012206064101,11.966839055893375,11.935220718383789,11.924197157219051,11.9625429849827,11.958836385225455,381
12.249177932739258,12.257322311401367,12.254989624023438,12.234709170954853,12.219037733962818,12.187881291804224,12.239568351139622,12.24878978729248,12.240126640066562,12.236844760376067,12.236518052776,382
12.216200828552246,12.226451873779297,12.230061531066895,12.228472698533892,12.212147549713027,12.2575840692093,12.242820286830328,12.254682540893555,12.245717299070707,12.234904297516582,12.230921066040498,383
11.314262390136719,11.303629875183105,11.308414459228516,11.27376322144477,11.318064567095398,11.133778850096189,11.184249587265885,11.148067474365234,11.241612948872975,11.247315930409863,11.270837891489261,384
12.522137641906738,12.496443748474121,12.486827850341797,12.537146634098146,12.515524013410781,12.480065198038652,12.458258578234789,12.425765037536621,12.510157749843504,12.492480716876129,12.48963478392632,385
12.12470531463623,12.114009857177734,12.114651679992676,12.142208272575337,12.144741763095446,12.146982673194385,12.12661351263582,12.131877899169922,12.127272021388087,12.130340332651738,12.130536567989507,386
11.252158164978027,11.281490325927734,11.28780460357666,11.24929669491603,11.302495347901587,11.346385940640626,11.316188003295126,11.364665031433105,11.380983307991919,11.309051935628979,11.317484773154447,387
11.84142780303955,11.86689567565918,11.872612953186035,11.845005347086396,11.83002860777028,11.76232023256582,11.829108850698645,11.804652214050293,11.799572790691208,11.827958274971934,11.834059512513624,388
12.183884620666504,12.182181358337402,12.18027114868164,12.179894652254863,12.167509013054037,12.224885516347662,12.193196456799594,12.189315795898438,12.170241722832884,12.185708920541447,12.178779181502629,389
12.963501930236816,12.973954200744629,12.97548770904541,12.976435731073057,12.950804862808472,12.951518136360177,13.002807746431595,12.933703422546387,12.997693101192256,12.9695452044932,12.962048568993719,390
11.805381774902344,11.79999828338623,11.800216674804688,11.820686589039072,11.764388872281607,11.698480473820867,11.717004657537847,11.680715560913086,11.651081521863828,11.748661600949951,11.748625957154124,391
12.360799789428711,12.343523979187012,12.3438720703125,12.343849051551363,12.375365069468012,12.28898201133863,12.297861361330643,12.288527488708496,12.28084586022181,12.324847409060798,12.33637929925482,392
11.53973388671875,11.528463363647461,11.527519226074219,11.56384731444855,11.61647574771937,11.548661401293394,11.584926810938411,11.583782196044922,11.610800046932239,11.56713444375748,11.575962553262237,393
11.332099914550781,11.309605598449707,11.30199909210205,11.332121863881234,11.398583860041182,11.371519061107417,11.297597997392707,11.334656715393066,11.326997338429093,11.333909049038583,11.346016677089942,394
11.628779411315918,11.617613792419434,11.609667778015137,11.63001005025815,11.662785143980521,11.656054072688598,11.635387860307459,11.624555587768555,11.603309300597974,11.629795888594638,11.63171960343047,395
11.773999214172363,11.777438163757324,11.779817581176758,11.767151111514803,11.781501110947545,11.756538272631479,11.740879328174927,11.7459135055542,11.783204314801633,11.76738251141456,11.7744251815787,396
11.733850479125977,11.759835243225098,11.756913185119629,11.723035573979342,11.739971131221985,11.712540075731734,11.74095645116647,11.766989707946777,11.776858127734565,11.745661108361286,11.752300960235123,397
11.890026092529297,11.879868507385254,11.879613876342773,11.881951357169065,11.899129989758908,11.906335436958717,11.953758008870498,11.932230949401855,11.953806435279457,11.908524517077314,11.903474119134206,398
11.184752464294434,11.209657669067383,11.208479881286621,11.244749935052008,11.242938984408195,11.279270782174894,11.216482051137707,11.224313735961914,11.160057751854962,11.21896702835979,11.22124460640152,399
12.254826545715332,12.275815963745117,12.280869483947754,12.26914569919956,12.28027069664201,12.22005693011218,12.224974402783422,12.230586051940918,12.250085754492643,12.254070169842104,12.26645633904883,400
12.478023529052734,12.455519676208496,12.453825950622559,12.41710213250877,12.44794166297457,12.272303394509686,12.368770276630709,12.33755111694336,12.438077064811662,12.407679422695841,12.422623012928874,401
12.195695877075195,12.184548377990723,12.185023307800293,12.191295013638808,12.135434195385542,12.131507314979686,12.160562947279383,12.161484718322754,12.187377824887536,12.170325508595546,12.162045260575422,402
11.55280590057373,11.554823875427246,11.553091049194336,11.553680687128919,11.589304807805462,11.495086314397192,11.540718612753096,11.537707328796387,11.512081134603084,11.543255523408826,11.555268898314772,403
12.398021697998047,12.378256797790527,12.37291431427002,12.40772263434792,12.424379244740287,12.378071006077388,12.389944447566052,12.404581069946289,12.401121612473426,12.39500142502333,12.398248372365753,404
12.050172805786133,12.041810035705566,12.038148880004883,12.052137161246115,12.06036485033515,12.085633857099396,12.050840466287205,12.068788528442383,12.055383846169626,12.055920047897384,12.0547234328542,405
11.928321838378906,11.896404266357422,11.89219856262207,11.936224973245565,11.964079666212799,11.947761007054686,11.923181395394119,11.968987464904785,11.938434543431706,11.93284374640023,11.9358859875811,406
11.666686058044434,11.62431812286377,11.658846855163574,11.692850456192758,11.621720893068167,11.687199368825794,11.685777821618625,11.59096908569336,11.571495580247227,11.644429360190857,11.628546125398216,407
12.023626327514648,12.043482780456543,12.041746139526367,11.993429446350182,12.011770699255722,11.969692823950092,12.026688506136418,12.008644104003906,12.040298829849167,12.017708850782562,12.022492397801427,408
12.548308372497559,12.552349090576172,12.549867630004883,12.53282384545524,12.551306147514262,12.540924870909581,12.49766419068738,12.50829792022705,12.50918840871136,12.532303386287055,12.53932806884435,409
12.707978248596191,12.706006050109863,12.703914642333984,12.685666976139146,12.72304412354502,12.615192254856336,12.650340586922772,12.671228408813477,12.66150633231213,12.68054195818099,12.695880433358976,410
11.539508819580078,11.519889831542969,11.515690803527832,11.518197669957873,11.493716160710916,11.48783983393136,11.51724298610846,11.540994644165039,11.562767183876273,11.521760881488978,11.515501884874782,411
11.80959415435791,11.857256889343262,11.860466957092285,11.799310450855009,11.80711349071963,11.89542124279243,11.87109894496385,11.879369735717773,11.85059780059802,11.847803296271131,11.846220003505326,412
12.45307731628418,12.413043022155762,12.404349327087402,12.448430949631852,12.425686520561452,12.384443131542318,12.39787212464796,12.404031753540039,12.395432816152494,12.414040773511495,12.409384282836678,413
11.546272277832031,11.53353500366211,11.535358428955078,11.569350729730843,11.613663381678476,11.565669556484009,11.55112086689112,11.544302940368652,11.505389189064719,11.551629152740782,11.561546752612095,414
12.429520606994629,12.391014099121094,12.388299942016602,12.401059847606469,12.407128219714828,12.39085992900701,12.432262632661905,12.402872085571289,12.369491368192916,12.401389858987415,12.394901436754242,415
12.172344207763672,12.174261093139648,12.174521446228027,12.175392916448418,12.137889909634595,12.12394226565352,12.164308145143606,12.173995971679688,12.160845528163161,12.16194460931715,12.15773192686173,416
11.962204933166504,11.955131530761719,11.95215892791748,11.958706664781985,11.96982683859261,11.97235960111972,11.966441079193963,11.975130081176758,11.966662634046166,11.964291365639658,11.964214145226332,417
12.382574081420898,12.404169082641602,12.39804458618164,12.352019196044601,12.373825669404548,12.313523265533473,12.43944854682654,12.4321870803833,12.296657588537883,12.376938788552721,12.37912176447497,418
11.578435897827148,11.597951889038086,11.598276138305664,11.590750597154273,11.533657731616948,11.622890546458295,11.630907553966754,11.603392601013184,11.600184455062267,11.595160823382512,11.578885245214972,419
11.8478364944458,11.867796897888184,11.868321418762207,11.85447673537649,11.877723121750666,11.80341041240338,11.838170207963072,11.835874557495117,11.841786012847054,11.848377317659107,11.860125345968735,420
12.111570358276367,12.142000198364258,12.152724266052246,12.143703762039479,12.097321580592686,12.192463167120664,12.185172060109792,12.211223602294922,12.246428357334736,12.164734150242795,12.155073513891168,421
12.288331985473633,12.283808708190918,12.287958145141602,12.302883124699154,12.254589029090127,12.272740005775889,12.24683971921739,12.234305381774902,12.214973346165095,12.265158827280967,12.260070103131424,422
11.603438377380371,11.592950820922852,11.59801959991455,11.623307686757755,11.629198418658438,11.626075461894326,11.64316849910782,11.64784049987793,11.629313732747061,11.621479233029012,11.62084026146059,423
12.631617546081543,12.623146057128906,12.619595527648926,12.63012862052225,12.65105326731442,12.667327282773378,12.647922733553914,12.696247100830078,12.646928172320772,12.645996256463796,12.647159662151576,424
11.843539237976074,11.8489351272583,11.85340690612793,11.85915408532662,11.85203853616066,11.814096995668569,11.854557844101048,11.85132122039795,11.843181306542732,11.846692362173322,11.849281584160359,425
11.797246932983398,11.820186614990234,11.827550888061523,11.841291065323677,11.81950196488598,11.861409114703203,11.858745200885544,11.826817512512207,11.850464783092802,11.83369045304873,11.829147395443814,426
12.394621849060059,12.406234741210938,12.408628463745117,12.475506628156708,12.4523431562738,12.40058097884969,12.416820723004099,12.393758773803711,12.379356076124607,12.414205710025414,12.417539101420854,427
11.623908042907715,11.62767219543457,11.625316619873047,11.633695663768053,11.634307243867877,11.720783462505432,11.673040984139583,11.676458358764648,11.66307366466709,11.65313958176978,11.645421612940558,428
12.179757118225098,12.19629955291748,12.199625968933105,12.198954595178183,12.181403786959066,12.210082382884002,12.17348502815364,12.180076599121094,12.172790862019104,12.188052877154528,12.188313627564305,429
12.11966609954834,12.13001537322998,12.131103515625,12.116975578329985,12.120716108102124,12.10098622353963,12.100519959465545,12.109115600585938,12.093724999996144,12.113647050935853,12.118606425059427,430
11.434196472167969,11.421530723571777,11.420337677001953,11.446669810135685,11.48093329710737,11.496345179389081,11.461588003482783,11.504862785339355,11.472682561305016,11.459905167722333,11.463194921282886,431
11.525885581970215,11.540854454040527,11.53618049621582,11.451327228350772,11.439691120513444,11.523429372175801,11.522559264857524,11.550620079040527,11.558069683186572,11.516513031150133,11.507444557068046,432
11.698213577270508,11.662100791931152,11.656172752380371,11.702291244674328,11.701319771324984,11.702619281580422,11.730033686588364,11.747027397155762,11.709069190964676,11.700983077096728,11.693124204667965,433
12.091736793518066,12.090649604797363,12.09138298034668,12.089998630260055,12.083839809843376,12.079762774125689,12.06450725945553,12.085715293884277,12.078035988323126,12.08395879272824,12.085901180144976,434
11.355381965637207,11.359435081481934,11.360343933105469,11.412308910841004,11.408353159989074,11.356331394048835,11.326761918464712,11.337026596069336,11.363327790509395,11.364363416682997,11.373171562349432,435
12.339816093444824,12.263322830200195,12.25634765625,12.295750118682394,12.30590447635517,12.277942093933353,12.289402607774806,12.258024215698242,12.258337763547267,12.28276087287625,12.274736066708357,436
11.63613510131836,11.629498481750488,11.627128601074219,11.625251544145609,11.596890762958225,11.581023961312914,11.575152253162162,11.601628303527832,11.577775231095666,11.605609360038386,11.605220162902658,437
11.700477600097656,11.673812866210938,11.667398452758789,11.671926368301415,11.664391755226166,11.688710649699516,11.635995591623162,11.615500450134277,11.635737977229896,11.661550190142423,11.656549738884252,438
11.483793258666992,11.48090648651123,11.483628273010254,11.479288803000868,11.489149771603772,11.570698866882978,11.520589464211035,11.43265151977539,11.576615143969901,11.501924620848047,11.493015658621358,439
11.79640007019043,11.796374320983887,11.791606903076172,11.791968144427024,11.784945478154786,11.777278302571666,11.77543232937952,11.777706146240234,11.772480628338425,11.784910258151351,11.784430871732507,440
13.12855339050293,13.092745780944824,13.090888023376465,13.083919471083329,13.101251607780384,13.007743835628247,13.097325414073506,13.079028129577637,12.974355970998703,13.072867958218445,13.075283481092626,441
11.563823699951172,11.554312705993652,11.550079345703125,11.57836566808643,11.629845101230599,11.658625820662825,11.602798259576227,11.642287254333496,11.596718844167318,11.597428522189427,11.601772449040288,442
11.937174797058105,11.932308197021484,11.925755500793457,11.908621717717596,11.897326252509258,11.919362348573651,11.94344497352966,11.901690483093262,11.91629050449628,11.920219419421418,11.911250810448621,443
12.210896492004395,12.194601058959961,12.18820571899414,12.183781427934893,12.176277772605753,12.125695145475557,12.125816450472247,12.130457878112793,12.135984930774148,12.16352409725932,12.166466553156864,444
12.28407096862793,12.280452728271484,12.281631469726562,12.277727023668998,12.263674781637494,12.296350087248719,12.305686322855484,12.300273895263672,12.307886018746668,12.288639255116335,12.282007052155404,445
11.92773723602295,11.935043334960938,11.933341979980469,11.92491597547297,11.950588430973209,11.905915292701362,11.92655385023345,11.927557945251465,11.961019226422765,11.93251925244662,11.939714860222812,446
12.223922729492188,12.230464935302734,12.235986709594727,12.25305950835714,12.26342162591741,12.289807481839897,12.2326076780576,12.216561317443848,12.226951222390374,12.241420356488435,12.24447594656749,447
12.215662002563477,12.212974548339844,12.213912963867188,12.212283576471238,12.187463822164686,12.237721920598904,12.246183715152421,12.205331802368164,12.214528231258269,12.21622917586491,12.20517400076529,448
11.715414047241211,11.732316017150879,11.727139472961426,11.715469352219156,11.747568608562945,11.763724381777637,11.73157241849111,11.74980354309082,11.741818361778162,11.736091800363704,11.741037477908982,449
11.636000633239746,11.624307632446289,11.615418434143066,11.615361239710046,11.673928543219859,11.640158543318533,11.729613770090209,11.73316764831543,11.649344145586793,11.657477843341107,11.65753620383953,450
11.5166597366333,11.534342765808105,11.540696144104004,11.532997825024744,11.516637368696488,11.510235855274114,11.492846437327618,11.515049934387207,11.510279420265972,11.518860609724618,11.523788609342844,451
12.428875923156738,12.387184143066406,12.38168716430664,12.369007618509725,12.41188013143987,12.27654519459062,12.320298264850054,12.316764831542969,12.3276095456576,12.357761424124513,12.37043241137013,452
12.243731498718262,12.246818542480469,12.246683120727539,12.250385006291598,12.26503934055191,12.259472060646226,12.236889117389165,12.203960418701172,12.201325798667485,12.23936721157487,12.242411693011377,453
12.210626602172852,12.21943473815918,12.221113204956055,12.202475199873842,12.22272435526061,12.391634351820496,12.32521647131927,12.32199478149414,12.306919041060981,12.26912652734638,12.25554515915271,454
11.989875793457031,12.009529113769531,12.020678520202637,11.995270511211178,11.977873929706176,11.949039910176719,11.928230867383572,11.897841453552246,11.970774645852133,11.971012749479025,11.978687215779876,455
12.044795036315918,12.051532745361328,12.0546293258667,12.052722571672769,12.049261676714096,11.99946611635013,12.031513555293403,12.025053024291992,12.024349879934501,12.037035992422314,12.042036533714265,456
11.404451370239258,11.420340538024902,11.425542831420898,11.400761129535988,11.407223926655238,11.342382631727114,11.292658667506391,11.37794017791748,11.410994963296801,11.386921804036009,11.406028879267629,457
12.145085334777832,12.12308120727539,12.137175559997559,12.198901007917637,12.234221183958867,12.286713597140974,12.225319879507046,12.13249683380127,12.157316972774243,12.182256841905646,12.179914994443749,458
11.941901206970215,11.93916130065918,11.941189765930176,11.94439174828961,11.967070244581933,11.974377304034007,12.02871756679212,11.973589897155762,11.979371253254714,11.965530031963079,11.960699691897482,459
11.683568954467773,11.734065055847168,11.740748405456543,11.684030739269417,11.707284992503917,11.696745759667806,11.705396458227073,11.66087532043457,11.645498094323228,11.69535708668861,11.704914861736139,460
12.386882781982422,12.386900901794434,12.384657859802246,12.400588569409031,12.422524931854426,12.415060679357149,12.445189943969684,12.436156272888184,12.38148159434241,12.406604837266665,12.406390327700349,461
11.946172714233398,11.926356315612793,11.928590774536133,11.946270855869008,11.90761035096574,11.885860333799771,11.834835189684709,11.90223217010498,11.91099590677887,11.909880512398379,11.913296150454201,462
12.124399185180664,12.075636863708496,12.068634033203125,12.066672142269088,12.112805132577765,12.136749487639618,12.116037845554299,12.105939865112305,12.12131686753503,12.103132380308931,12.098593651199677,464
11.671759605407715,11.66071605682373,11.657769203186035,11.661934055674685,11.635709854511392,11.699469009091377,11.65717779393944,11.696718215942383,11.679866699311637,11.669013388209821,11.66085002394065,465
12.045382499694824,12.035285949707031,12.036396026611328,12.051969727497461,12.039828267742132,12.117746127304379,12.048449227610075,12.056560516357422,12.064031372881214,12.055072190600653,12.048167265996232,466
12.092864990234375,12.107330322265625,12.112175941467285,12.069736113216091,12.14913645674739,12.102349133378318,12.081424010567726,12.061094284057617,12.070539259259343,12.094072279021532,12.11204466133684,467
11.992755889892578,11.980352401733398,11.977560997009277,11.972621703344842,11.967500044563941,12.012833693174352,11.953490963681096,11.94710922241211,11.96341230486785,11.974181913408826,11.970184633891158,468
12.41103458404541,12.403185844421387,12.401796340942383,12.414177882918143,12.414021008941107,12.415454081305182,12.360289585157675,12.392387390136719,12.3879048799767,12.400027955316078,12.403811125088728,469
12.069658279418945,12.073399543762207,12.075404167175293,12.09390600674245,12.078298670793362,12.145491103871816,12.108928743161604,12.118757247924805,12.10935979002142,12.097022616985766,12.090444421680758,470
12.30274486541748,12.303481101989746,12.296792984008789,12.238896539233863,12.310720141985474,12.209781802532781,12.269052290470553,12.328213691711426,12.370296975382834,12.292220043636993,12.309057150693567,471
12.195566177368164,12.17318344116211,12.180093765258789,12.209622808279383,12.209694355839801,12.147230491287415,12.168798872038964,12.176753997802734,12.21950097020301,12.186716097693374,12.191941768123163,472
11.8196439743042,11.824445724487305,11.830107688903809,11.818439888949694,11.80808624868207,11.890010737305486,11.823294129215274,11.838547706604004,11.85130499156208,11.833764565557102,11.829656697375825,473
12.786493301391602,12.789527893066406,12.78946304321289,12.799309853336796,12.791471307854055,12.85806176387267,12.807762681740105,12.814516067504883,12.788369208045241,12.80277501333607,12.79764128236802,474
12.431249618530273,12.440157890319824,12.43514633178711,12.381987518380386,12.43100835260929,12.487372842799425,12.411672278412274,12.471464157104492,12.490618434856597,12.442297491644407,12.448082204558272,475
11.869158744812012,11.857392311096191,11.855786323547363,11.885425456943889,11.86643013556343,11.857916484478976,11.846488098406692,11.830561637878418,11.841018512436234,11.856686411684802,11.854185275398738,476
12.319856643676758,12.306551933288574,12.300209999084473,12.300968726390423,12.302073378413803,12.29104874740796,12.227189075343954,12.229806900024414,12.235844317381948,12.2792833023347,12.282999198312401,477
12.81773853302002,12.820881843566895,12.82264232635498,12.834335955861633,12.826836427258888,12.834460107453559,12.869955443358277,12.82945442199707,12.870314673432738,12.836291081367117,12.830882411180093,478
12.602052688598633,12.611291885375977,12.613044738769531,12.608035425451565,12.624367982631936,12.640674852582002,12.640137378716048,12.650835990905762,12.638095108403167,12.625392894603845,12.626709466773647,479
11.658674240112305,11.66973876953125,11.66754150390625,11.661572488822532,11.71186407855204,11.648626515019055,11.664242974728102,11.681772232055664,11.697096965184972,11.673458863101352,11.686669450311161,480
12.740715980529785,12.753605842590332,12.75804615020752,12.763112428911548,12.742072323661816,12.716382067224279,12.736984910126182,12.782405853271484,12.749093915580593,12.749157719122614,12.752897497892395,481
12.806022644042969,12.786660194396973,12.786200523376465,12.781652224282523,12.80062809979449,12.751233993163444,12.817077650455838,12.797645568847656,12.776298530103954,12.789268825384925,12.789670291050763,482
12.066158294677734,12.011635780334473,12.006848335266113,12.034056608322452,12.044231843030637,11.982368588786207,12.066637990027647,11.994619369506836,12.035600658580995,12.026906385392564,12.019338954605852,483
11.98153018951416,11.989842414855957,11.997659683227539,11.983968010780037,11.980937749841344,11.986363088379338,11.967629646375926,11.966910362243652,11.953939841963365,11.978753443020146,11.9821338513138,484
11.800480842590332,11.80238151550293,11.800515174865723,11.799413147591874,11.796525510718691,11.765686562808357,11.834558706777623,11.805889129638672,11.825022348232974,11.803385882080798,11.800612359447538,485
11.917792320251465,11.903356552124023,11.902006149291992,11.961385520043278,11.917524337138786,11.950844517932198,11.951891700387252,11.914604187011719,11.957448349401544,11.930761514842473,11.917872541002737,486
11.9356050491333,11.924091339111328,11.9212646484375,11.930058053345832,11.934685791165052,11.899646872657335,11.900647173237443,11.898788452148438,11.903893112077869,11.916520054590457,11.919361021656918,487
12.12600326538086,12.11922836303711,12.118050575256348,12.104825235232909,12.097542041578965,12.16689374122318,12.107442828883801,12.096267700195312,12.099806480554834,12.11511780348259,12.108767592729773,488
11.680127143859863,11.725424766540527,11.750370979309082,11.755327156001686,11.706556139700417,11.722876644782577,11.614939394152536,11.642905235290527,11.712325207341134,11.701205851886483,11.714112973091737,489
11.415902137756348,11.439109802246094,11.437895774841309,11.443027853335833,11.390395855798237,11.579376535817547,11.445788436894237,11.494149208068848,11.507476641721455,11.461458027386657,11.445803204733805,490
11.588906288146973,11.607398986816406,11.620583534240723,11.616587810225504,11.534593322601555,11.639375849315458,11.57612043655015,11.551023483276367,11.624222021432765,11.595423525845101,11.582856303805045,491
11.876689910888672,11.88270378112793,11.88776969909668,11.907416964189046,11.872181563219241,11.880767334935909,11.948169598123782,11.881101608276367,11.88928921042526,11.891787741142544,11.88130134812318,492
12.1031494140625,12.087262153625488,12.087454795837402,12.105256533054735,12.11474612200131,12.042861950550746,12.051349747835184,12.027228355407715,11.989481437155012,12.067643389947788,12.074645245901776,493
11.931690216064453,11.919564247131348,11.91272258758545,11.894135642730758,11.894811189881686,11.882296126391275,11.93485028171025,11.89006233215332,11.9002133224994,11.90670510512755,11.900260315005763,494
11.43911075592041,11.44559097290039,11.4481840133667,11.476961850184173,11.466419178431067,11.504150374517215,11.50584826682968,11.533641815185547,11.492724799670762,11.479181336333996,11.474921651433432,495
11.097738265991211,11.03231143951416,11.056306838989258,11.17178428737396,11.257456802775831,11.188003847128876,11.159127617887595,11.009411811828613,10.971145740585264,11.104809628008306,11.115497631062144,496
12.94163703918457,12.915080070495605,12.910160064697266,12.92649153523993,12.905632060285509,12.968136563501986,12.833627227192677,12.847764015197754,12.863454202554655,12.901331419816662,12.89773090682736,497
12.07166862487793,12.077194213867188,12.07285213470459,12.022694785620333,12.051455753540846,12.102781497715206,12.110490417121156,12.092171669006348,12.070830814816398,12.074682212363335,12.069987813952672,498
11.79072093963623,11.788678169250488,11.78508186340332,11.788819028833094,11.785251993833725,11.826233740390437,11.80630885782845,11.789310455322266,11.818738126571366,11.797682575007709,11.791754651720778,499
11.690096855163574,11.721068382263184,11.717283248901367,11.747807358081289,11.749222869102177,11.743472885153412,11.752037577983643,11.744449615478516,11.772895698717065,11.737592721204914,11.739544268838516,500
11.619388580322266,11.608576774597168,11.610084533691406,11.604082363688693,11.616066618799454,11.646641113993136,11.65230381504826,11.658692359924316,11.629580002630897,11.627268462521734,11.62345462472075,501
12.262338638305664,12.250514030456543,12.248714447021484,12.252084603615497,12.285915905852853,12.326828482230967,12.272084592844337,12.28322982788086,12.27580726005197,12.27305753202891,12.273726223566925,502
11.906257629394531,11.896726608276367,11.902937889099121,11.882203987263576,11.81820602018474,11.837425302554992,11.848931962133795,11.849550247192383,11.826095912235397,11.863148395370546,11.854492299730165,503
12.577548027038574,12.608675003051758,12.601048469543457,12.461428465395802,12.564410411027154,12.445732668570335,12.52008417539933,12.555197715759277,12.539990041101246,12.541568330765214,12.566464932182976,504
11.808977127075195,11.804498672485352,11.81132698059082,11.805154285587045,11.841685398569307,11.840973809022463,11.865994363861466,11.866205215454102,11.855382458582728,11.833355367914272,11.836084918719784,505
11.700441360473633,11.724748611450195,11.735547065734863,11.692704847633976,11.688568782254094,11.703390009624433,11.667852781510984,11.706225395202637,11.673309984243504,11.699198759792035,11.706846954239918,506
12.302512168884277,12.307765007019043,12.31035041809082,12.29974680487675,12.299510725024046,12.310617695446505,12.334898666601154,12.290584564208984,12.334061282858098,12.310005259223297,12.306366079982583,507
12.104256629943848,12.10647964477539,12.105914115905762,12.102975233480402,12.110536729309501,12.143028662863514,12.11600858785579,12.097273826599121,12.11853108835963,12.111667168788108,12.109688876466446,508
12.066418647766113,12.026369094848633,12.021925926208496,12.050836184065446,12.030775732908833,12.000479743137328,11.9760743741952,11.983949661254883,12.001905657842192,12.017637224691903,12.01592510865864,509
11.88045883178711,11.870497703552246,11.868683815002441,11.883751118542168,11.88508478772049,11.896231484111166,11.880959434076075,11.87238883972168,11.85715687086867,11.877245876153559,11.875086894142068,510
11.905678749084473,11.947381973266602,11.958585739135742,11.869148470368774,11.951908472639223,12.083626881568629,11.988010616196739,11.898087501525879,11.924797480041764,11.947469542647536,11.950951306673542,511
12.201265335083008,12.1825590133667,12.178271293640137,12.184794686424695,12.186862821053055,12.195865642291103,12.17395684938127,12.178313255310059,12.172064651639541,12.183772616465507,12.181509164691631,512
11.635126113891602,11.62590217590332,11.625571250915527,11.64589033426962,11.654403920505068,11.765117392889007,11.731108017850902,11.749382019042969,11.732147824114543,11.68496100548695,11.673012683420666,513
11.899392127990723,11.883810043334961,11.882363319396973,11.891868361715288,11.908333206565114,11.875023634888407,11.850749237849547,11.895516395568848,11.870688772204835,11.884193899946077,11.891363786347144,514
11.486674308776855,11.507262229919434,11.501310348510742,11.485998940981585,11.577050916831354,11.520713226770619,11.512990550307416,11.456811904907227,11.518994122168744,11.507534061019333,11.523288546080977,515
12.88545036315918,12.889577865600586,12.890585899353027,12.879092859692038,12.895493470087507,12.917121622216554,12.933448530223046,12.911338806152344,12.970187482385224,12.908032988763278,12.905409605865112,516
12.067094802856445,12.076099395751953,12.074699401855469,12.062657586580642,12.11577020170227,12.022210978683082,12.057590371618542,12.077315330505371,12.037454357125682,12.065654714075496,12.081885154433142,517
12.46557903289795,12.469022750854492,12.467423439025879,12.448988040049205,12.500749878675343,12.573904776520411,12.536939716380573,12.51452350616455,12.53815515057306,12.501698476793496,12.499320786505855,518
12.223651885986328,12.209610939025879,12.20527458190918,12.211246678843555,12.255936850759719,12.203720803390452,12.174950611992355,12.184468269348145,12.177044695732546,12.20510059077646,12.216135852938393,519
12.456195831298828,12.444497108459473,12.440947532653809,12.44443765565531,12.478430097243397,12.446652181176407,12.387534048898026,12.432262420654297,12.460954940333602,12.443545757374794,12.454779174127903,520
11.457498550415039,11.45075798034668,11.454188346862793,11.466672860117185,11.547197375569578,11.539785484489803,11.44990355768362,11.443499565124512,11.448073777022563,11.473064166403528,11.488183405480228,521
11.974592208862305,11.953208923339844,11.956241607666016,11.975600737668431,11.944692894414942,11.901343505132388,11.961991374254792,11.923078536987305,11.945787688238646,11.94850416406274,11.943195197709631,522
12.015279769897461,12.002724647521973,11.999109268188477,11.989087854798818,11.979964823594806,11.963365075972854,11.951389575473593,11.91260051727295,11.93961649967898,11.97257089248888,11.971455452520523,523
12.577223777770996,12.571179389953613,12.567628860473633,12.588264900296835,12.618297455058407,12.617917104871765,12.615191730262378,12.607529640197754,12.595064625742236,12.595366387180848,12.596410547386803,525
12.188347816467285,12.17862319946289,12.17308521270752,12.148325804264212,12.170223100397,12.119937638830836,12.146586277224396,12.123815536499023,12.127876855823692,12.152980160186317,12.15694094165302,526
11.779068946838379,11.782959938049316,11.786269187927246,11.803533672407275,11.843834462624752,11.781398774907577,11.775438231600694,11.75821590423584,11.809209124895807,11.791103138165207,11.803723435891579,527
12.98732852935791,12.988452911376953,12.987337112426758,12.995398489272006,13.027174537489024,13.033363535838737,13.02602604418964,13.030095100402832,13.021119964338903,13.010699580521417,13.01333287930174,528
11.327781677246094,11.339484214782715,11.342522621154785,11.28820650415065,11.336150298218111,11.300415341032595,11.213858340311285,11.27199935913086,11.311396061725278,11.30353493530582,11.324221143115691,529
12.401386260986328,12.42848014831543,12.428439140319824,12.407082603512073,12.425658422129924,12.484410210616048,12.40216747784706,12.329156875610352,12.426547265940696,12.414814267253082,12.415892764192025,530
12.083789825439453,12.09583854675293,12.103022575378418,12.09903368696208,12.08119953720562,12.134714656861362,12.115759343831387,12.104835510253906,12.041639074823493,12.095536973056518,12.091128945369379,531
11.820572853088379,11.834192276000977,11.830193519592285,11.82542787359321,11.795132395297038,11.8757757857847,11.817602607932786,11.784379005432129,11.752086524620989,11.815040315704723,11.805821638207732,532
11.522405624389648,11.491470336914062,11.495595932006836,11.527486061726625,11.530574922867604,11.526447328986626,11.52412770345015,11.483362197875977,11.483077425597015,11.509394170423839,11.505991560092738,533
10.699495315551758,10.680047988891602,10.658461570739746,10.641530922366465,10.716214780972527,10.94513104218469,10.966116736682057,10.906990051269531,10.807026774474048,10.780112798125824,10.74696786940186,534
12.161613464355469,12.190088272094727,12.195205688476562,12.15788469633469,12.12599629983868,12.131207404465775,12.145214913274973,12.129012107849121,12.157881116175341,12.154900440318372,12.154456258269468,535
11.798016548156738,11.796675682067871,11.79813289642334,11.828296032500761,11.781719352074507,11.862469287285462,11.844380784978059,11.846307754516602,11.857110011590484,11.823678705510424,11.809752782111326,536
12.173568725585938,12.172834396362305,12.172135353088379,12.171765567694788,12.162425621296572,12.119244972190751,12.185756806034309,12.165685653686523,12.159153586301198,12.16473007580453,12.163482523287984,537
11.691096305847168,11.71920394897461,11.717877388000488,11.684821877383763,11.708183164931846,11.691310248340345,11.739797991821398,11.687926292419434,11.70846775673286,11.705409441605768,11.707665075882641,538
11.829272270202637,11.838815689086914,11.840927124023438,11.832090643222925,11.828867007321396,11.883238156771279,11.849823184294571,11.856024742126465,11.852705465182101,11.845751586914638,11.842785253189923,539
12.418086051940918,12.407389640808105,12.406333923339844,12.404243925008995,12.396437519748265,12.457503269284496,12.440784722048798,12.443032264709473,12.450774103425678,12.424953935590509,12.416134792812088,540
12.73888111114502,12.741328239440918,12.740954399108887,12.747112292820479,12.74403088283784,12.794037345288709,12.799520070254882,12.828524589538574,12.795554224861542,12.769993683921873,12.76381895785966,541
12.45267105102539,12.46957778930664,12.470087051391602,12.426942153731266,12.45931885488206,12.43819149785085,12.423630303724632,12.404666900634766,12.409110357625979,12.43935510668591,12.448418616679898,542
12.239590644836426,12.242751121520996,12.25417423248291,12.280330425275356,12.198483909632756,12.298387506728227,12.27717880875647,12.297140121459961,12.285079626029434,12.263679599635838,12.24761580687196,543
11.796987533569336,11.812984466552734,11.81095027923584,11.831181076478613,11.855566947709795,11.90150469722491,11.853009636043875,11.820405006408691,11.869635684646452,11.83913614754114,11.838894748753065,544
12.287182807922363,12.293868064880371,12.298859596252441,12.285186044883888,12.259292228959126,12.148237772436952,12.20552247237926,12.206130981445312,12.234217590152847,12.246499728812507,12.25627140584264,545
12.347246170043945,12.34345531463623,12.346065521240234,12.343140797498194,12.354844868380248,12.372974457655214,12.359471887538193,12.381505966186523,12.379955782600804,12.35874008508662,12.359440691466727,546
12.119427680969238,12.114156723022461,12.109528541564941,12.071426549180472,12.138131484872417,12.124155694542514,12.087638500798363,12.077066421508789,12.089713100187625,12.103471632960757,12.113081462997467,547
11.739460945129395,11.736676216125488,11.738638877868652,11.734690057223988,11.731197544022294,11.79282774565053,11.738812860448876,11.748907089233398,11.776762700973011,11.748663781852848,11.74486714270515,548
11.668489456176758,11.685582160949707,11.686444282531738,11.708678579732371,11.708564865809144,11.797094220537105,11.742265552929126,11.761090278625488,11.77927453855759,11.726387103983225,11.721247698960447,549
12.321409225463867,12.336682319641113,12.335236549377441,12.314627245081631,12.345690221908901,12.346650929652627,12.307486369045831,12.3021240234375,12.313792967545128,12.324855539017115,12.332221771448419,550
11.822347640991211,11.808282852172852,11.803512573242188,11.843865115552665,11.890330079152369,11.81281640329812,11.79886910607828,11.823774337768555,11.808701963295317,11.823611119061285,11.836825590903757,551
11.641987800598145,11.642776489257812,11.637372970581055,11.617919977562265,11.607406216923621,11.651589763420967,11.64746741167675,11.668073654174805,11.650633228816957,11.640580834779152,11.634047108997272,552
12.501818656921387,12.492205619812012,12.491631507873535,12.491605992444754,12.49957646384052,12.54543829562338,12.476303926698312,12.510619163513184,12.522650246154289,12.503538874764596,12.503535690540275,553
11.564764976501465,11.549696922302246,11.54594612121582,11.579720396321289,11.557142358367837,11.628754418287873,11.571513853207058,11.572513580322266,11.607175706917278,11.575247592604793,11.564985474603118,554
12.507896423339844,12.498279571533203,12.496759414672852,12.515960044814303,12.540290549719375,12.464911814726086,12.418563154796864,12.447784423828125,12.449107512709974,12.482172545571181,12.497239161453807,555
11.642799377441406,11.623291969299316,11.614989280700684,11.612560984585128,11.599475047411563,11.715977470363626,11.688128742196922,11.67082405090332,11.611215266189614,11.642140243232397,11.623364865545913,556
11.866983413696289,11.863031387329102,11.865522384643555,11.836449974731734,11.84030593376016,11.892091938195605,11.88994217554208,11.88995361328125,11.873472338772308,11.868639239994675,11.86300810851453,557
11.52983570098877,11.403264045715332,11.421006202697754,11.662895262381232,11.626522369029534,11.701226680171045,11.657081900089013,11.418819427490234,11.326115512571603,11.527418566792726,11.495711578808761,558
12.245861053466797,12.238921165466309,12.244763374328613,12.228518255965863,12.246535940666817,12.186480772739136,12.252695023914118,12.191768646240234,12.2106322447125,12.227352941944487,12.230533299489432,559
12.158305168151855,12.155220985412598,12.154854774475098,12.14897618988922,12.155557471675262,12.198649956239626,12.15023655645967,12.167755126953125,12.158443302760507,12.160888836890772,12.159888273945814,560
12.067741394042969,12.045480728149414,12.039295196533203,12.05599877008039,12.103800415209813,12.036713260208284,12.022997541279222,12.009042739868164,12.045994177186149,12.047451580284179,12.05714037901922,561
11.985490798950195,11.978982925415039,11.98025131225586,12.024848603321523,12.016601940594205,12.032990268385992,11.99793745283533,12.01855182647705,11.988216138803606,12.00265236300431,12.002013761287774,562
11.674527168273926,11.658163070678711,11.659035682678223,11.74002457561421,11.738433519939885,11.627490659053526,11.66794857424489,11.632580757141113,11.651227975290363,11.672159109212762,11.679228482783808,563
12.045462608337402,12.055343627929688,12.059194564819336,12.084032981895062,12.076642798859496,12.021546501576058,12.077516417928807,12.082298278808594,12.042282401748622,12.06048002021145,12.06448705242994,564
12.486085891723633,12.478615760803223,12.472732543945312,12.458951374014804,12.490753357376946,12.429119040814422,12.455049542518353,12.464715003967285,12.475663183900695,12.467965077673853,12.475437491812544,565
11.777787208557129,11.724602699279785,11.716233253479004,11.724823698228093,11.723895237191936,11.69132901175971,11.686349616377822,11.70271110534668,11.686945426869107,11.714964139676585,11.712233096225289,566
12.679817199707031,12.709389686584473,12.705184936523438,12.647123889117204,12.679816618643757,12.708128411992345,12.705688975359712,12.65662956237793,12.716701970752544,12.689831250117601,12.690906914734404,567
12.193340301513672,12.179302215576172,12.177114486694336,12.174931222985048,12.198464530777319,12.21325499349068,12.172843335225929,12.200265884399414,12.183821151193603,12.188148680206242,12.190508061729071,568
12.5618257522583,12.576700210571289,12.576827049255371,12.6007177887466,12.568619757878162,12.48104957380867,12.519119855262998,12.522584915161133,12.48167364728864,12.54323539447013,12.550314195070124,569
11.864154815673828,11.840706825256348,11.836915016174316,11.832601091116047,11.801983962548396,11.887574645754775,11.890921239481253,11.843169212341309,11.86406120793606,11.85134311292026,11.831907284259941,570
11.897663116455078,11.911275863647461,11.917025566101074,11.870889125736774,11.855326941572958,11.89616202614111,11.854533239214023,11.844602584838867,11.880442219996834,11.880880075967132,11.88044118448655,571
11.637401580810547,11.646880149841309,11.652669906616211,11.641635776059772,11.636429313660253,11.677580874907521,11.618981029269236,11.65273380279541,11.682632170971912,11.64966051165913,11.651873299052028,572
12.273316383361816,12.284473419189453,12.287959098815918,12.280408593641875,12.253348958230163,12.26891124063516,12.324489952560192,12.286971092224121,12.332773049900116,12.288072420950979,12.279905258081715,573
12.052237510681152,12.042555809020996,12.039484024047852,12.026493401243663,12.037658299006448,12.031514007966727,12.042631606482834,12.059525489807129,12.041613680842191,12.041523758788777,12.041592328080094,574
11.7205171585083,11.736682891845703,11.737170219421387,11.7358448096368,11.723113046968507,11.706296099424122,11.695359484221234,11.728357315063477,11.748460885994598,11.725755767898237,11.730588382009906,575
11.631118774414062,11.651890754699707,11.652267456054688,11.63425804558928,11.649320349446956,11.581299728133224,11.618439643399382,11.648651123046875,11.651488633365874,11.635414945350005,11.646590473712907,576
11.852750778198242,11.842663764953613,11.842244148254395,11.848022176216524,11.857016949049198,11.881205479670301,11.915911152823647,11.94201946258545,11.946752480260697,11.880954043556898,11.875423621007714,577
11.97388744354248,11.982748985290527,11.98149299621582,11.991100318558912,12.03026580631294,11.995563250637321,12.002871633994431,12.002969741821289,11.966697281925084,11.991955273144312,12.000288127118667,578
11.956387519836426,11.960349082946777,11.961459159851074,11.957226033554347,11.980398532663191,11.980806065373681,11.972215743070716,12.01212215423584,11.957616418306221,11.970953412204253,11.975988793036624,579
11.798982620239258,11.818676948547363,11.817208290100098,11.764580893372235,11.81594321531917,11.825812002216148,11.756820900206986,11.803739547729492,11.779223572264996,11.797887554443973,11.811191415584108,580
12.095724105834961,12.103581428527832,12.10651969909668,12.105018756428784,12.091661542163685,12.119430704577566,12.11555147409927,12.12425422668457,12.107600552329831,12.107704721082575,12.10498331422389,581
12.755549430847168,12.74730110168457,12.74319076538086,12.743947261247285,12.74569990764612,12.849997988072227,12.815929697074434,12.791805267333984,12.855943616811443,12.783262781788677,12.76948891830221,582
11.610647201538086,11.61669635772705,11.618926048278809,11.527175354452137,11.512921571843671,11.712238204327276,11.70338628474963,11.66224193572998,11.675762083972328,11.626666115846552,11.601089638760895,583
12.472811698913574,12.48179817199707,12.488903999328613,12.502748849941296,12.44669396651942,12.449595701027107,12.516937914047332,12.607651710510254,12.492564873792961,12.495522987341959,12.49031061786837,584
11.818934440612793,11.811933517456055,11.808256149291992,11.784924579586693,11.739676120062057,11.81366804164715,11.81797216669203,11.83556842803955,11.787912508155248,11.802093994615952,11.787294850670696,585
12.752403259277344,12.771121978759766,12.77486801147461,12.774383748766635,12.736487923967216,12.855503743985958,12.860732755927753,12.837646484375,12.819935696154214,12.798120400298723,12.780672437926734,586
11.73766040802002,11.733994483947754,11.731855392456055,11.731362152615468,11.70276920118921,11.731404329292202,11.759951591866141,11.763627052307129,11.750521105644292,11.738127301926475,11.728726572049824,587
11.77871036529541,11.792051315307617,11.790264129638672,11.777663430304058,11.832153200698457,11.849780709813745,11.839419736642489,11.843955993652344,11.832815509540655,11.81520159898816,11.820280350221157,588
12.520965576171875,12.525766372680664,12.515303611755371,12.427333730804893,12.503997455390778,12.353275270813159,12.400947540082313,12.394731521606445,12.414982048282354,12.450811458620871,12.473627821262529,589
11.474878311157227,11.478188514709473,11.464224815368652,11.43317189418688,11.475266679269119,11.575245839338269,11.534673320440826,11.603647232055664,11.551201093132773,11.510055299962099,11.504221436642425,590
12.151695251464844,12.15726375579834,12.161563873291016,12.147431899446023,12.16640095169129,12.17286498283927,12.164695065105802,12.149967193603516,12.155873757273646,12.15863963672375,12.161519232653312,591
13.012822151184082,13.015260696411133,13.0094633102417,13.024377763778114,13.025346646049911,12.964384842966203,13.052579357580083,13.00487232208252,13.029756677570637,13.015429307540487,13.013743612819738,592
11.874152183532715,11.87887191772461,11.882111549377441,11.87283073293754,11.885264413942155,11.921834584347875,11.850296185211365,11.85082721710205,11.864705978980508,11.875654973684028,11.878965993571992,593
11.831097602844238,11.825472831726074,11.824217796325684,11.842565339949292,11.841189847958073,11.871799863394944,11.861936319809114,11.858826637268066,11.85703199820234,11.84601535971976,11.841298412469515,594
11.63232135772705,11.635918617248535,11.63415241241455,11.644517139554631,11.669558553582995,11.66711196176883,11.669862210114829,11.670295715332031,11.683525253062353,11.656362580089533,11.65861654810389,595
12.737127304077148,12.730045318603516,12.722291946411133,12.692773155710436,12.745936529425826,12.721899901781345,12.69243536936242,12.725214004516602,12.77463191961149,12.726928383277768,12.73631370953359,596
11.603887557983398,11.611690521240234,11.615924835205078,11.597497085091241,11.580139262492628,11.683679634264264,11.65012503124841,11.661764144897461,11.649770345730849,11.62827537979484,11.618159483031668,597
12.225391387939453,12.237313270568848,12.236572265625,12.232171946979246,12.246617680704366,12.14486060483156,12.164928401966925,12.138653755187988,12.191303912099924,12.20197924732259,12.215396685405445,598
12.270201683044434,12.282341003417969,12.276899337768555,12.23505201602881,12.27882785234489,12.243405564645682,12.19739416779477,12.163094520568848,12.233923227264047,12.242348819208665,12.254236611294173,599
11.880383491516113,11.87364673614502,11.880951881408691,11.865561042669057,11.877785699896176,11.933114418084891,11.946257744255695,11.951820373535156,11.953867969985156,11.907043261943993,11.901180669935815,600
12.548436164855957,12.53613567352295,12.533563613891602,12.537652446563648,12.54232974532383,12.49053872763564,12.465465147947263,12.452958106994629,12.477654480644079,12.509414900819955,12.516147572429851,601
11.743132591247559,11.776333808898926,11.777753829956055,11.783040379543984,11.783901153545173,11.787732697869133,11.7337212403721,11.750198364257812,11.78256834319721,11.768709156543107,11.776859800299478,602
12.287919998168945,12.284587860107422,12.290509223937988,12.312464028138976,12.292527384101989,12.261508640106141,12.30822215736565,12.316039085388184,12.333006596872428,12.298531663798634,12.297873123932018,603
11.950959205627441,11.959848403930664,11.95588493347168,11.92843849067987,11.953568183177907,11.969588906373952,11.939418295741536,11.940431594848633,11.946161400685407,11.949366601615232,11.952565685359662,604
12.308598518371582,12.312186241149902,12.316463470458984,12.316561464783083,12.292214816311265,12.305236872756357,12.266506749898818,12.278148651123047,12.288180189993938,12.29823299720522,12.298960103966722,605
12.211227416992188,12.255332946777344,12.264276504516602,12.217829687686407,12.225270977110387,12.192468534004915,12.219107979488573,12.206753730773926,12.247055076629525,12.226591428219983,12.236697921161648,606
11.914799690246582,11.930895805358887,11.930445671081543,11.922542972147706,11.886645948107951,11.92130816343152,11.927872732521875,11.937762260437012,11.971157129870154,11.927047819244804,11.920644657884186,607
12.161105155944824,12.140296936035156,12.14420223236084,12.143909034778215,12.133440092237475,12.10537770218608,12.10784997808222,12.096606254577637,12.077841434605723,12.123403202312018,12.124180960092625,608
12.590784072875977,12.652509689331055,12.643545150756836,12.502674632431056,12.588579070599778,12.605124656436445,12.679065857204812,12.677580833435059,12.714591484443824,12.62827282750165,12.635513581614676,609
11.633092880249023,11.647319793701172,11.64316177368164,11.637304094291213,11.628840225588966,11.72898310168902,11.706721231114612,11.714982986450195,11.669796213810507,11.667800255619593,11.656706171753145,610
12.677138328552246,12.689689636230469,12.684103965759277,12.681899705287687,12.677847256992473,12.69712004080227,12.731360792260803,12.720208168029785,12.721075371645187,12.697827029506689,12.692049569184228,611
11.914584159851074,11.922515869140625,11.928098678588867,11.933519282047232,11.922712767788195,11.979097876615628,11.94638682617626,11.9541654586792,11.96835769670415,11.941048735065692,11.937392351588102,612
12.46995735168457,12.487621307373047,12.490642547607422,12.474976297925032,12.480302192596346,12.455871972197238,12.43976575981017,12.437060356140137,12.465969377024697,12.466907462484295,12.474615848213364,613
11.777667999267578,11.766605377197266,11.763150215148926,11.799676699464168,11.741910534950375,11.782867883265938,11.798636223549716,11.719225883483887,11.726219361802189,11.763995575347785,11.746674538455839,614
11.326618194580078,11.315332412719727,11.317066192626953,11.357587774000576,11.38373874956993,11.345100079888695,11.303377259157573,11.30748176574707,11.304463450781656,11.328973986563584,11.338354391453292,615
11.92544174194336,11.924765586853027,11.925914764404297,11.930974307044895,11.962515235673127,11.845909626381392,11.845847873195975,11.84416675567627,11.86083964016249,11.896263947926094,11.914594568712104,616
12.127779006958008,12.123971939086914,12.124993324279785,12.144893722419049,12.119088980249128,12.1341996342293,12.133247828493543,12.123614311218262,12.141694949568313,12.130387077389145,12.12513310068186,617
11.644729614257812,11.604236602783203,11.603002548217773,11.636678353433952,11.63370592167473,11.607612945778179,11.608817429578435,11.623147964477539,11.591598405544561,11.61705886508291,11.615340544824697,618
12.698790550231934,12.6848726272583,12.684521675109863,12.791779625710182,12.73333346771388,12.631993445997066,12.69123775027803,12.705611228942871,12.72892712405755,12.70567416614441,12.705847660525576,619
12.642105102539062,12.660346031188965,12.659358978271484,12.672551357480371,12.629901414257004,12.713732646114313,12.680962706095317,12.683631896972656,12.684208017861303,12.669644238975609,12.658811683559982,620
11.12364673614502,11.107187271118164,11.106561660766602,11.141581133681228,11.207821824520652,10.942665151727956,10.979672097010788,10.987686157226562,11.015114673308354,11.067992967278368,11.103894875506978,621
12.431658744812012,12.441512107849121,12.439798355102539,12.40975233335204,12.433617188470983,12.363277054668043,12.38192507711805,12.404181480407715,12.412749767169982,12.413163567661165,12.425166987654938,622
11.790474891662598,11.796723365783691,11.794147491455078,11.776783569716654,11.820002755699397,11.790623280146734,11.78409465556781,11.789321899414062,11.784165239163144,11.791815238734353,11.800864387383553,623
12.053227424621582,12.041070938110352,12.038252830505371,12.055313087842869,12.065153279333728,12.101718536762139,12.071545151158867,12.089949607849121,12.074029038584145,12.06558443275202,12.062422588380153,624
11.987176895141602,11.99796199798584,11.997710227966309,11.995498897076661,11.968739726636347,11.93901837925951,11.940819229325744,11.958309173583984,11.912853629972073,11.966454239660896,11.969627357139176,625
11.835803985595703,11.836312294006348,11.839585304260254,11.955025659945132,11.987019632323328,11.870098394501639,11.81580511965307,11.84499454498291,11.836752950027428,11.869044209477314,11.891475158544832,626
11.710865020751953,11.708662986755371,11.711652755737305,11.736684626461583,11.759432512607363,11.782539817812905,11.72059485837808,11.754240989685059,11.799317998012562,11.742665729578018,11.7475413600979,627
12.036431312561035,12.0485258102417,12.050467491149902,12.022352957245374,12.01365732205732,12.0052640161352,12.062173191372642,12.010807037353516,12.029236856746913,12.030990666095953,12.027349663349487,628
12.148062705993652,12.165375709533691,12.169281959533691,12.160850515777842,12.107313054352165,12.086529195262209,12.134750996992796,12.125726699829102,12.126795507461583,12.136076260526302,12.13267072496893,629
12.043913841247559,11.97467041015625,11.96407699584961,11.97498826173435,12.016083741992656,11.950630490606777,11.988099365391951,11.975543022155762,11.969573931660198,11.984175562310567,11.983101431475838,630
11.578481674194336,11.577945709228516,11.575518608093262,11.620330445498894,11.614319310638223,11.668525372069235,11.564236557933542,11.61816692352295,11.617869318163528,11.603932657704721,11.604767296722631,631
12.30223274230957,12.293517112731934,12.29096508026123,12.29060939752412,12.28706553024634,12.364330777829421,12.322999899307217,12.356039047241211,12.305693930353126,12.312605946422686,12.305026513241158,632
11.846283912658691,11.844090461730957,11.843009948730469,11.848003207252154,11.851202815708925,11.848098520653641,11.893568517918645,11.886442184448242,11.881025634776323,11.860191689319782,11.856558623141382,634
11.810291290283203,11.845708847045898,11.853363990783691,11.816160299445393,11.836673775709393,11.8078740033999,11.79615248758278,11.854269981384277,11.844868327481187,11.82948477812397,11.844351744919692,635
11.984124183654785,11.98391342163086,11.992012977600098,12.145418446275094,12.08953076336502,12.053647788347044,12.146489273170468,12.077606201171875,12.17470065911228,12.071938190480836,12.060711569415702,636
10.785029411315918,10.853845596313477,10.878924369812012,10.877605268448853,10.939295347885833,10.810771106685005,10.840436674696589,10.820109367370605,10.886209819120829,10.854691884627679,10.887477527633227,637
11.513033866882324,11.508607864379883,11.507830619812012,11.499172598597678,11.52513709809963,11.597435840792961,11.568212986425237,11.611321449279785,11.54309802723476,11.54153892794492,11.53783690325775,638
11.428728103637695,11.393750190734863,11.382575035095215,11.321955874072323,11.316252943998467,11.343869219153062,11.36262067265997,11.406333923339844,11.404115750541452,11.373355745914767,11.363844650326518,639
12.472768783569336,12.479275703430176,12.482553482055664,12.484332889339866,12.475532146075988,12.459144822634862,12.502286103448867,12.468810081481934,12.509094197068055,12.481533134344971,12.479689891063407,640
12.612923622131348,12.585711479187012,12.579473495483398,12.575383420222167,12.619829635102988,12.599066347331057,12.5288236336501,12.551445960998535,12.522175221366037,12.574981423941406,12.583874581315076,641
12.392901420593262,12.389342308044434,12.387227058410645,12.394980485939644,12.400877248030096,12.420980084236096,12.387809408187797,12.414399147033691,12.420866183690281,12.401042593796214,12.40139067279201,642
12.817032814025879,12.785940170288086,12.785452842712402,12.797589016610479,12.790965809056027,12.84757970013405,12.88124735828472,12.804545402526855,12.733250188958044,12.804844811399615,12.78804440833061,643
11.887066841125488,11.846364974975586,11.840408325195312,11.869250948125892,11.893072885532948,11.915174316025226,11.934216874346903,11.926173210144043,11.89885426444896,11.89006473776893,11.881364783810294,644
12.766324996948242,12.768306732177734,12.767276763916016,12.754022915971525,12.754199589961933,12.795133477109099,12.813524615308706,12.763608932495117,12.802769022961932,12.776129671872257,12.767762147620012,645
11.816073417663574,11.818049430847168,11.817788124084473,11.813712667894956,11.793623150538586,11.76665627612636,11.765977653147765,11.730822563171387,11.785568419655979,11.78980796701447,11.790439132913296,646
11.51711368560791,11.478153228759766,11.47152328491211,11.544086780424948,11.53292918770952,11.551320203553948,11.494338558836784,11.542089462280273,11.52078263653302,11.516926336513144,11.512482738039006,647
11.886811256408691,11.879837989807129,11.883838653564453,11.933730109925019,11.954683928501542,11.864738220485027,11.892840240037529,11.878120422363281,11.868286147612725,11.893654107633932,11.904080764705448,648
11.956436157226562,11.9498872756958,11.950396537780762,11.96803878502366,12.010190025098876,12.041563256415497,11.978846023886366,12.013422966003418,12.014637414275423,11.987046493489595,11.991972570135744,649
11.281139373779297,11.25348949432373,11.25407600402832,11.21941335036979,11.172318445870493,11.224179094793094,11.2067105676404,11.225292205810547,11.219206717949307,11.228425028284997,11.216827360391951,650
12.22164249420166,12.229914665222168,12.231551170349121,12.213829274804837,12.231599729442895,12.192777669302256,12.197446070237527,12.229714393615723,12.209586320239005,12.217562420823912,12.22670283637387,651
11.62294864654541,11.625090599060059,11.627809524536133,11.615396891102728,11.589265388500701,11.640490542756936,11.693917725491616,11.663814544677734,11.633969643013504,11.63474483396498,11.6215212206394,652
12.160591125488281,12.162924766540527,12.164473533630371,12.161874837491437,12.152377365383407,12.161106859314653,12.182720897137312,12.164830207824707,12.194300546007158,12.16724445986865,12.163480139782262,653
11.830221176147461,11.831917762756348,11.824369430541992,11.837993605618495,11.909614015037082,11.76169585735565,11.752503796485088,11.772666931152344,11.804312783978906,11.813921706563706,11.839707826193877,654
12.768838882446289,12.753642082214355,12.750234603881836,12.785403951188357,12.780439399405054,12.829205199171776,12.885124770801829,12.812231063842773,12.776648931762383,12.793529876079406,12.776911151813103,655
11.466839790344238,11.44827938079834,11.44661808013916,11.435390154437439,11.468635204212148,11.447243873030532,11.394084464493625,11.407508850097656,11.40839988781638,11.435888853929946,11.444185032093026,656
11.907073020935059,11.899333000183105,11.902426719665527,11.90996278506831,11.873743981681205,11.966234026849277,11.919032082665295,11.906169891357422,11.920669197958238,11.911627189595938,11.898945841068779,657
11.998693466186523,11.988302230834961,11.982708930969238,11.97514743955134,12.024619889495934,12.09631073196789,12.069875567112502,12.096200942993164,12.113255272109503,12.038346052357895,12.03413671446987,658
11.705148696899414,11.735107421875,11.739922523498535,11.727224109506015,11.73521844602319,11.769129440812073,11.720032284653177,11.753024101257324,11.761073538941941,11.738431173718517,11.744224941085633,659
12.062294006347656,12.04423999786377,12.045025825500488,12.049475901283934,12.021659692998817,11.95926966747187,11.99332719359811,11.999807357788086,12.024842585558737,12.02221580315683,12.023405803857537,660
12.21356201171875,12.244087219238281,12.24872875213623,12.24992485723741,12.261119975263695,12.20803398879456,12.248195335158119,12.256012916564941,12.257200436999863,12.242985054790205,12.252555853679521,661
12.894819259643555,12.88033676147461,12.879678726196289,12.870973534554302,12.855866068839582,12.786466888564576,12.843579971766573,12.786019325256348,12.858874393946644,12.850734992249166,12.850283502462737,662
11.828060150146484,11.844926834106445,11.849597930908203,11.883125023293097,11.904586562763146,11.899061642766442,11.776553101669522,11.813505172729492,11.750753968750557,11.838907820792599,11.854965828871613,663
11.829510688781738,11.840023040771484,11.839865684509277,11.802748714251097,11.814143034392803,11.787749645374502,11.853183830481806,11.820833206176758,11.840928875491853,11.825442968914592,11.8255290706217,664
12.906685829162598,12.886289596557617,12.88593578338623,12.901332582065475,12.914708059603509,12.839280321466083,12.986217851703843,12.913700103759766,12.882253011820964,12.901822571058453,12.896639948712629,665
12.330883026123047,12.363564491271973,12.370326042175293,12.360324787832598,12.3279542430764,12.390776993642985,12.377941231712859,12.36359691619873,12.377559929516584,12.36254751795005,12.357019707070668,666
12.100253105163574,12.136286735534668,12.138958930969238,12.131933424813177,12.160646784474515,12.1985733388852,12.05615954434452,12.192319869995117,12.136435486645954,12.139063024536219,12.157261995789616,667
12.230749130249023,12.250872611999512,12.249844551086426,12.231942670028896,12.240280119803753,12.297383692961414,12.231247686144231,12.214594841003418,12.226844137373886,12.241528826738952,12.24167652416973,668
12.041565895080566,12.00556468963623,12.000188827514648,12.038095460873931,12.042889375730818,12.008748117571844,11.996816859184404,11.99945068359375,12.019003721831792,12.016924847890888,12.01698233683066,669
11.648906707763672,11.663537979125977,11.667312622070312,11.627743575333536,11.670740939899316,11.683576661995247,11.703878774111383,11.68846321105957,11.692159333835091,11.671813311688235,11.675195641853499,670
12.045188903808594,12.055852890014648,12.05990982055664,12.060313321319333,12.037447302139169,12.071984427636766,12.033167568725789,12.026123046875,12.06144489628354,12.050159130817722,12.048229868080364,671
11.682011604309082,11.657536506652832,11.657537460327148,11.6684347834041,11.630598800213821,11.716874607136312,11.631667440906739,11.660528182983398,11.627648416994838,11.659204200325364,11.6490798261459,672
12.088133811950684,12.069221496582031,12.068459510803223,12.083469272582068,12.091954386034327,12.063538099927783,12.030478193871865,12.041848182678223,12.069001759953856,12.067344968264896,12.072231022543376,673
12.491244316101074,12.488202095031738,12.485567092895508,12.403493103423568,12.414298662888346,12.401178524124875,12.375914112390337,12.420085906982422,12.406599491334285,12.431842589463573,12.438563795376524,674
11.931073188781738,11.948014259338379,11.952746391296387,11.93199772124161,11.926271237010337,11.962846018106037,11.92111498361347,11.915114402770996,11.937661096912617,11.936315477674619,11.937241299371557,675
11.874828338623047,11.863213539123535,11.861398696899414,11.850185263819716,11.866227157359134,11.892656918706123,11.907928690686429,11.911176681518555,11.886167287990261,11.87930917496958,11.874818191340793,676
11.47991943359375,11.511066436767578,11.508498191833496,11.496718930756266,11.47221670417096,11.556536070905189,11.543694659589644,11.607309341430664,11.53732468948742,11.523698273170552,11.516690979727258,677
11.580134391784668,11.600447654724121,11.60435676574707,11.625639063684417,11.579268965693387,11.649347558602544,11.621540979409417,11.601264953613281,11.583891342533802,11.605099075088079,11.595822252538737,678
12.716981887817383,12.723654747009277,12.71660327911377,12.692605790139302,12.702976191041227,12.732233019032874,12.709429195887473,12.744892120361328,12.743625999205477,12.720333581067568,12.719992009401395,679
11.72846794128418,11.743358612060547,11.744071006774902,11.73139944599073,11.780005948794319,11.774466842039132,11.727422211793138,11.763648986816406,11.758781399374826,11.750180266103133,11.762385144941346,680
11.75260066986084,11.763164520263672,11.760968208312988,11.763929240066158,11.774122531497543,11.737115338514426,11.772369493306131,11.76151180267334,11.782699656004688,11.7631646067222,11.766457278080267,681
11.663729667663574,11.644586563110352,11.637863159179688,11.640073492999852,11.615821663078055,11.673105927795408,11.578015783562625,11.629703521728516,11.625792001743713,11.63429908676242,11.629956154726882,682
12.091395378112793,12.057308197021484,12.051817893981934,12.079863442068692,12.118690305521156,12.121634919061718,12.089128534665273,12.102660179138184,12.12546961928522,12.093107607650715,12.09377668901748,683
12.530820846557617,12.529356002807617,12.531726837158203,12.563129272712558,12.50779915087556,12.459433029767679,12.514861111795286,12.467339515686035,12.53425589050267,12.515413517540358,12.510320207099406,684
12.293818473815918,12.28148365020752,12.274364471435547,12.251344028409068,12.296076663394071,12.31385096907601,12.26730175745333,12.254912376403809,12.206622860863964,12.27108613900658,12.273761986573943,685
12.223297119140625,12.24849796295166,12.247876167297363,12.222203745592967,12.21817200814408,12.314964655462653,12.243254041688736,12.280102729797363,12.294813931667562,12.25479804019367,12.251530511265067,686
12.34875202178955,12.352791786193848,12.354264259338379,12.339162767493857,12.351015232403254,12.277960232262915,12.34245442021191,12.336567878723145,12.316077944424041,12.33544961587121,12.342068015105864,687
11.943263053894043,11.945267677307129,11.94797134399414,11.95487333080344,11.925759585046514,11.915516609282136,11.87135245967445,11.891593933105469,11.924841717832727,11.92449330121556,11.927834770657698,688
12.463235855102539,12.494425773620605,12.495635986328125,12.45578556849397,12.446551783363137,12.330206833450612,12.320377635257941,12.314949035644531,12.384324768743015,12.41172147111161,12.431007638558153,689
12.191816329956055,12.154271125793457,12.147395133972168,12.183114535850873,12.179916266466366,12.145710575732112,12.11985990749349,12.09382152557373,12.081984578683846,12.144209997724678,12.143301737933909,690
11.91868782043457,11.914897918701172,11.911739349365234,11.915712782139408,11.920181443244314,11.928888353706359,11.901229981754476,11.899673461914062,11.902088495709418,11.912566622996557,11.91274722830526,691
13.461648941040039,13.47214126586914,13.45759391784668,13.405126076462901,13.470234768766996,13.282049188864486,13.259644758489634,13.291955947875977,13.255966852365328,13.372929079731243,13.405635539857965,692
12.615350723266602,12.629764556884766,12.633347511291504,12.625100691609394,12.619362605096867,12.540526720303866,12.61018187490285,12.564143180847168,12.543297198422085,12.597897229180568,12.603407078433408,693
11.496515274047852,11.519312858581543,11.533937454223633,11.549683762669892,11.523763686621425,11.501598436627777,11.521949267332804,11.515144348144531,11.505003468061703,11.518545395145685,11.522767035108622,694
11.78242301940918,11.772187232971191,11.768011093139648,11.75544562987232,11.813884847999404,11.813680189643382,11.75527284218679,11.776896476745605,11.750386598727431,11.776465325632772,11.785482418497386,695
12.072718620300293,12.082853317260742,12.085646629333496,12.084760373694754,12.059694878116996,12.053427737270212,12.050180105025058,12.039777755737305,12.036923961537608,12.062887042030718,12.063047458592303,696
11.448576927185059,11.452366828918457,11.450481414794922,11.458364703994306,11.486123293733687,11.494492610282657,11.394126598334699,11.400982856750488,11.437964594169717,11.447053314240442,11.456369535217979,697
11.775006294250488,11.78178882598877,11.784893035888672,11.813926027534741,11.810382770294694,11.678945987709472,11.74958563881607,11.713445663452148,11.733836512798495,11.760201195192616,11.771374000321101,698
11.832381248474121,11.846207618713379,11.864121437072754,11.859483972491935,11.82679208775836,11.860968278176694,11.853317190903216,11.81340503692627,11.802978892387562,11.83996175143381,11.837302255707,699
12.203381538391113,12.17177963256836,12.165670394897461,12.190969435241431,12.17183356633873,12.142143720550319,12.162703208963254,12.158830642700195,12.15329314313133,12.168956142531355,12.16405404383221,700
12.663402557373047,12.659204483032227,12.658672332763672,12.675555304778417,12.650861560694054,12.630916598968117,12.699746957625681,12.683160781860352,12.673122782082645,12.666071484353132,12.659615862604706,701
11.862748146057129,11.880420684814453,11.879537582397461,11.849993927062886,11.857750169429615,11.861252917780762,11.865325150276284,11.919940948486328,11.866959266870893,11.8715476436862,11.875741368912552,702
12.832670211791992,12.858760833740234,12.852350234985352,12.780522916090721,12.83016127164486,12.809232879997767,12.754668643177434,12.743423461914062,12.808522316141861,12.807812529942698,12.821640052575493,703
11.818843841552734,11.81588077545166,11.82928466796875,11.853638489315788,11.812712490678562,11.909568308529453,11.860230840006384,11.908447265625,11.933997846654057,11.860289391753598,11.851265034846596,704
12.260034561157227,12.257772445678711,12.258736610412598,12.268030172941447,12.296896449064462,12.243732939556471,12.244740759259741,12.252789497375488,12.242071726158981,12.258311684622791,12.268052530816574,705
11.099739074707031,11.105119705200195,11.102215766906738,11.103881405987828,11.220781274085585,11.196408554849581,11.059180972730479,11.099682807922363,11.076526305236671,11.118170651958497,11.144396898577973,706
12.629992485046387,12.599007606506348,12.593192100524902,12.61195146696361,12.630539943988897,12.539630549405631,12.591064613774774,12.625466346740723,12.611061840320007,12.603545217030142,12.60937933913549,707
12.293371200561523,12.282257080078125,12.282461166381836,12.304902377860342,12.289609021603297,12.27767799280355,12.258337288595401,12.254719734191895,12.258446841948071,12.277975856002671,12.277917648060614,708
12.162774085998535,12.16704273223877,12.171998023986816,12.189643247482639,12.123843669368693,12.106549600198594,12.142057594537093,12.130844116210938,12.122590014852092,12.146371453874908,12.140637056382937,709
11.546041488647461,11.550436019897461,11.56203842163086,11.59411770896193,11.608370831588406,11.654930595939804,11.596324609398582,11.609169006347656,11.626165133798365,11.594177090690058,11.596828022105992,710
11.15794563293457,11.176994323730469,11.168913841247559,11.132718813509909,11.11056897994284,11.261011574368734,11.215220418324513,11.206337928771973,11.197654070186045,11.180818398112958,11.163156830443445,711
11.430977821350098,11.213003158569336,11.231786727905273,11.548006052617218,11.549869587775529,11.46641888301767,11.433057465621635,11.238387107849121,11.19467565743574,11.367353606904622,11.349319384916885,712
12.178966522216797,12.190664291381836,12.186714172363281,12.17577043992922,12.150883105022253,12.178393770636227,12.140407015639708,12.133946418762207,12.14993997750322,12.165076190383862,12.162432618364406,713
11.707601547241211,11.713665962219238,11.700756072998047,11.662281704678177,11.740485377517055,11.733950489509517,11.679745601929898,11.735218048095703,11.71798803458722,11.71018809319734,11.722971591158084,714
12.134681701660156,12.139122009277344,12.138238906860352,12.141909843325802,12.139029549476003,12.108118888769402,12.076151457059055,12.094502449035645,12.117866859287842,12.121069073861289,12.12814098351088,715
11.884137153625488,11.888175010681152,11.889986038208008,11.882949248345525,11.896006967820089,11.933255512180937,11.876150872128841,11.88406753540039,11.890090826637637,11.891646573892007,11.893634132390273,716
12.1803560256958,12.18923282623291,12.191879272460938,12.215148697311566,12.200389390411953,12.047917231578763,12.174217806131471,12.174301147460938,12.189024936309114,12.173607481510382,12.183597137657369,717
11.934891700744629,11.961979866027832,11.972503662109375,11.943958724620789,11.932876899152463,12.048917212853281,11.989731125586571,12.006394386291504,12.010392047467304,11.97796062498375,11.972618824340563,718
12.652958869934082,12.656923294067383,12.649674415588379,12.661471855715567,12.666473844215416,12.69245042333453,12.647056755488054,12.646369934082031,12.674448143457976,12.660869726209269,12.659972469846107,719
11.846120834350586,11.829069137573242,11.82800579071045,11.817715932188749,11.857291074387188,11.82033735622014,11.837031192475019,11.800504684448242,11.81605023080993,11.828014025907061,11.83208937860642,720
12.472241401672363,12.499835968017578,12.488020896911621,12.416160444651794,12.356669746400662,12.5003847232176,12.448224957872757,12.477344512939453,12.484528041282132,12.460378965885106,12.442546808749386,721
11.825762748718262,11.8328857421875,11.830527305603027,11.839219717579496,11.861163005706636,11.891825397508834,11.867385076746029,11.870677947998047,11.870549996707672,11.854444104306166,11.854589661741098,722
11.701179504394531,11.69766616821289,11.694716453552246,11.693835869113613,11.711375791118861,11.772923711864747,11.737520716443726,11.713577270507812,11.725562065201188,11.716484172267734,11.710916662037778,723
11.827116966247559,11.820664405822754,11.81784439086914,11.82657178693871,11.828982826867778,11.764784223887027,11.774532331548677,11.752254486083984,11.75510515011864,11.796428507598252,11.802124762647482,724
12.676517486572266,12.666572570800781,12.672248840332031,12.672149824811319,12.669384754378695,12.670349201018684,12.670809494904859,12.63182258605957,12.699978800038254,12.669981506546273,12.668218983826277,725
11.59182071685791,11.617630958557129,11.616144180297852,11.594187160906186,11.642999351321851,11.651301416996226,11.681846640678964,11.6708984375,11.688934034472883,11.639529210843222,11.643122630586081,726
12.498779296875,12.516805648803711,12.520601272583008,12.48324087095883,12.532002573730272,12.40452290496956,12.392478743372632,12.401220321655273,12.364529340638292,12.457131219287398,12.483362081333821,727
12.166509628295898,12.18256950378418,12.183479309082031,12.174194777929811,12.166798486373686,12.193943681055794,12.166475641915817,12.172248840332031,12.172979144354597,12.175466557013761,12.175674813540624,728
11.928150177001953,11.937850952148438,11.939194679260254,11.92424340345637,11.909223496202134,11.804840685110861,11.852523988834479,11.818995475769043,11.878577672758157,11.888177836726854,11.897161653899216,729
11.441323280334473,11.45571231842041,11.449499130249023,11.438249005434102,11.469321077280245,11.450795028373046,11.42115786501816,11.446237564086914,11.468087464462435,11.44893141485098,11.457775719810378,730
12.391740798950195,12.387935638427734,12.382807731628418,12.358552072866598,12.399596203881593,12.456012961918244,12.41585122760999,12.472811698913574,12.471417331698808,12.415191740655017,12.415473963470012,731
12.222330093383789,12.2035551071167,12.202857971191406,12.2116815037918,12.171387668641717,12.134063387899047,12.149915153765823,12.090012550354004,12.144336791526127,12.170015580852269,12.165386933149138,732
12.35927963256836,12.360694885253906,12.36163330078125,12.372193644650526,12.347635782529661,12.370008869591986,12.351956369546544,12.33870792388916,12.36901991702226,12.359014480648183,12.354822603213192,733
11.798198699951172,11.806844711303711,11.802016258239746,11.793701568344556,11.815453031173114,11.823884848105434,11.798151430095535,11.79456901550293,11.829277541095859,11.80689967820134,11.809642210662714,734
11.623560905456543,11.627685546875,11.626601219177246,11.625881462971302,11.672613991172337,11.697802221655273,11.649232715258014,11.65645980834961,11.658615639788946,11.648717056744918,11.654029990218115,735
12.000103950500488,11.999505043029785,12.003962516784668,11.976903861583258,11.970102686109083,12.063745526969974,12.0933111202979,12.046429634094238,12.033948941784177,12.020890364572619,12.0054756434958,736
11.335013389587402,11.306943893432617,11.304397583007812,11.341433157299022,11.318456109007352,11.34055789600574,11.276577690937298,11.309246063232422,11.328510706742831,11.317904054361389,11.314522136547986,737
12.355415344238281,12.356526374816895,12.356927871704102,12.36841391931932,12.346898096433794,12.331144067661922,12.366354278716628,12.342323303222656,12.344580901883571,12.35206490644413,12.34858926652881,738
11.818309783935547,11.848695755004883,11.851247787475586,12.026883108162377,12.167198470364669,11.899885440584264,11.901822036836162,11.919734954833984,11.896771230704836,11.925616507544703,11.975432803850195,739
12.1555757522583,12.166178703308105,12.170166015625,12.154101235252472,12.16137880422679,12.21455192502023,12.2163448078347,12.211528778076172,12.200376686324542,12.183355856436258,12.179101703529179,740
11.621111869812012,11.645557403564453,11.650375366210938,11.636878692641808,11.71395787929281,11.593642315617322,11.668944807406692,11.707432746887207,11.69149413357522,11.658821690556495,11.681374029040072,741
11.831957817077637,11.85306453704834,11.853516578674316,11.848606290392276,11.818864050875067,11.773720873008271,11.814290581622528,11.80571174621582,11.82678222651189,11.825168300158461,11.82734931971385,742
12.08776569366455,12.08129596710205,12.078886985778809,12.063533613118755,12.068826828063864,12.070592078967877,12.10782103075128,12.131159782409668,12.091032313281906,12.086768254793194,12.084029449286177,743
11.949835777282715,11.948065757751465,11.949002265930176,11.913717514168809,11.940987871812446,12.02959712864757,11.963786733246177,11.942922592163086,11.989516257079726,11.958603544231353,11.95440293764771,744
12.273258209228516,12.269442558288574,12.26397705078125,12.26447223285022,12.272088392176892,12.196709703970562,12.221216899980282,12.266900062561035,12.260575395504755,12.254293389482454,12.262915625974648,745
12.686898231506348,12.680449485778809,12.68384075164795,12.691202464707754,12.675294040715485,12.774748132271752,12.741010916993151,12.78320598602295,12.790508950246576,12.723017662210086,12.712317654993365,746
12.357003211975098,12.355652809143066,12.354876518249512,12.348755441105604,12.346573314521446,12.390335024779723,12.371320914694287,12.410266876220703,12.356832384378292,12.365735166118636,12.362477414294233,747
12.274530410766602,12.250066757202148,12.248619079589844,12.253627365299748,12.24865698945599,12.426685472033318,12.370002865497051,12.48132610321045,12.360894594043534,12.323823293010966,12.305216227851895,748
12.418903350830078,12.402215003967285,12.39813232421875,12.415204611086889,12.432096588503608,12.414887485216031,12.361880018696604,12.367959976196289,12.371591107779286,12.398096718499424,12.403223541788993,749
11.371519088745117,11.368537902832031,11.373773574829102,11.387168963844491,11.368369638421028,11.354926293175273,11.31440901456189,11.253856658935547,11.267517418485566,11.340008728203337,11.34174866855977,750
11.327561378479004,11.325145721435547,11.317622184753418,11.262188224535116,11.354213633603633,11.35330078103699,11.341685694625141,11.426309585571289,11.404622939444396,11.345850015942725,11.357382604777458,751
11.91933536529541,11.935616493225098,11.938453674316406,11.934071872635387,11.93180994943652,11.985814742037444,11.991714610938875,12.00886058807373,11.944402062019364,11.95445326199758,11.949937212481275,752
12.251270294189453,12.251646995544434,12.249954223632812,12.243504624523574,12.241453569332174,12.251983237137013,12.225051557327186,12.204437255859375,12.219752287435444,12.237672671664606,12.237246738123453,753
12.517111778259277,12.528155326843262,12.528027534484863,12.504363601893044,12.530614654447314,12.480072405508691,12.495447390691414,12.504459381103516,12.491096959966526,12.508816559244211,12.51869301611821,754
11.97317123413086,11.978325843811035,11.978325843811035,11.969162601986408,11.955235872189272,11.874593931093047,11.896497519091616,11.91740608215332,11.914786231974675,11.939722795582362,11.948775717251399,755
12.002907752990723,11.988524436950684,11.982135772705078,11.98011869101763,12.035102298692994,12.062836204236547,11.997399575750743,12.019779205322266,12.00043793784548,12.007693541723572,12.012116146994257,756
12.269379615783691,12.280035018920898,12.28577709197998,12.275591915119684,12.273420684019124,12.23402406908026,12.279694054660116,12.276622772216797,12.275407942485238,12.272217018251755,12.276182147084704,757
11.86658763885498,11.885512351989746,11.886051177978516,11.889609443033883,11.911958919741434,11.932732090318229,11.893885536364747,11.917101860046387,11.856496906034224,11.893326213818016,11.898831235005064,758
12.044426918029785,12.051118850708008,12.046616554260254,12.006181087177914,12.039008749871964,12.059647542611344,12.059596456006723,12.051386833190918,12.049413042723558,12.045266226064497,12.045805638379909,759
12.554177284240723,12.5662202835083,12.565935134887695,12.537487725770156,12.534965735319876,12.558850628206194,12.623145245634824,12.62525749206543,12.609977527059312,12.57511300629917,12.568587358385258,760
11.738022804260254,11.704825401306152,11.710395812988281,11.71153203691103,11.775075029668168,11.727615561506859,11.724281407621552,11.731051445007324,11.71611797832967,11.72654638639992,11.73682275520669,761
11.595602035522461,11.590792655944824,11.594237327575684,11.60757187127508,11.580089363904563,11.546225566317734,11.607506109313867,11.638690948486328,11.68023783381685,11.604550412461931,11.602550165422354,762
12.209365844726562,12.198334693908691,12.19584846496582,12.16832632942251,12.216447534550511,12.243888372889863,12.229952291696524,12.221086502075195,12.210464582855474,12.21041273523235,12.210832438136396,763
12.657255172729492,12.656603813171387,12.65453052520752,12.64304496471687,12.681892075638924,12.696644410919859,12.705993364196488,12.702595710754395,12.690896122281561,12.676606239957387,12.677160689356587,764
12.442221641540527,12.438889503479004,12.442245483398438,12.34623222612829,12.377655542118335,12.448352843021611,12.470937234590759,12.440923690795898,12.45630450836713,12.429306963715554,12.422167594205463,765
12.523929595947266,12.521003723144531,12.521018981933594,12.492529082728593,12.51628366295397,12.549130029696984,12.538589892143383,12.518045425415039,12.563119289591175,12.527072187061613,12.525143880781958,766
12.1419677734375,12.1510009765625,12.15600299835205,12.141525235531283,12.188685583645377,12.122216639928551,12.13448776339474,12.133197784423828,12.161392639942232,12.147830821690896,12.16229761155176,767
12.007378578186035,12.021209716796875,12.03403377532959,12.063764848687223,12.008757823808008,12.067271159829142,12.058730658193223,12.078432083129883,12.107471633593187,12.049672253061464,12.04189196797451,768
12.321513175964355,12.316570281982422,12.317718505859375,12.3323805007838,12.298846913563255,12.346697236325642,12.334006390981935,12.329690933227539,12.344041908429302,12.326829538568624,12.317629046073199,769
13.194518089294434,13.183597564697266,13.172868728637695,13.123088207028758,13.144255962167582,13.241457799770979,13.14055202379722,13.147286415100098,13.131974994803667,13.164399976144189,13.158983537437738,770
11.77108097076416,11.778690338134766,11.771500587463379,11.754953347010971,11.815976918242294,11.789201908767534,11.80853566395067,11.816323280334473,11.812828103939266,11.791010124289722,11.79855344697086,771
11.692091941833496,11.672611236572266,11.67087459564209,11.65123834257479,11.676757560170175,11.676141054640167,11.668024713518282,11.683992385864258,11.681874680175234,11.67484516788786,11.67627630813756,772
11.810946464538574,11.80665397644043,11.80660629272461,11.82105341261011,11.824025030902337,11.844741429683232,11.82689890862776,11.851059913635254,11.826069368699027,11.82422831087348,11.823303321069087,773
11.596818923950195,11.618886947631836,11.61810302734375,11.604158846996846,11.636795122260263,11.67771339443057,11.663543666348998,11.680685043334961,11.655888826553339,11.639177088761194,11.64110678817782,774
12.56378173828125,12.550106048583984,12.547935485839844,12.587544961036594,12.562977445540563,12.62117448596614,12.598378553745565,12.595806121826172,12.56041639888296,12.576457915522562,12.565593433844029,775
11.980496406555176,11.982047080993652,11.987568855285645,11.998027509094356,11.992582520839214,12.008157162514657,11.956231968526094,11.9849853515625,11.981648794888576,11.985749516695542,11.989417942402493,776
12.360668182373047,12.358497619628906,12.359514236450195,12.371176894665494,12.356748021892605,12.3073374867169,12.315156785010783,12.313562393188477,12.345012916214895,12.343074948460146,12.347261938466833,777
11.796835899353027,11.808035850524902,11.805974006652832,11.799987486972167,11.819205714326944,11.889058115053361,11.870049033319054,11.859661102294922,11.85270953538456,11.833501860431307,11.828141558545958,778
11.843719482421875,11.842936515808105,11.838116645812988,11.812677022166067,11.786685748762668,11.853781549060928,11.848704335817146,11.866693496704102,11.857833119837586,11.839016435154608,11.828029976067306,779
11.867859840393066,11.860603332519531,11.860286712646484,11.839304348402877,11.829845883405296,11.907574806805867,11.838212328365724,11.856142044067383,11.848492638615758,11.856480215024666,11.850862516487812,780
12.010735511779785,12.029613494873047,12.030746459960938,11.99633822041578,11.98899096088496,12.020032456685847,12.05661344707544,12.077811241149902,12.04875614034467,12.028848659241152,12.024943059726674,781
12.05659294128418,12.050131797790527,12.048742294311523,12.050225669173418,12.043605209091648,12.061206830908324,12.062774622580552,12.067388534545898,12.062458547911996,12.055902938622006,12.051952541831072,782
12.173866271972656,12.161084175109863,12.160259246826172,12.149654107809564,12.157038340757811,12.174232301249845,12.130587765178223,12.163755416870117,12.150090457782085,12.157840898172926,12.15939217969572,783
11.987448692321777,12.004839897155762,12.013916969299316,12.0274770476232,11.991604017375792,12.086350013866717,12.00517826885328,11.989506721496582,12.017689177543952,12.013778978392931,12.007369083660635,784
11.730737686157227,11.710278511047363,11.710482597351074,11.795048191764508,11.75832836763687,11.817303101990893,11.820714819713055,11.811540603637695,11.797018291515418,11.772383574534901,11.756937889318342,785
12.030817985534668,12.038610458374023,12.034811019897461,11.990166449450376,12.045062677351037,12.055066912252654,12.044344597860597,12.024225234985352,12.020689967264843,12.031532811441224,12.036341577763595,786
11.715070724487305,11.718409538269043,11.722098350524902,11.658180348209434,11.681166466247689,11.662078833771442,11.631092751215538,11.656830787658691,11.707471405420506,11.68359991175606,11.693686925381872,787
12.319466590881348,12.325489044189453,12.329122543334961,12.330513539506885,12.343720600208249,12.393276138126264,12.332286649334161,12.375120162963867,12.35349234935497,12.34472084643335,12.347118219683484,788
11.568205833435059,11.550939559936523,11.547409057617188,11.553720183024586,11.558828222749373,11.612212114712568,11.600447012770564,11.622221946716309,11.596535752266817,11.578946631469886,11.571286138565391,789
12.281364440917969,12.284003257751465,12.286459922790527,12.272415277918961,12.262055926295591,12.292809818852426,12.290866048416307,12.338927268981934,12.257517913226232,12.285157763905712,12.28320356017249,790
11.968650817871094,11.959808349609375,11.960413932800293,11.975437161067099,11.989613517773188,12.022684425825418,11.987440514026034,12.012192726135254,11.983379936643617,11.984402375750152,11.983918306246071,791
11.917280197143555,11.920807838439941,11.926189422607422,11.930762953635181,11.905353637114043,11.93135584735131,11.928797731228256,11.9198637008667,11.943945126702683,11.924928495009901,11.920454943963188,792
12.460471153259277,12.44483470916748,12.440380096435547,12.440206265314306,12.4507894206888,12.43996205996974,12.431533781141614,12.422368049621582,12.38748355006038,12.435336565073191,12.43549866979162,793
12.36241626739502,12.347792625427246,12.345202445983887,12.339985304269067,12.337798567880736,12.3827223844018,12.335718843333238,12.331473350524902,12.347653847569397,12.347862626309478,12.34310366761536,794
12.19454574584961,12.208540916442871,12.210824966430664,12.193644993347494,12.151654342856926,12.193093040165872,12.21240517770991,12.188429832458496,12.22479529128594,12.197548256283088,12.188094035975876,795
12.008954048156738,12.016645431518555,12.018157958984375,12.042283218190027,12.075603699374902,11.973374420956173,12.008798125101507,12.038822174072266,11.996057236806317,12.019855145906764,12.035591744750425,796
11.850197792053223,11.857251167297363,11.855866432189941,11.846674853243115,11.881108052463768,11.85383576688513,11.830458419459362,11.83264446258545,11.830118794498807,11.84868397118624,11.85805209307242,797
11.471341133117676,11.451553344726562,11.449699401855469,11.476669506341967,11.493483120361953,11.597839059439433,11.493095432143441,11.545873641967773,11.532542675992328,11.50134414621629,11.496037719389896,798
13.047353744506836,13.042675018310547,13.038410186767578,13.044100197215883,13.054933908461845,13.200660240549707,13.159041874543117,13.165127754211426,13.126425853636384,13.097636530911482,13.081431612663806,799
11.967545509338379,11.953202247619629,11.951029777526855,11.967227103067552,11.91185125116715,11.897688071857962,11.955931650676707,11.89056396484375,11.905428543731029,11.933385346647668,11.920953908440335,800
12.192313194274902,12.147208213806152,12.142415046691895,12.190198262916999,12.19336492348935,12.175596507847475,12.199460296940154,12.205076217651367,12.137836723195909,12.175941042979355,12.170204332557557,801
11.652386665344238,11.677821159362793,11.677263259887695,11.658759216419197,11.67974632632523,11.673853971536616,11.639508616883912,11.690582275390625,11.695144708526918,11.671674022186359,11.681795340960715,802
12.182293891906738,12.177178382873535,12.178107261657715,12.174763149104875,12.144059415414134,12.124398509826454,12.153900321444015,12.153133392333984,12.138678334072875,12.158501406514924,12.155628963203704,803
12.99205493927002,13.007246017456055,13.00572395324707,13.000762535200518,12.982755853214272,13.051904480958347,13.099262429235552,13.048478126525879,13.082238148384743,13.030047387054717,13.015191447033814,804
11.60776424407959,11.616147994995117,11.620926856994629,11.627384633495693,11.65090617635879,11.648704745868919,11.62484880676936,11.66342544555664,11.666654802025587,11.636307078460483,11.643808330700754,805
12.321990966796875,12.319080352783203,12.319321632385254,12.305118671743784,12.311101607313095,12.259652358591866,12.286445643994675,12.272881507873535,12.290801492921156,12.29848824826705,12.303217617649933,806
11.78373908996582,11.758101463317871,11.751882553100586,11.77496610750056,11.751643369682956,11.79616486661055,11.770039789873183,11.775886535644531,11.790263873823442,11.772520849946611,11.76201803086787,807
12.285482406616211,12.248533248901367,12.237985610961914,12.237507155940065,12.314002203276964,12.28784413895441,12.299072007770391,12.264762878417969,12.270997850093877,12.271798611214797,12.273949302281787,808
11.832317352294922,11.828311920166016,11.826796531677246,11.852289370969538,11.86490792817219,11.908020930011753,11.903989147453386,11.912056922912598,11.89007532070579,11.868751713818162,11.863669823493852,809
11.827637672424316,11.76396369934082,11.768045425415039,11.784762128683338,11.759567032243933,11.708242924694712,11.697850941953215,11.716964721679688,11.713251825955238,11.748920708043368,11.748326756475311,810
12.079333305358887,12.091206550598145,12.082252502441406,12.127458168476954,12.186985837376678,12.033203734419505,12.040313007599687,12.079107284545898,12.098835986778916,12.090966264177341,12.116038791876989,811
11.936424255371094,11.931620597839355,11.925030708312988,11.937075847750615,11.940040255271084,11.8918025953535,11.907996238277509,11.91309642791748,11.922738593585064,11.922869502186522,11.926176427331024,812
11.42164421081543,11.322399139404297,11.340902328491211,11.498528140990635,11.469715713980234,11.49554097497377,11.512810775977437,11.376786231994629,11.241569621014852,11.408877459738056,11.387702605496814,813
11.987777709960938,12.001151084899902,11.997709274291992,11.95793322725972,11.984169134941402,11.929507071665371,11.911277965397808,11.899125099182129,11.942565607152144,11.9568017971946,11.968774311946467,814
11.682592391967773,11.65443229675293,11.65815544128418,11.69042424773212,11.681320227555986,11.713969084055194,11.665024601714265,11.672404289245605,11.671635462510233,11.676662004757588,11.672708814023377,815
12.234402656555176,12.220129013061523,12.217012405395508,12.209358813228736,12.250811993515654,12.17005433143315,12.17911871904521,12.24475383758545,12.204177280516786,12.214424338926355,12.228400622079553,816
11.863978385925293,11.864433288574219,11.860414505004883,11.847282296997644,11.850025877936973,11.835431797160068,11.878324422100961,11.849226951599121,11.831338263426318,11.853383976525054,11.850697574245165,817
12.48810863494873,12.495542526245117,12.503768920898438,12.547224508720278,12.526106537626438,12.499647886124498,12.580385480786937,12.507235527038574,12.558356099453205,12.52293068020469,12.51745959154246,818
11.947449684143066,11.91716480255127,11.914352416992188,11.92684515945091,11.986366659680657,11.93582126491397,11.922880695281242,11.923460006713867,11.907767606692332,11.931345366268832,11.940464380997819,819
12.326799392700195,12.311446189880371,12.308008193969727,12.331954403547963,12.321331935527052,12.277757470204639,12.318028306744436,12.319223403930664,12.35312517063512,12.318630496348907,12.317283503876682,820
12.129222869873047,12.12696361541748,12.126745223999023,12.128087249346486,12.119306702653317,12.139256477595072,12.165728001363492,12.156387329101562,12.159532682916684,12.139025572474019,12.132860925372695,821
11.387889862060547,11.392511367797852,11.378156661987305,11.374058697459759,11.410684316300703,11.390842966456704,11.39762507369754,11.38209342956543,11.396137488076615,11.389999984822495,11.392358971083564,822
12.216614723205566,12.248652458190918,12.257037162780762,12.226929257387745,12.188314690881857,12.186627160710888,12.228729972515284,12.177827835083008,12.18756371577836,12.213144108503819,12.210696946557686,823
11.898027420043945,11.894793510437012,11.891928672790527,11.878973972691629,11.889900472664559,11.827406296531812,11.92267988745353,11.905221939086914,11.892821096650584,11.88908369648339,11.889600117938253,824
12.35665225982666,12.36919116973877,12.370379447937012,12.345802170995002,12.326695904125735,12.346482151566391,12.337565208437749,12.341272354125977,12.352134717473696,12.349575042691887,12.3480441003531,825
12.963995933532715,12.956413269042969,12.953760147094727,12.982357210980934,12.947213866582482,13.055670626315486,13.046761765900303,13.028904914855957,12.957301788882281,12.988042169243094,12.968840974982388,826
11.576830863952637,11.544458389282227,11.536558151245117,11.490085326948636,11.46546755865452,11.619500058394296,11.552579834542549,11.561335563659668,11.533854023862357,11.542296641171335,11.520727192298917,827
12.176880836486816,12.168174743652344,12.168452262878418,12.16780997663866,12.156051038970585,12.141630209188868,12.179816836593558,12.169437408447266,12.196231934497272,12.169387249705977,12.165883044091187,828
12.194598197937012,12.190309524536133,12.196196556091309,12.16505647879793,12.20930608307216,12.12997904551054,12.141410435504785,12.134688377380371,12.145320595010187,12.16742947709338,12.182268276247463,829
11.925929069519043,11.941668510437012,11.940382957458496,11.927465587249966,11.919068548427848,11.95278864354094,11.932497088310258,11.943151473999023,11.928525807913436,11.93460863187289,11.93304341829535,830
12.092238426208496,12.076677322387695,12.07960319519043,12.060413741248054,12.076705904366905,12.0703602456273,12.080334376750933,12.070244789123535,12.070865971433104,12.075271552481828,12.075776708875182,831
11.928189277648926,11.935956954956055,11.934778213500977,11.922729002187374,11.926528488044521,11.889444190365877,11.916371862112955,11.924457550048828,11.917435795146742,11.921765703779139,11.9260095679241,832
12.361968994140625,12.369424819946289,12.370511054992676,12.36511658231132,12.362708934640096,12.33620986437482,12.367483835553461,12.339567184448242,12.352980519562925,12.358441309996715,12.359469587377651,833
12.011014938354492,12.013799667358398,12.017070770263672,11.999116279640225,11.98281503067994,11.992092868789431,11.993235293897888,11.973860740661621,12.016559363014482,11.999951661406682,11.997687282760268,834
11.796899795532227,11.819068908691406,11.819487571716309,11.803338078929466,11.794779344976257,11.808230494439238,11.834018840076936,11.838321685791016,11.83660647725459,11.816750133045272,11.815142256752425,835
11.761295318603516,11.738127708435059,11.738200187683105,11.772546651714594,11.772233725572267,11.804105202247632,11.815041955345194,11.819686889648438,11.803509628570763,11.780527474202284,11.77248583965028,836
11.906729698181152,11.922283172607422,11.917140007019043,11.90708730596436,11.895994243584855,11.823141269423363,11.8699262297315,11.822589874267578,11.8785732121662,11.882607223660608,11.886548736131731,837
11.474681854248047,11.473546981811523,11.475872039794922,11.48004492604311,11.481092465167187,11.423742085652588,11.439623690597083,11.44717025756836,11.46714866359462,11.462546996053048,11.469475074556064,838
11.897034645080566,11.89094352722168,11.8862886428833,11.873222488043744,11.868801350371987,11.941419374226301,11.875110711400694,11.850268363952637,11.87208878574231,11.883908654324802,11.876724499021138,839
11.766727447509766,11.755572319030762,11.751822471618652,11.739911761091072,11.739113224427257,11.701055905410485,11.762921358673637,11.736202239990234,11.744233790340575,11.74417339089916,11.741513711155193,840
11.869157791137695,11.859267234802246,11.862468719482422,11.865568386803151,11.846873328863001,11.851413111764005,11.787500899182593,11.789645195007324,11.825279343030768,11.839686001119244,11.8418480026946,841
11.978998184204102,11.938352584838867,11.935720443725586,11.966429694942398,12.001339492707917,11.975509622659487,11.879728646404022,11.881673812866211,11.882798647190562,11.93783901439324,11.946429461209954,842
12.059048652648926,12.011992454528809,12.007050514221191,12.011004472702115,12.026675541960788,11.974055143656248,11.96864588513989,11.963186264038086,11.930512491645851,11.994685713393544,11.997047041291879,843
11.71528434753418,11.734578132629395,11.740535736083984,11.904994813483102,11.852965117928305,11.730143489865053,11.736556217330062,11.695738792419434,11.700898147679379,11.756854977216989,11.766928075044122,844
11.826218605041504,11.825472831726074,11.829379081726074,11.890069892910837,11.884109077378604,11.827263769901347,11.793731145954373,11.83816909790039,11.769922185687602,11.831592854247424,11.842562729848275,845
12.08028507232666,12.073524475097656,12.080667495727539,12.108648168767921,12.067091800486214,12.133481817667548,12.141431537615158,12.032844543457031,12.022440462855734,12.08226837488905,12.065796605047813,846
12.258035659790039,12.26568603515625,12.268390655517578,12.271915724359351,12.240679470923999,12.27236777823498,12.26466894599597,12.233463287353516,12.241107385630947,12.257368326995849,12.251199366938867,847
11.753889083862305,11.790905952453613,11.78663158416748,11.740111630854255,11.753136828442745,11.786478173350158,11.791489192550753,11.756522178649902,11.790787305041315,11.772216881041395,11.771359707447743,848
12.379096984863281,12.344030380249023,12.342901229858398,12.33917752967288,12.411732722083833,12.275885934223268,12.289730301778043,12.22415542602539,12.268970362372947,12.319520096791896,12.3367776546245,849
12.103311538696289,12.094609260559082,12.093512535095215,12.090111645543494,12.086829132756801,12.069709359706223,12.088890812918208,12.102654457092285,12.08129822949314,12.090102996873416,12.089924146409478,850
11.829025268554688,11.840476989746094,11.839759826660156,11.833312970140822,11.833364651392072,11.853763715085876,11.863690213811621,11.872013092041016,11.860677496795667,11.84734269158089,11.845415143466898,851
12.173709869384766,12.166278839111328,12.167037963867188,12.169724286014814,12.155801072358319,12.179922047559767,12.169963421764391,12.198619842529297,12.18937746076034,12.174492755927801,12.171053279599809,852
12.070601463317871,12.066315650939941,12.062631607055664,12.019492702506145,12.043080251139678,12.04487795218224,12.088278555360217,12.062334060668945,12.07332573194256,12.058993108345918,12.056140668259683,853
12.080748558044434,12.090949058532715,12.093268394470215,12.063743275701272,12.076453706581841,12.045302548572625,12.059108743356875,12.061382293701172,12.040880301767212,12.067981875636484,12.074506025248146,854
12.06157398223877,12.05423355102539,12.052268981933594,12.036165963634584,12.068820301020612,12.02188888032015,11.957956380929938,11.9539155960083,11.968723964294732,12.019505289045119,12.03260305895655,855
11.918412208557129,11.906354904174805,11.901881217956543,11.895339841091953,11.91890747079962,11.888026115156185,11.872176497612971,11.830843925476074,11.816057049287746,11.883111025568114,11.887097264534757,856
11.948786735534668,11.973733901977539,11.9661226272583,11.955556500802004,11.91402208778198,11.88212751782923,11.868935087860477,11.90105152130127,11.928463221719019,11.92653324467383,11.930117604419072,857
11.930493354797363,11.932677268981934,11.933448791503906,11.923266651119187,11.938955713953288,11.92031953437485,11.940239696517331,11.905339241027832,11.965631136723761,11.932263487666605,11.933888001115504,858
11.92803955078125,11.949996948242188,11.957448959350586,11.926605543059061,11.954103766865451,12.007991331172738,11.954257908437196,12.006976127624512,12.015832687277856,11.966805869201202,11.972814042629661,859
12.36214542388916,12.38217830657959,12.391531944274902,12.3447675665188,12.32735718617306,12.297901655263717,12.36717141982007,12.33469009399414,12.3591362320212,12.351875536503847,12.35268814123237,860
12.013978958129883,12.019816398620605,12.016342163085938,11.999813203755393,12.005037747766085,12.080347425932375,12.088254998408962,12.064553260803223,12.106271393659773,12.043823950018025,12.0330110785801,861
11.779142379760742,11.783114433288574,11.780745506286621,11.750851363715334,11.7508656665939,11.740399022428809,11.763489826735771,11.754733085632324,11.763870353892719,11.763023515370532,11.762719218904953,862
11.876239776611328,11.87254524230957,11.871167182922363,11.869671038161151,11.874972968942783,11.856976413424736,11.885974865293877,11.864269256591797,11.853136208934272,11.86943921702132,11.868673082347845,863
11.836981773376465,11.85677433013916,11.859747886657715,11.817271242631461,11.856975985032369,11.883060640891197,11.881729791245764,11.832389831542969,11.86767379304917,11.854733919396251,11.85697955472733,864
12.269180297851562,12.265555381774902,12.263389587402344,12.233455336520192,12.238245508771449,12.167251269677294,12.215964757404722,12.206988334655762,12.234107809132176,12.2326820314656,12.237947171977124,865
11.82714557647705,11.834878921508789,11.837406158447266,11.830503181268586,11.859034662565573,11.858349732014759,11.79031459747674,11.815828323364258,11.827580701192712,11.831226872701748,11.84165325468006,866
12.427865982055664,12.431833267211914,12.434297561645508,12.451208940537512,12.422275800504352,12.458712128990758,12.45588448316023,12.458929061889648,12.459459839779454,12.44449634064167,12.437991244178148,867
11.78371524810791,11.75312328338623,11.742385864257812,11.744119163997823,11.7813660582569,11.804222511331194,11.803132035355398,11.81159782409668,11.80591016798245,11.78106357297471,11.776104588069098,868
12.00411319732666,12.006253242492676,12.004727363586426,12.02898754539558,12.061915542970132,12.051060538613031,11.977802786851452,12.011151313781738,11.9888071972999,12.014979858701956,12.025868740956692,869
12.353532791137695,12.355342864990234,12.355216979980469,12.369969019158281,12.365833186569311,12.328922326931636,12.313878611339033,12.329353332519531,12.355635144083523,12.347520472967746,12.353522915101331,870
11.473779678344727,11.468138694763184,11.464030265808105,11.479755402430722,11.499706213495834,11.507643696321626,11.471903590755,11.511119842529297,11.500172843204801,11.486250025294813,11.489378677516761,871
12.10994815826416,12.104646682739258,12.102410316467285,12.098041751314323,12.151029757639805,12.162410198914568,12.12391989264643,12.132564544677734,12.112521561339342,12.121943651555878,12.127753311814944,872
11.656526565551758,11.646256446838379,11.647809982299805,11.67979257129977,11.668045051105931,11.740368364495009,11.738368273800615,11.659170150756836,11.700044094102878,11.681820166694555,11.667242403077354,873
11.730974197387695,11.761923789978027,11.766892433166504,11.76359843417326,11.750267056834819,11.79341821013135,11.792176810633507,11.778348922729492,11.763135556463313,11.766748379055329,11.764094883073952,874
11.424939155578613,11.434674263000488,11.434235572814941,11.445827866383077,11.467684347770078,11.452857302758543,11.403233318393562,11.425427436828613,11.388816599787386,11.430855095923924,11.44036658647354,875
12.702396392822266,12.722861289978027,12.719877243041992,12.672129751763034,12.691881302981061,12.654652883580084,12.690542819924579,12.69937801361084,12.733885738503053,12.698622826244993,12.705205551461145,876
11.849276542663574,11.840649604797363,11.837635040283203,11.850319970258402,11.871700818421012,11.786909412326148,11.850898877361196,11.83228874206543,11.86459692423988,11.842697325824025,11.84832365982815,877
12.745121955871582,12.748075485229492,12.746589660644531,12.718689223315621,12.733313144000228,12.669315530296362,12.697442314689102,12.697953224182129,12.707730449326121,12.71824788750613,12.726333969947927,878
11.92103099822998,11.910226821899414,11.903328895568848,11.905801809924782,11.936102637198896,11.938419593386698,11.897250834783874,11.917637825012207,11.934390851715806,11.918243363080057,11.921837585127381,879
11.836596488952637,11.847524642944336,11.845074653625488,11.839047745456853,11.838386635713999,11.853069952404644,11.853533431072249,11.836109161376953,11.813652727512352,11.840332826562168,11.838568156130915,880
12.01147174835205,12.014659881591797,12.014888763427734,12.001931122537602,12.012379562395218,12.026044686844845,12.008792078892643,11.960371017456055,11.995509638337026,12.005116499981662,12.004565880295585,881
12.25340747833252,12.271951675415039,12.276992797851562,12.24531299066378,12.249421067864565,12.27308934029338,12.29243384073656,12.298761367797852,12.306594977633198,12.274218392954273,12.273884545346144,882
12.052739143371582,12.033495903015137,12.02902603149414,12.050843723034284,12.059715458361067,12.07149436005538,12.06447068822503,12.097879409790039,12.072798259010092,12.059162552928528,12.056656931530425,883
11.67701244354248,11.64824104309082,11.65025806427002,11.661377897851446,11.634372672235777,11.739693018897027,11.677211940212791,11.696600914001465,11.73150468027843,11.679585852708918,11.66562946687942,884
11.57848072052002,11.59892463684082,11.600107192993164,11.59554872258893,11.620164910198756,11.687012066511917,11.666238328160746,11.674769401550293,11.661704270773013,11.631438916681962,11.629484694676776,885
12.458343505859375,12.459197044372559,12.451541900634766,12.463675494267624,12.465559312650155,12.446239376380877,12.496475579115272,12.504308700561523,12.514741776646622,12.473342521165419,12.470549747468112,886
12.002991676330566,12.011985778808594,12.021039009094238,12.007609816176949,11.974089018910346,12.031581294759578,12.018727703632297,12.061755180358887,12.015960341558428,12.01619331329221,12.011277270046898,887
11.878604888916016,11.868863105773926,11.871034622192383,11.957489076986288,11.916011010471127,11.81448013846153,11.835008746629487,11.859214782714844,11.853484829052267,11.872687911244206,11.879304274837095,888
12.558330535888672,12.564176559448242,12.57053279876709,12.543492040167607,12.547625648740926,12.581175721627394,12.620253731724555,12.672639846801758,12.587356313994603,12.582842577462317,12.580275065838434,889
11.992371559143066,11.983942031860352,11.984888076782227,11.993439428742706,12.002196740255663,11.939660220807138,11.996125963219573,11.966879844665527,11.946473027813363,11.978441877032179,11.981325675112895,890
11.63711166381836,11.615124702453613,11.617104530334473,11.627971997364524,11.640542328516776,11.636245331545277,11.619981732958966,11.59296989440918,11.643736615298714,11.62564319963332,11.625417806450086,891
12.03494930267334,12.050397872924805,12.054018020629883,12.034839964869224,12.08997903432562,12.034275538976766,12.043992468016848,12.04889965057373,12.042796728184259,12.048238731241609,12.063031586582309,892
11.932352066040039,11.94153118133545,11.94139575958252,11.927795438257395,11.950454857600972,11.840731112283411,11.85533556523515,11.856969833374023,11.885675347488366,11.903582351244147,11.920232304008277,893
11.915337562561035,11.925148010253906,11.927868843078613,11.93796713080327,11.912349972571452,11.90496152284668,11.929944072412333,11.931316375732422,11.972983626386648,11.928653012960707,11.926708371925864,894
11.665163040161133,11.673556327819824,11.676762580871582,11.63757294781193,11.703129630394052,11.71837656775606,11.691631829995709,11.700963020324707,11.679151482209656,11.68292304748274,11.69184765001565,895
11.96725082397461,11.977110862731934,11.977865219116211,11.969606528795296,11.96487028726943,12.035937121621298,12.027337526166656,12.033966064453125,12.010620647804963,11.996062786881502,11.988612613098091,896
11.381372451782227,11.402066230773926,11.401638984680176,11.400439790170692,11.4543126688923,11.441539529076799,11.384356894511678,11.490819931030273,11.479908598907068,11.426272786647239,11.443243251527678,897
11.852300643920898,11.854384422302246,11.854470252990723,11.810839995108807,11.848678563966025,11.815383957028123,11.828362440401781,11.866734504699707,11.817818028802638,11.838774756580104,11.848126950463895,898
13.038033485412598,13.006491661071777,13.003684997558594,13.042821467729159,13.09075287554411,13.073262052087657,13.051988691579062,13.029298782348633,12.975482616752533,13.03464629223157,13.037719648966108,899
11.792532920837402,11.793493270874023,11.791873931884766,11.788433322375756,11.7964853454653,11.813188857306901,11.81408441290404,11.806468963623047,11.840642897844289,11.804133769235058,11.802062996624121,900
11.619630813598633,11.617104530334473,11.616057395935059,11.62310088425877,11.653862506693718,11.631366087084494,11.612552721061075,11.641356468200684,11.635282290853795,11.627812633113413,11.635466085553139,901
11.941568374633789,11.941773414611816,11.94312572479248,11.932165542841283,11.931589710152396,11.883465928758474,11.900806751200568,11.920903205871582,11.899617884995296,11.921668504206409,11.927851996886078,902
12.096817970275879,12.104301452636719,12.106375694274902,12.110841635471921,12.08520833540849,12.095562217360945,12.132879090354791,12.115361213684082,12.120230537977067,12.107508683049423,12.1014461079082,903
12.400518417358398,12.399480819702148,12.402438163757324,12.415588924027269,12.408021529679157,12.412897027563437,12.389130280097506,12.385384559631348,12.38302401625133,12.399609304229767,12.400311440586822,904
11.66637897491455,11.653875350952148,11.654504776000977,11.672883173680534,11.69377739059668,11.676609344600925,11.70022783996535,11.704436302185059,11.699388637347676,11.6802313100271,11.681193637843215,905
11.68797492980957,11.698226928710938,11.696059226989746,11.692996849443968,11.703113434429767,11.78366432564282,11.73031724578171,11.73931884765625,11.7467169476644,11.719820970681019,11.71529419465795,906
12.493165016174316,12.481127738952637,12.479534149169922,12.51166546386331,12.524663379421,12.480003743016125,12.462225950847309,12.445720672607422,12.492099896478805,12.48557844561454,12.491138451680257,907
12.347614288330078,12.374618530273438,12.376124382019043,12.377232061035535,12.325801305750922,12.385237961518285,12.377347521704676,12.458292961120605,12.367238112824527,12.37661190273079,12.370835372122066,908
11.731124877929688,11.717326164245605,11.720924377441406,11.782578399680842,11.766212677667887,11.78675058483208,11.80042832685365,11.80247688293457,11.804886077260425,11.768078707649572,11.761019392925894,909
12.100987434387207,12.085371971130371,12.081822395324707,12.106497142506024,12.089711397164027,12.096508971017883,12.03934202648356,12.11538314819336,12.12197121736755,12.093066189286075,12.094596199949926,910
11.998343467712402,11.990466117858887,11.986085891723633,11.968298236774876,11.970327049139872,11.892005376048242,11.942260724158459,11.906805992126465,11.926756590880286,11.953483271824792,11.957309914048823,911
11.93531608581543,11.94682788848877,11.94269847869873,11.92792709664131,11.914116726216443,11.90215022384149,11.916971230352301,11.926384925842285,11.904639168738417,11.924114647181687,11.924238020982848,912
11.524798393249512,11.509136199951172,11.505221366882324,11.57234994819468,11.608387416831786,11.598942339629762,11.54329061955388,11.612122535705566,11.581378561054349,11.56173637567256,11.569295006055826,913
11.986055374145508,12.041131019592285,12.038423538208008,11.946976819351542,11.908356039700557,11.93410989553157,11.984734517540705,11.94189453125,11.949963921643734,11.970182850773766,11.964881673254752,914
12.049351692199707,12.04068374633789,12.034314155578613,12.0278961018548,12.031399002137734,12.028805469333868,12.081206095676768,12.028921127319336,12.033436233659025,12.039557069344191,12.032128030413213,915
11.359179496765137,11.374332427978516,11.371657371520996,11.373431276744217,11.32516822328337,11.372376323229918,11.417581288487243,11.387232780456543,11.389345695814924,11.374478320475651,11.360245374942519,916
10.828567504882812,10.69176197052002,10.704075813293457,10.958395481319892,10.956160569503151,11.106928498732072,10.988773696912965,10.92219352722168,10.896782742114079,10.894848867166681,10.864975577201319,917
11.845926284790039,11.816496849060059,11.812472343444824,11.813860673714425,11.854672663108257,11.81910036455103,11.79653901380591,11.81803035736084,11.790587372910938,11.818631769194035,11.825518820747968,918
12.455044746398926,12.447347640991211,12.448817253112793,12.429882972465954,12.40095244818421,12.509573717086077,12.49710602315645,12.472900390625,12.487190397097711,12.460979509902035,12.44386932851575,919
12.190801620483398,12.16398811340332,12.165493965148926,12.157497825156996,12.120256190718123,12.108450575314704,12.09715769500805,12.10864543914795,12.107322029187252,12.13551260595208,12.132340486120754,920
12.134465217590332,12.149701118469238,12.157575607299805,12.162254957848923,12.181113887356478,12.193969946204021,12.155097605540224,12.184133529663086,12.178491968461566,12.166311537603741,12.173756399486072,921
11.957862854003906,11.956999778747559,11.958030700683594,12.284385444484919,12.253126260132538,12.03174281410977,11.95818269667721,12.060418128967285,12.10021801478489,12.062329632510187,12.092057341024919,922
12.124763488769531,12.121100425720215,12.116839408874512,12.117604863237338,12.09008369880878,12.070472640137869,12.03162101871221,12.057694435119629,12.062649445054642,12.088092158270525,12.090613943416773,923
12.144896507263184,12.150819778442383,12.156846046447754,12.171514818772868,12.178836908334482,12.140429459889544,12.165777395903266,12.15265941619873,12.132888923926185,12.154963250575378,12.160107614657383,924
12.253474235534668,12.240473747253418,12.24464225769043,12.243305002539884,12.24244841003496,12.170402850818682,12.160658037511547,12.13570499420166,12.183919450135274,12.208336553968948,12.217055862040386,925
11.944242477416992,11.947837829589844,11.947531700134277,11.963624871033833,11.966116319823572,11.898562456344813,11.894993849255854,11.869146347045898,11.91961728335052,11.927963681555065,11.936430991437195,926
12.613505363464355,12.611897468566895,12.607821464538574,12.590987617711988,12.623424256077648,12.627824216700777,12.540523287405867,12.566278457641602,12.594425063398202,12.597409688389545,12.606660993998847,927
12.11027717590332,12.107498168945312,12.109213829040527,12.115731321914026,12.10113315436736,12.106145621654086,12.137447899171491,12.148700714111328,12.139252746718826,12.11948895909181,12.115372560238042,928
12.40749740600586,12.411772727966309,12.412982940673828,12.380832686167569,12.380180134418465,12.410271675369396,12.43722592002617,12.416683197021484,12.428585442862802,12.40955912561243,12.40401014650877,929
12.261786460876465,12.278403282165527,12.281347274780273,12.261970359282866,12.265330179145703,12.353349824063196,12.29143710666945,12.327349662780762,12.32573361983249,12.294078641066305,12.291644869910739,930
12.276294708251953,12.267868995666504,12.267163276672363,12.288662466614994,12.248687658431596,12.231286123102313,12.258994653280693,12.304302215576172,12.283816336384664,12.26967515933125,12.266149691767778,931
11.716126441955566,11.731264114379883,11.731447219848633,11.745763263912036,11.764197297134634,11.737062420123157,11.728734633455948,11.758310317993164,11.752782826445198,11.740632059472025,11.749056030711357,932
12.621251106262207,12.623503684997559,12.625508308410645,12.600330060180884,12.577809855445269,12.59910304264656,12.632983426172377,12.632439613342285,12.660081034647561,12.619223348011705,12.612684951777785,933
12.167969703674316,12.180399894714355,12.184001922607422,12.171075406753197,12.147421083256567,12.185829694128543,12.194805468139148,12.213079452514648,12.196744187910278,12.182369645966498,12.177443651415267,934
12.249260902404785,12.22912311553955,12.248278617858887,12.306045737148525,12.242257352136956,12.2863662990305,12.319595584562892,12.264174461364746,12.318027276764012,12.27368103853454,12.258305261983194,935
11.474945068359375,11.462034225463867,11.45568561553955,11.46898766504476,11.500015358830863,11.400286148796598,11.243331497183277,11.352202415466309,11.270557712113224,11.403116189644201,11.432216531273417,936
12.146005630493164,12.143339157104492,12.143301010131836,12.144869357866574,12.159234950640702,12.127326462082943,12.109194242182113,12.124971389770508,12.12287389877527,12.135679566560846,12.142847521116835,937
12.37255573272705,12.3746976852417,12.373462677001953,12.363887273382957,12.38423951882547,12.40893590383311,12.339657879781146,12.351089477539062,12.368930482775044,12.3708285145675,12.375342701488515,938
12.406064987182617,12.423147201538086,12.427824974060059,12.42623962653644,12.403900064072925,12.394663137421418,12.44657040002811,12.41513729095459,12.430727768873005,12.419363938963029,12.416312859662124,939
12.390565872192383,12.377266883850098,12.368891716003418,12.339782480778359,12.366192192448963,12.301634521267664,12.387733058242594,12.448421478271484,12.348600715697552,12.36989876875028,12.37364283913185,940
12.088125228881836,12.093340873718262,12.094291687011719,12.083465412657276,12.040151965371805,12.077596206975663,12.055725793415526,12.116626739501953,12.095820431965057,12.0827938154999,12.078555154282574,941
12.276652336120605,12.28116226196289,12.287259101867676,12.31041928325401,12.294324765155311,12.270353996874539,12.30186234132394,12.335131645202637,12.295224393157406,12.29471001387989,12.296576281521858,942
11.7106351852417,11.696982383728027,11.700693130493164,11.708061584899696,11.706933184148,11.898048759427882,11.722031210994844,11.787761688232422,11.732708900206356,11.740428447485789,11.730380837617302,943
11.844728469848633,11.860079765319824,11.867145538330078,11.828972214963198,11.799737848610373,11.81545615092553,11.847303528796504,11.789827346801758,11.789589244988314,11.826982234287136,11.821726826666744,944
11.941865921020508,11.968708992004395,11.963592529296875,11.988599977068576,11.967281222868367,12.01466576739662,11.985599525842284,11.988697052001953,11.946645364667766,11.973961816907483,11.969627843918927,945
11.871164321899414,11.908659934997559,11.9107084274292,11.897001117880503,11.860068228993423,11.847731079776194,11.89290564620829,11.88850212097168,11.944399024296452,11.891237766939192,11.890413740496012,946
11.860030174255371,11.853615760803223,11.854161262512207,11.86831415942151,11.868291235932126,11.916628437131664,11.941010842147792,11.914349555969238,11.907140269081458,11.887060188583842,11.877080599138718,947
12.469847679138184,12.48617935180664,12.489130020141602,12.51531016782321,12.478003758587699,12.53142894521546,12.492798397858662,12.511208534240723,12.534300892675837,12.500911971943111,12.495935135174747,948
12.260881423950195,12.258591651916504,12.262535095214844,12.263329095290118,12.265029555882801,12.228438393639584,12.261975087211697,12.25133228302002,12.237180098883321,12.2543658538899,12.257033824102088,949
12.086766242980957,12.106026649475098,12.108283996582031,12.082366680087308,12.068489934482912,12.09841409771082,12.077162456063308,12.082525253295898,12.105647654074684,12.090631440528112,12.090240790048432,950
11.827406883239746,11.826931953430176,11.822487831115723,11.838154196921622,11.822810566882076,11.83256782934099,11.852966704368203,11.839616775512695,11.854308772855127,11.835250168185151,11.829131598281933,951
11.673866271972656,11.655162811279297,11.650557518005371,11.659381548850938,11.660068126824758,11.690053828763281,11.652361442127503,11.70148754119873,11.67204950738473,11.668332066267475,11.665841797765278,952
11.783109664916992,11.780632019042969,11.780527114868164,11.769667702586846,11.807145552205519,11.902952209421676,11.801238981334597,11.778828620910645,11.766266620094198,11.796707609486845,11.794719186086391,953
11.949317932128906,11.927228927612305,11.930741310119629,11.958310720544453,11.987373094664838,11.945866935999872,11.950421491921313,11.964415550231934,11.922476460272168,11.94846138038838,11.95474416869828,954
11.746452331542969,11.771142959594727,11.766497611999512,11.841982014982277,11.840073695239223,11.78896751118071,11.823738486816639,11.750198364257812,11.748653180983165,11.78641179517745,11.788237327807266,955
12.034527778625488,12.029855728149414,12.032691955566406,11.991746145660764,11.976769841595129,11.87525571271682,11.971542843249434,11.976032257080078,12.00828655891653,11.988523202395562,11.993859353523085,956
11.70852279663086,11.69983196258545,11.69682788848877,11.722686373678966,11.692424530186578,11.792795579482744,11.734244963627777,11.805941581726074,11.763069571087094,11.735149471943812,11.724060008718615,957
11.750907897949219,11.75002384185791,11.74471664428711,11.743773217354343,11.743077887402736,11.73851697965447,11.760746966193517,11.762618064880371,11.74884037115083,11.749246874525612,11.746889698715636,958
12.171388626098633,12.178186416625977,12.180063247680664,12.170823490180553,12.164041612682656,12.165436190271931,12.150149287546013,12.167496681213379,12.155575723655351,12.167017919550572,12.169335438649679,959
12.017295837402344,12.03368854522705,12.03371810913086,12.017341267304477,12.000401735970803,12.01586410608292,12.062748108503026,12.018803596496582,12.0145505656517,12.023823541307753,12.017209925848295,960
11.756916999816895,11.761667251586914,11.759794235229492,11.734430020064032,11.712703061464435,11.725739982356295,11.776158565925524,11.778091430664062,11.768664719244095,11.75268514070575,11.745634704437714,961
12.492206573486328,12.477849006652832,12.483189582824707,12.5017544904711,12.482528776971693,12.404166726686869,12.506723986457635,12.396944999694824,12.465637355940178,12.467889055465129,12.463846986305814,962
11.956594467163086,11.941328048706055,11.941036224365234,11.957588927488345,11.994413959273082,11.984351102954056,11.986462638757883,11.989945411682129,11.941394275509944,11.965901672877758,11.968732759143453,963
12.550365447998047,12.556246757507324,12.558287620544434,12.53779158194846,12.550610351643495,12.49497233528266,12.624927552535487,12.59506893157959,12.573931812971555,12.560244710223449,12.559176096534141,964
12.307373046875,12.30177116394043,12.30298900604248,12.311685854120629,12.31049831732719,12.32404841623427,12.297053155354124,12.306087493896484,12.319917855244237,12.309047145448316,12.309009067518454,965
12.068988800048828,12.065348625183105,12.065021514892578,12.07423053755093,12.054304942360897,12.043025997900383,12.045412990070796,12.054317474365234,12.064468542583285,12.059457713884006,12.05851640615062,966
11.83907699584961,11.848074913024902,11.855224609375,11.872344944542983,11.844227499697723,11.849225054877046,11.84838798945208,11.83827018737793,11.890722444345037,11.853950515393588,11.852514580644211,967
11.802033424377441,11.802376747131348,11.804856300354004,11.818666907870446,11.8258099216425,11.872558206521253,11.827642998031106,11.827521324157715,11.837417563462685,11.824320377060944,11.82264568231227,968
11.145618438720703,11.165904998779297,11.15904712677002,11.184937741038445,11.241536729948725,11.102136870154641,11.02077745024262,10.99325942993164,11.109313424325036,11.124725801101237,11.153790632047693,969
11.73786449432373,11.75432014465332,11.752420425415039,11.706243919430538,11.738260999195798,11.72207916279473,11.741881148993183,11.733026504516602,11.702262418220176,11.732039913060346,11.737642161115957,970
11.31270980834961,11.329594612121582,11.331832885742188,11.369679337790684,11.451307571054343,11.287310903595605,11.236410225727264,11.243864059448242,11.254732652466314,11.313049117366205,11.348241500639528,971
12.055628776550293,12.07112979888916,12.06970500946045,12.055188700674979,12.06132723966244,12.033043078131142,12.076693489457712,12.056798934936523,12.04861475101358,12.058681086530697,12.06060510930811,972
11.695167541503906,11.685185432434082,11.681943893432617,11.68506890306635,11.70218200937262,11.766975143787619,11.723596780079628,11.70263385772705,11.716014178823794,11.706529748914186,11.700357909402202,973
12.28836727142334,12.270646095275879,12.264787673950195,12.255134643497236,12.230179524136407,12.271559916768831,12.256326701033556,12.269640922546387,12.272369012482098,12.26433464012377,12.25505414994716,974
12.024195671081543,12.0906982421875,12.093223571777344,12.055520218751433,12.048413880026864,12.02293103422395,12.105924853225392,12.114933013916016,12.074108012861396,12.069994277561271,12.075235491473533,975
12.042545318603516,12.057538986206055,12.061123847961426,12.052783753356291,12.026611652888782,11.962044158798816,12.019419909375536,11.978572845458984,12.011041859857619,12.023520259167448,12.026262874568715,976
11.407482147216797,11.386852264404297,11.38497257232666,11.462025760881318,11.415292204637836,11.334739937746157,11.372499707384513,11.409175872802734,11.38824400693001,11.395698274925591,11.396219494746177,977
12.246222496032715,12.245999336242676,12.244587898254395,12.24864442313785,12.254971513183962,12.189062784937278,12.195152255660782,12.202507972717285,12.202488603883547,12.225515253783389,12.234162022838026,978
11.54899787902832,11.547886848449707,11.54539680480957,11.57221651780699,11.58180638749587,11.602068099428337,11.567287258271113,11.575616836547852,11.595463947027213,11.57074895320722,11.5707611732374,979
11.846735954284668,11.82930850982666,11.825077056884766,11.846354465062014,11.85376181670087,11.860851405932516,11.835663043777025,11.837902069091797,11.829802476923499,11.840606310942645,11.839185753228142,980
12.211943626403809,12.191758155822754,12.189615249633789,12.17762839754934,12.179558383196866,12.015599196422217,12.058459265492921,12.060616493225098,12.069849063014008,12.128336425640088,12.144333044824268,981
12.671379089355469,12.663351058959961,12.660423278808594,12.662572612763025,12.691334711766244,12.664891525371548,12.692262727158607,12.668099403381348,12.680727094565519,12.67278238912559,12.674411472889947,982
12.051624298095703,12.053051948547363,12.054113388061523,12.056214727468408,12.04976868111201,12.042539698132304,12.062159863485798,12.051026344299316,12.015863682392913,12.048484736843927,12.047402322744464,983
12.425076484680176,12.42894458770752,12.429631233215332,12.407456001392013,12.39406411072353,12.405033077013323,12.426335818418382,12.450850486755371,12.446573079442592,12.423773875483137,12.42119626444825,984
11.732932090759277,11.754884719848633,11.760079383850098,11.73641284161683,11.693477322893074,11.712657530993809,11.758226775866724,11.756061553955078,11.789819933973034,11.743839128195171,11.737551815116566,985
11.7496976852417,11.74987506866455,11.736214637756348,11.71434910076955,11.68936002377108,11.722425523404892,11.765402866787278,11.791440963745117,11.783856979930828,11.74473587223015,11.732918773714282,986
11.710968971252441,11.740870475769043,11.752755165100098,11.733819711306625,11.68972517739993,11.760008546783679,11.757472312953634,11.772098541259766,11.815023882206159,11.748082531559042,11.74151569735124,987
12.866724014282227,12.841190338134766,12.839715957641602,12.865272638282024,12.86237821855311,12.979244314779987,12.960017765155726,12.924162864685059,12.94644973791816,12.898350649936962,12.87930112306191,988
12.15054988861084,12.163769721984863,12.1665620803833,12.156446694290485,12.142202977328278,12.170845166490807,12.172388710274404,12.188132286071777,12.147324242689576,12.162024640902704,12.15970220600801,989
12.180314064025879,12.192858695983887,12.194490432739258,12.16412906795958,12.154173044791147,12.151296799613446,12.189262075483569,12.18421459197998,12.181406483955278,12.17690502850356,12.175511710107573,990
12.628021240234375,12.618465423583984,12.61627197265625,12.626148265581085,12.656832803600645,12.668307335073116,12.618303700940778,12.633052825927734,12.650002688265356,12.63504513954037,12.639026409423987,991
12.023594856262207,12.027222633361816,12.031997680664062,12.05578092264544,11.994871624832914,12.087109840368141,12.091069465270397,12.041540145874023,12.105390393994632,12.050953062585958,12.03198356909186,992
12.25035572052002,12.260562896728516,12.26332950592041,12.269369951026988,12.240740177236308,12.188713214246608,12.190113771505592,12.200189590454102,12.204703380396285,12.229786467559425,12.23582071988052,993
12.059889793395996,12.06457233428955,12.064434051513672,12.039021250575448,12.043577945975965,12.03329345636563,12.03664524407374,12.054267883300781,12.056552908459997,12.050250540883418,12.053278003597159,994
12.800055503845215,12.808429718017578,12.808404922485352,12.786451773984862,12.790856588889428,12.719651793865937,12.753649652829484,12.749870300292969,12.75746313989044,12.774981488233474,12.783291004694979,995
11.668095588684082,11.639543533325195,11.63058853149414,11.645240717328674,11.678379591694085,11.65957541554317,11.63006494516658,11.637688636779785,11.678712657368374,11.6519877352649,11.654585800000035,996
11.80213451385498,11.829365730285645,11.826926231384277,11.79922880915152,11.807008262169663,11.82134951204549,11.80809293932464,11.826062202453613,11.84474896230956,11.818324129219933,11.821696192022307,997
11.986769676208496,11.997444152832031,12.001626968383789,11.993291760289,12.006496906968065,12.014795766348179,12.018351520517447,11.972332000732422,11.996599747293095,11.99863427773028,11.999166890065359,998
11.25497817993164,11.320222854614258,11.326507568359375,11.314084102078546,11.329991322182035,11.428262561449442,11.353492206824942,11.399410247802734,11.404385053634046,11.347926010764112,11.352653747530235,999
12.148945808410645,12.151716232299805,12.151933670043945,12.155957084065914,12.174977760899239,12.171410235050995,12.138278931740269,12.130367279052734,12.1321878173693,12.150641646548095,12.155503900014201,1000
11.106797218322754,11.12012767791748,11.135785102844238,11.193077295969784,11.2719692616456,11.226397952944145,11.062280785668747,10.980695724487305,10.754310739212094,11.094604639890239,11.12282184969712,1001
11.32656478881836,11.32077407836914,11.323145866394043,11.343307763108125,11.39631879298508,11.443560369868191,11.320388350316712,11.33317756652832,11.386600970075941,11.3548709496071,11.363018633959904,1002
12.381386756896973,12.392487525939941,12.395405769348145,12.404991780901737,12.424444011182256,12.437452632930796,12.420466286451365,12.419804573059082,12.442318660278312,12.413195332998734,12.416251971297859,1003
11.947365760803223,11.938929557800293,11.93820858001709,11.93652152773311,11.884560385956767,11.905693263555163,11.909521394460546,11.905362129211426,11.887419727865673,11.917064703044808,11.90795906207915,1004
12.119617462158203,12.106428146362305,12.10682487487793,12.130425573391532,12.147258112396022,12.15018286789002,12.138161376568357,12.148942947387695,12.172530040484164,12.135596822390692,12.136221004962536,1005
11.878131866455078,11.887734413146973,11.888256072998047,11.865023484878305,11.861998104294788,11.841294297323135,11.850176974092637,11.827386856079102,11.84423069801044,11.860470307475389,11.863007857147561,1006
12.033639907836914,12.021728515625,12.020224571228027,12.00942171857519,11.99661766608736,11.91506369881796,11.955002101558254,11.999645233154297,11.934061576279683,11.987267221018078,11.993913653054179,1007
11.367688179016113,11.37170124053955,11.37913703918457,11.410848238018207,11.39446444312034,11.358714650015758,11.416413903146244,11.37813663482666,11.368720784743763,11.3828694569568,11.381856084857617,1008
12.394726753234863,12.381513595581055,12.384774208068848,12.423022086250693,12.37619178490068,12.393013547435404,12.37316251793004,12.355496406555176,12.339535358767934,12.380159584302744,12.373161906196389,1009
11.522603034973145,11.507524490356445,11.504796028137207,11.61938539412926,11.575340418374541,11.57034832479677,11.610527389414523,11.559076309204102,11.569253107220028,11.559872721845116,11.547260194647906,1010
11.766530990600586,11.746204376220703,11.738458633422852,11.743560372325897,11.776764762752252,11.75240091583867,11.76763718974073,11.733144760131836,11.717930979746848,11.749181442308931,11.749159215189952,1011
11.559666633605957,11.559371948242188,11.559266090393066,11.634957680590944,11.602387333956482,11.647086163130297,11.615593896249717,11.603382110595703,11.607719495866698,11.598825705847895,11.590547449943085,1012
11.991827011108398,11.997143745422363,11.994217872619629,11.973818893590888,11.99127224019455,12.014678148837795,12.01960586232521,12.0057373046875,12.023446755096241,12.001305314875843,11.999250418326085,1013
11.416202545166016,11.443568229675293,11.440956115722656,11.470223880046467,11.471238040985998,11.455412823570247,11.428328912820936,11.52519702911377,11.370660161434406,11.446865304281753,11.456792344717817,1014
11.669490814208984,11.689501762390137,11.694992065429688,11.696239621600894,11.660077350151568,11.60478823856623,11.66795031023767,11.668752670288086,11.641762505434867,11.665950593145347,11.66845339153703,1015
12.23862361907959,12.252082824707031,12.258800506591797,12.25255923529781,12.248414085813273,12.32389163106147,12.284732084980924,12.302289962768555,12.301157059584805,12.27361677887614,12.27000904883035,1016
12.333253860473633,12.324942588806152,12.321513175964355,12.3223631044786,12.303446405541141,12.299206722228064,12.308776103122666,12.310672760009766,12.305738707037516,12.314434825295766,12.310851328219348,1017
12.116560935974121,12.151570320129395,12.14947509765625,12.121462937865148,12.15387113549504,12.113875176800613,12.15630873568979,12.153584480285645,12.15156387292514,12.140919188091239,12.149745246870264,1018
11.999798774719238,12.008756637573242,12.009909629821777,12.000596064213932,12.000593625741914,12.053538069568011,12.059011045778664,12.031813621520996,12.023658094933468,12.020852840430138,12.013981999912078,1019
12.179740905761719,12.16143798828125,12.160365104675293,12.179965658890604,12.170610209741067,12.14321070733096,12.18435728687674,12.185155868530273,12.191629665873354,12.172941488440138,12.169856914717844,1020
11.959275245666504,11.944680213928223,11.943246841430664,11.960996491319948,11.964876598364981,12.029415541491973,11.947706923274405,11.949914932250977,11.95120898370741,11.961257974603898,11.957311651336024,1021
12.228656768798828,12.233719825744629,12.23293399810791,12.242443020374184,12.227860019583746,12.1896804111623,12.192631955149901,12.190021514892578,12.186694167908785,12.213849075746985,12.217436395895913,1022
11.615528106689453,11.632845878601074,11.634466171264648,11.620264676173512,11.613113319424311,11.650301001040926,11.64028756854757,11.69625186920166,11.669922116186186,11.64144230079215,11.64110615637396,1023
12.134743690490723,12.118866920471191,12.118206024169922,12.142472533932935,12.138305140198373,12.165463966851272,12.160007544254698,12.158387184143066,12.15888317617955,12.14392624229908,12.137990386661855,1024
12.550756454467773,12.529205322265625,12.530102729797363,12.594789403020577,12.544262313469629,12.553676774680463,12.655572685689267,12.67330551147461,12.598644087074714,12.581146142437781,12.564702455394663,1025
11.69217586517334,11.692998886108398,11.687570571899414,11.693354764312641,11.731142973721505,11.701912868210165,11.723851858330816,11.709606170654297,11.733983765046414,11.70739974705078,11.711321405328295,1026
11.83841323852539,11.861989974975586,11.864275932312012,11.815763202533246,11.842478168978285,11.857502487939868,11.889089906462601,11.87004280090332,11.874618584854332,11.857130477498295,11.858512624217958,1027
12.610091209411621,12.589090347290039,12.588790893554688,12.636578181903111,12.591920916550798,12.618340456834847,12.680120674347105,12.658465385437012,12.649335761791127,12.624748203013372,12.608332199414379,1028
11.676528930664062,11.671332359313965,11.672269821166992,11.688229423410126,11.666765124549002,11.720230401984148,11.72996145407192,11.73104476928711,11.734506633389353,11.698985435315187,11.688536961788843,1029
11.669466018676758,11.669654846191406,11.671092987060547,11.68072076070162,11.69625420671105,11.695463872457866,11.687775160176876,11.695277214050293,11.686438613415936,11.683571519938036,11.68618018885205,1030
11.855744361877441,11.842616081237793,11.847237586975098,11.838096203908083,11.8312436845221,11.809266383044749,11.81155409505723,11.828198432922363,11.84126835877258,11.833913909813049,11.836227755906874,1031
12.257768630981445,12.245859146118164,12.241263389587402,12.214569202772259,12.224752648486419,12.198626787119137,12.254629837124899,12.334776878356934,12.254780535261013,12.247447450645296,12.24848361238352,1032
12.633027076721191,12.649077415466309,12.6514892578125,12.654236231745152,12.68594540439575,12.714160192430514,12.692618547258379,12.649174690246582,12.658498772025188,12.665358620900172,12.667101460870779,1033
12.373299598693848,12.350946426391602,12.349778175354004,12.370467942534589,12.391447961973025,12.366678567429485,12.378168999494152,12.341322898864746,12.349412853369849,12.363502602678368,12.363495738727686,1034
11.662077903747559,11.705307960510254,11.706992149353027,11.672194969160397,11.677817227746687,11.674466210483304,11.703763505999799,11.681496620178223,11.709197554456724,11.688146011292886,11.691787895405977,1035
11.256141662597656,11.261211395263672,11.25479507446289,11.255440567860354,11.289074140317512,11.233251572868966,11.218528024934225,11.192667961120605,11.218843253356713,11.2422170725314,11.252077115102606,1036
12.677811622619629,12.707785606384277,12.711864471435547,12.678593633125013,12.659580772324269,12.574330069486287,12.667235299514456,12.611330032348633,12.699632873134325,12.665351597819159,12.670254227144198,1037
12.425461769104004,12.445404052734375,12.448882102966309,12.491226925505806,12.485712463531978,12.427592003942786,12.447083463857895,12.459617614746094,12.486574501168732,12.457506099728665,12.465714918280945,1038
11.442928314208984,11.473658561706543,11.47071361541748,11.564557214749268,11.506105969789388,11.586147349703568,11.631362649977556,11.603946685791016,11.585105466458877,11.540502869755853,11.521212711609211,1039
11.234953880310059,11.238283157348633,11.236265182495117,11.254634321819209,11.208734176393156,11.322122544357574,11.219236830568653,11.257124900817871,11.253874988373848,11.24724777583157,11.236887341885797,1040
11.89030933380127,11.911903381347656,11.917948722839355,11.936710999560063,11.941501073437522,11.92608311541296,11.958721606487325,11.9725980758667,11.92239849985809,11.930908312067883,11.934871279054104,1041
12.013772010803223,12.03022575378418,12.035496711730957,12.027876373030772,11.987311355738665,11.965640494637375,11.989765608692409,12.043403625488281,12.036063092135453,12.014395002893478,12.016490343623293,1042
12.172053337097168,12.178973197937012,12.175760269165039,12.184011611741589,12.200969028233242,12.220894484342198,12.129157496467057,12.149212837219238,12.098236092895693,12.167696483899803,12.174558335361546,1043
12.447412490844727,12.468091011047363,12.472332000732422,12.463408206871831,12.43678904268541,12.469056087984086,12.45627314172392,12.45596694946289,12.512236794977996,12.464618414036739,12.462074583058307,1044
12.68376350402832,12.644331932067871,12.629683494567871,12.660319684175107,12.6650326448774,12.576119679058577,12.589902343369431,12.643269538879395,12.596963066413005,12.632153987492998,12.636984092633952,1045
11.77803897857666,11.727166175842285,11.715065002441406,11.73175711451275,11.772711910746645,11.75216928872952,11.81027798320474,11.77092456817627,11.742945308524279,11.755672925639395,11.747838069671165,1046
13.030893325805664,13.038625717163086,13.033722877502441,13.01421481962764,13.027941019766763,12.980883247116452,13.048350275280576,13.07673168182373,13.001621159113034,13.028109347022154,13.031611370125379,1047
11.888047218322754,11.891707420349121,11.888407707214355,11.861244490540454,11.888769273941826,11.862992090306154,11.864688996920533,11.865538597106934,11.878674642602135,11.876674493033809,11.882655343607045,1048
11.78492259979248,11.746999740600586,11.748098373413086,11.79178714152646,11.838035693689816,11.808120862743827,11.79852792182853,11.803589820861816,11.85406062329686,11.79712697530594,11.801436245453905,1049
11.476089477539062,11.46902084350586,11.465524673461914,11.494347631994508,11.502244177658785,11.543772059969049,11.492306174467709,11.524420738220215,11.51649391602291,11.498246632537779,11.496548667698537,1050
12.13877010345459,12.14792537689209,12.14930534362793,12.13947422289478,12.10077939853293,12.085610811474188,12.134457713625833,12.148054122924805,12.111940943046264,12.128479781830379,12.125093782721816,1051
12.178475379943848,12.183884620666504,12.188138008117676,12.185725636212407,12.12616085081755,12.099651149878646,12.1528829110235,12.156275749206543,12.17670481906823,12.160877680548323,12.156269513334044,1052
12.00666618347168,12.038193702697754,12.052536964416504,12.046537980607717,12.006571986578097,12.052605533640225,12.018496271894684,12.000815391540527,12.013233331731628,12.026184149619867,12.02520444663335,1053
11.859565734863281,11.869266510009766,11.866616249084473,11.880600306063789,11.831874333917675,11.882232100345968,11.87825646148085,11.889226913452148,11.86379537436335,11.869048220397922,11.858835269492058,1054
12.459701538085938,12.467840194702148,12.471125602722168,12.487602013720755,12.475428771508561,12.475863371188733,12.472255113201438,12.4899320602417,12.482228951208386,12.475775290731091,12.4768135005503,1055
12.02444839477539,12.034819602966309,12.033965110778809,12.049139973114785,12.040087641764714,11.994451795128786,12.016855516865634,12.026612281799316,12.019385631612854,12.02664066097851,12.031105354721157,1056
12.27631664276123,12.258390426635742,12.255319595336914,12.287263295683035,12.28909169781976,12.227794022887771,12.212071334321822,12.21655559539795,12.216213552489952,12.248779573703796,12.255186406038549,1057
12.383378028869629,12.397587776184082,12.405125617980957,12.39080606563769,12.409938893405013,12.283133148292022,12.366209107466787,12.328274726867676,12.35697836632583,12.36904797011441,12.38324250196701,1058
12.764373779296875,12.766685485839844,12.765399932861328,12.760864694811977,12.807834328139748,12.735203260339587,12.779648457191943,12.76958179473877,12.780590482208233,12.7700202461587,12.780215062673614,1059
12.216720581054688,12.212224960327148,12.203587532043457,12.188361277108557,12.205063218099799,12.221538631996602,12.187282759913247,12.171659469604492,12.18274290399782,12.198797926016201,12.198163034119688,1060
12.248701095581055,12.267097473144531,12.262969017028809,12.202773565762334,12.217135516097507,12.260175245777468,12.197170983100241,12.261591911315918,12.265598537646719,12.242579260606064,12.247455087155597,1061
11.408228874206543,11.32423210144043,11.337752342224121,11.462732259528007,11.55637864516864,11.48409159056572,11.416823256557688,11.213973999023438,11.152754218620386,11.372996365259443,11.381570727286558,1062
11.731143951416016,11.75794506072998,11.756842613220215,11.721068339416396,11.729603734717255,11.684965999292602,11.718093700427394,11.717117309570312,11.715459517016138,11.725804469534033,11.733233500781001,1063
11.665801048278809,11.683354377746582,11.688675880432129,11.717736180290835,11.663880538579747,11.663641731459172,11.756625070584782,11.765522956848145,11.736027248768684,11.704585003665432,11.695315250992655,1064
11.954353332519531,11.947412490844727,11.942615509033203,11.942520063176662,11.982229688395144,11.965068864068938,11.953257003709165,11.944289207458496,11.934077876778677,11.951758226220504,11.956567673186695,1065
12.558662414550781,12.546435356140137,12.546839714050293,12.534738622151924,12.599160011737775,12.551074553764115,12.523597905693403,12.542181015014648,12.505363963383983,12.545339284054117,12.559537809225386,1066
12.093026161193848,12.090836524963379,12.090662002563477,12.096788662811548,12.091017288703831,12.050529278973576,12.083253053410502,12.086457252502441,12.103939457371725,12.087389964721591,12.08929584334593,1067
12.11886978149414,12.105538368225098,12.101513862609863,12.084574246579564,12.090139142476474,12.048000622117268,12.058711188388605,12.0469388961792,12.050052111832109,12.07825980221137,12.081025756140365,1068
12.068668365478516,12.090765953063965,12.098085403442383,12.095578069977305,12.013920972907034,11.96459158994575,12.006270762822172,11.988424301147461,12.038292872153562,12.04051092121535,12.039491640471505,1069
11.762042999267578,11.760148048400879,11.75717544555664,11.74752678869581,11.75495964027428,11.742775337950729,11.76696074710157,11.738781929016113,11.753057966699252,11.753714322551426,11.75245171367104,1070
11.776528358459473,11.782268524169922,11.781167984008789,11.738981785360913,11.718113741737355,11.846158089949787,11.787442579914396,11.791877746582031,11.767145351452278,11.776631573514996,11.763721451966221,1071
11.92052173614502,11.93225383758545,11.933531761169434,11.922657063543715,11.9476194344974,11.968696617201006,11.930540118219126,11.95102310180664,11.921190855506499,11.936448280630477,11.941533871049185,1072
11.582140922546387,11.60314655303955,11.603510856628418,11.575617182398311,11.53520340412228,11.59812201027982,11.63511635694667,11.616984367370605,11.633906075408401,11.598194192082271,11.585463812599336,1073
11.899304389953613,11.892621994018555,11.898402214050293,11.916709960102729,11.916136711613664,11.957117812448416,11.911735784102042,11.922497749328613,11.91408710450039,11.91429041334648,11.91298070104866,1074
12.140843391418457,12.145662307739258,12.145624160766602,12.149097439192026,12.159424365058324,12.17913160351555,12.182812153124045,12.176545143127441,12.11959895034765,12.155415501587704,12.1539336737738,1075
12.174507141113281,12.156905174255371,12.14850902557373,12.107806723016726,12.156523001420936,12.184676064953036,12.158379185831597,12.195643424987793,12.162854931399666,12.160644963616903,12.161768132811952,1076
11.948445320129395,11.923762321472168,11.92268180847168,11.938295455380624,11.98997083463638,11.99098303164896,11.952793251420582,11.953959465026855,11.979023819360293,11.955546145282995,11.959945099967388,1077
11.767048835754395,11.758252143859863,11.761148452758789,11.78769589623894,11.776438072611644,11.790235552055455,11.730467543799588,11.761791229248047,11.757790777601134,11.765652055991984,11.767696852313536,1078
11.863658905029297,11.866727828979492,11.867359161376953,11.872299976305573,11.872705277674573,11.828972107960539,11.875014885983441,11.868839263916016,11.880192103385326,11.866196612290134,11.868562592590095,1079
11.791888236999512,11.782032012939453,11.77830982208252,11.777652610694725,11.803926186650006,11.79115133281433,11.848081056805315,11.816267013549805,11.819207845307908,11.800946235315953,11.797675813155186,1080
12.057411193847656,12.056781768798828,12.056674003601074,12.05092933230696,12.056361437494093,12.071806243738326,12.026899747167377,12.076943397521973,12.036366119263231,12.054463693748836,12.058226992170962,1081
11.750984191894531,11.73947525024414,11.735671043395996,11.753399239294874,11.769140224715258,11.764248461662506,11.78336666875294,11.765049934387207,11.773199706765139,11.75939274679029,11.756957083986977,1082
12.16162395477295,12.176384925842285,12.179734230041504,12.160920120440156,12.15568322609897,12.160605401090143,12.18731172432399,12.17499828338623,12.193105605347569,12.172263052371532,12.171284909272547,1083
11.942437171936035,11.94327163696289,11.945068359375,11.956960413119557,11.95410275614088,11.919763424079745,11.9594665187522,11.943892478942871,11.958768121503919,11.947081208979235,11.947966416576357,1084
12.120891571044922,12.09963321685791,12.097026824951172,12.10337216873629,12.104319211759972,12.127739658237122,12.116124313070705,12.119526863098145,12.10247503695031,12.110123207189615,12.105143414670241,1085
11.971298217773438,11.986953735351562,11.989442825317383,11.947813590139802,11.979496670879243,11.93375125903195,11.941303775115772,11.907910346984863,11.931999441303592,11.9544410957664,11.964696982053972,1086
11.450651168823242,11.449122428894043,11.4439115524292,11.464065325328276,11.445370503043097,11.4326653406019,11.504364790138904,11.467512130737305,11.472846236396421,11.458945497376932,11.450356426281132,1087
12.444589614868164,12.451693534851074,12.453965187072754,12.45927973361416,12.477505807142565,12.453106870106094,12.473744753071117,12.47453784942627,12.46847219651783,12.461877282963336,12.466438248635384,1088
11.87270450592041,11.896949768066406,11.910158157348633,11.895039092376242,11.815835764052629,11.770380834073302,11.850253880964337,11.798707962036133,11.83657245984728,11.849622491631708,11.846030689396732,1089
12.27096939086914,12.264995574951172,12.265254020690918,12.283749726752824,12.265619493908009,12.20876753769024,12.255190475513428,12.230676651000977,12.27026142569778,12.257276033008276,12.257590095390793,1090
11.37320613861084,11.371076583862305,11.367746353149414,11.360528766951358,11.366772745358617,11.427586213598639,11.333434397110743,11.416417121887207,11.410218285747554,11.3807762895863,11.382598892634503,1091
11.980171203613281,11.988317489624023,11.988317489624023,11.954546746967257,11.958420141301916,11.987369026525071,12.029984606090645,11.925521850585938,11.984636259039787,11.97747609037466,11.968553969483683,1092
12.061070442199707,12.0482759475708,12.043810844421387,12.051622837955083,12.021616585217805,12.008736820822948,12.03215489202541,11.999608039855957,11.997274825389137,12.02935235949536,12.022794739391687,1093
12.028619766235352,12.019705772399902,12.017073631286621,12.0505978211226,12.054096749044364,11.992468702449264,11.954553894686402,11.971320152282715,11.979602481390495,12.007559885655303,12.017350379718623,1094
11.788345336914062,11.79157543182373,11.789419174194336,11.762101118757013,11.750542881784433,11.770859986482755,11.818500052792258,11.7968168258667,11.797719555219583,11.785097818203875,11.77724839083637,1095
12.075902938842773,12.063207626342773,12.063211441040039,12.085456943839556,12.07207478636222,12.131641800238114,12.04413768175253,12.034704208374023,12.04514818304985,12.068387289982432,12.06397232357282,1096
11.692931175231934,11.68704891204834,11.681289672851562,11.739530229763826,11.723933811716552,11.726132614861076,11.685928168596575,11.690803527832031,11.705586418223335,11.703687170125026,11.702245062317212,1097
11.92745304107666,11.964577674865723,11.961087226867676,11.903584601261931,11.901361826563363,11.942632705277441,11.92689284362245,11.971893310546875,11.926298857404316,11.936198009720718,11.9377503685442,1098
11.675172805786133,11.655447959899902,11.647619247436523,11.637604374974112,11.684691079937288,11.633398903873113,11.628308481538545,11.644706726074219,11.647267194107389,11.650468530403025,11.658821764313208,1099
12.007271766662598,12.018513679504395,12.019327163696289,12.018846835887834,12.044875177156822,12.057909953881248,12.040068848905198,12.065845489501953,12.064674968048319,12.03748154258274,12.041886360125835,1100
10.955144882202148,10.945805549621582,10.941688537597656,10.976219117310734,10.982502631757654,11.031565376884174,10.983396790693027,11.015680313110352,10.951245728725024,10.975916547544706,10.972508578383225,1101
11.668963432312012,11.659388542175293,11.658225059509277,11.687062611271045,11.706384648092634,11.732314250480202,11.706514734621031,11.71221923828125,11.702790324602043,11.692651426816088,11.691450256873804,1102
11.78306770324707,11.811368942260742,11.817448616027832,11.793992672633586,11.804145106018709,11.793355504615972,11.805264721303299,11.799903869628906,11.820829136382825,11.803264030235438,11.809369874875541,1103
11.971671104431152,12.006706237792969,12.01136589050293,11.969624717199679,11.95627840379857,11.980366657687266,11.953326916429582,11.917184829711914,11.92635503688267,11.965875532715193,11.967995094921823,1104
11.597426414489746,11.560389518737793,11.557210922241211,11.576159286998275,11.610678677680035,11.668408766805872,11.613077974944492,11.647787094116211,11.638881546061674,11.607780022452811,11.60374219632304,1105
12.708294868469238,12.71371841430664,12.714462280273438,12.700012310457977,12.727386610596746,12.679950178098393,12.65213752691276,12.670207977294922,12.715283148062346,12.697939257163604,12.710410879300998,1106
12.163187026977539,12.154070854187012,12.153356552124023,12.189578239669515,12.145625100962768,12.122492885054893,12.192334946997574,12.177702903747559,12.167650652322035,12.162888795782546,12.15411083909502,1107
12.46866226196289,12.475698471069336,12.473847389221191,12.45459353079958,12.449046972181453,12.352477373232341,12.389336499812268,12.383217811584473,12.396807942613181,12.427076472497413,12.43687929640637,1108
11.996249198913574,12.019116401672363,12.022696495056152,12.010749972844243,12.051524318942622,12.032528067454278,11.980640669990303,12.016924858093262,12.02943179739439,12.017762420040134,12.03284588833997,1109
12.622416496276855,12.612502098083496,12.613024711608887,12.622953906051222,12.619384256682995,12.649200391551386,12.632405003237281,12.621705055236816,12.630798551010361,12.624932274415478,12.620436962399811,1110
12.094219207763672,12.089067459106445,12.087630271911621,12.097072451871362,12.100979539332272,12.122799606303888,12.111062755648543,12.107604026794434,12.093655984513273,12.100454589249502,12.097732546890184,1111
12.155248641967773,12.175537109375,12.181367874145508,12.16737183048599,12.159459880910934,12.139692658713821,12.183072200971989,12.182861328125,12.190085035345826,12.17052184000465,12.17276221211412,1112
11.729729652404785,11.709990501403809,11.706092834472656,11.715039778894996,11.721786354945616,11.741584945782925,11.731684379679761,11.732013702392578,11.709406954590806,11.721925456063104,11.717585679043871,1113
11.81759262084961,11.805877685546875,11.803701400756836,11.815125208378504,11.808283779097321,11.74174712669903,11.797371216253978,11.79638385772705,11.796346861635316,11.798047750771612,11.799821912166653,1114
11.654356956481934,11.669232368469238,11.668817520141602,11.662303667709914,11.673220332090406,11.699173106492042,11.67031120371908,11.674155235290527,11.685208186009854,11.672975397378288,11.674595813019026,1115
12.678762435913086,12.679336547851562,12.677867889404297,12.65767955325688,12.680516207236472,12.664990183720953,12.637576302471903,12.642274856567383,12.670408397449197,12.665490263763525,12.671976895271866,1116
12.158854484558105,12.141253471374512,12.141209602355957,12.147377448717009,12.137424378628811,12.15459319621937,12.148479257381963,12.160859107971191,12.176256575778087,12.151811946998333,12.147378692761281,1117
11.801233291625977,11.802903175354004,11.801647186279297,11.791343292266692,11.767096055506675,11.790202979758329,11.82906867803369,11.845159530639648,11.83710288837679,11.807306341982345,11.799588947200483,1118
11.82190990447998,11.820055961608887,11.81182861328125,11.81717021266187,11.847260313476529,11.850449068911013,11.80768335366218,11.854168891906738,11.822174295504519,11.828077846165888,11.833324004608345,1119
11.748501777648926,11.770730018615723,11.76860237121582,11.731192488603401,11.76984017190627,11.741848606731,11.794257237130644,11.75034236907959,11.74908303559993,11.758266452947923,11.762690141071007,1120
11.613698959350586,11.643656730651855,11.635200500488281,11.6168035295055,11.617843406165633,11.688225388855013,11.61011307080664,11.627518653869629,11.626368262604322,11.631047611366384,11.630310412956305,1121
12.337128639221191,12.326886177062988,12.325047492980957,12.331642268241907,12.324059304829493,12.31290910169934,12.294888665612975,12.293671607971191,12.320847443508658,12.318564522347632,12.318946937949985,1122
11.296398162841797,11.336711883544922,11.337634086608887,11.32670907138533,11.328037991272314,11.314261024402358,11.224275029879387,11.203532218933105,11.242538922917861,11.290010932420664,11.303055126981405,1123
11.582294464111328,11.57518482208252,11.571735382080078,11.469274926704147,11.528741459984834,11.562709855689825,11.50420222081016,11.55387020111084,11.556657819707763,11.54496346136461,11.552481532729514,1124
12.01465892791748,12.012767791748047,12.009981155395508,12.008428937742055,12.023494981183113,12.01406101998665,12.048943730798815,12.043132781982422,12.05504784210675,12.025613018762314,12.024511972455947,1125
11.56862735748291,11.589189529418945,11.596612930297852,11.567019887528753,11.559558759204744,11.601720448843873,11.631166268055502,11.632499694824219,11.608412736253179,11.59497862354555,11.590983802519691,1126
12.183505058288574,12.173712730407715,12.174907684326172,12.196084934658211,12.2135947481559,12.172513973289515,12.172178442982853,12.199453353881836,12.174288762617195,12.184471076511997,12.191345051229394,1127
12.379143714904785,12.397170066833496,12.399277687072754,12.43372321415315,12.389415072774163,12.440206523916679,12.391925891162169,12.394451141357422,12.425210630113085,12.405613771365301,12.400392204621726,1128
12.26479721069336,12.276622772216797,12.27843189239502,12.27276152601116,12.26599743413205,12.274626316263745,12.265875580498433,12.267130851745605,12.263821362640346,12.270007216288501,12.270785201363132,1129
11.746853828430176,11.75002384185791,11.747206687927246,11.70416705442306,11.775027466400564,11.70430166531881,11.72264652651248,11.736285209655762,11.738030903058592,11.736060353731622,11.751517841910577,1130
11.865336418151855,11.82629108428955,11.818951606750488,11.830692473682353,11.807248343720616,11.917831790720472,11.803614578504465,11.871965408325195,11.847468570654629,11.843266697199958,11.831561186428571,1131
11.64455795288086,11.615330696105957,11.610306739807129,11.541133281577558,11.619917701803997,11.603217618239979,11.592283745529821,11.558255195617676,11.62838101526762,11.6014871052034,11.607426729438044,1132
11.820987701416016,11.803256034851074,11.790130615234375,11.763945032755787,11.774807233968925,11.718204896892516,11.79766669052645,11.714747428894043,11.66746893588851,11.761246063380856,11.756506420203317,1133
12.361032485961914,12.363166809082031,12.365726470947266,12.366637923286103,12.348497789474282,12.299166491186268,12.398643827839285,12.4194917678833,12.402557559404478,12.369435680562768,12.368000088498185,1134
12.072519302368164,12.066234588623047,12.066474914550781,12.072135208183152,12.07540734123927,12.068645678550572,12.08044024960189,12.098569869995117,12.091928657042155,12.076928423350461,12.077080168118762,1135
11.531057357788086,11.52729320526123,11.5250825881958,11.533181092417408,11.551696037845295,11.580522991223654,11.56487978779053,11.552818298339844,11.573176245877109,11.548856400526551,11.546498651422665,1136
11.692496299743652,11.692127227783203,11.693683624267578,11.705295499249985,11.721612331094331,11.67528410780342,11.678516339902917,11.70800495147705,11.682483003217142,11.694389264948809,11.702932899825196,1137
11.429156303405762,11.455181121826172,11.451089859008789,11.43266917769679,11.47279282645406,11.473745459007697,11.492362954330499,11.435587882995605,11.456145364972528,11.455414549966434,11.45796132199295,1138
12.269083976745605,12.252281188964844,12.256027221679688,12.288438499678941,12.238322193949319,12.267119586726663,12.265319116909682,12.159972190856934,12.221562299853483,12.246458475040574,12.232840210578434,1139
11.715968132019043,11.694204330444336,11.699088096618652,11.671933084265369,11.645583376450745,11.773393986177034,11.718854854790244,11.765477180480957,11.74751172732743,11.714668307619313,11.700330104971195,1140
11.751946449279785,11.763559341430664,11.767971992492676,11.757034841971597,11.764201128649146,11.73221528334607,11.72855566908531,11.735994338989258,11.738430442083889,11.748878831925376,11.7567555832676,1141
12.100774765014648,12.108081817626953,12.113740921020508,12.10684499845133,12.071621523772226,12.142581053289558,12.13410910442835,12.105443000793457,12.099992542209236,12.109243302956251,12.098503957286344,1142
12.895174980163574,12.897950172424316,12.894521713256836,12.899388904487338,12.909632497657256,12.989052779850729,12.985025942781617,13.02223014831543,12.92203871884974,12.935001761976315,12.926798840171205,1143
11.504781723022461,11.498278617858887,11.490036964416504,11.471643515809557,11.450339232447854,11.534907177795404,11.48319025752111,11.476692199707031,11.500306972601425,11.490019629020026,11.478384970849422,1144
11.361080169677734,11.396452903747559,11.402029037475586,11.431299124545145,11.416486344232098,11.473724490141958,11.492865999181264,11.407916069030762,11.386880069757634,11.418748245309972,11.41023834620599,1145
11.778956413269043,11.793633460998535,11.7913818359375,11.755721989989894,11.765121696935868,11.853067497528343,11.830658107523343,11.802206993103027,11.818164584867072,11.798768064461404,11.790559780539121,1146
12.1066255569458,12.096827507019043,12.094388961791992,12.095632302885184,12.13576210327562,12.059430385234457,12.083040852708548,12.050786018371582,12.076934452351308,12.088825348953726,12.098015019087931,1147
12.12102222442627,12.11758041381836,12.113527297973633,12.07198371105182,12.129147222142016,12.189146076285423,12.140900426026347,12.160334587097168,12.170060872356181,12.134855870130801,12.136116447596377,1148
11.665508270263672,11.685237884521484,11.689360618591309,11.697342113255655,11.688909324813551,11.632926009398755,11.599408867274503,11.700742721557617,11.657751065048988,11.66857631941395,11.684235941813732,1149
11.955788612365723,11.960071563720703,11.96318531036377,11.950732022100468,11.938935290964984,11.793851334897528,11.829663691207381,11.825037956237793,11.83094484594283,11.894245625311243,11.910698191680622,1150
11.700933456420898,11.735495567321777,11.736672401428223,11.706262751601567,11.705747729872385,11.754488177857164,11.756608449150885,11.740133285522461,11.749630852266614,11.731774741271332,11.729188036859933,1151
11.945490837097168,11.929826736450195,11.92989730834961,11.97378124226304,11.995633694149163,11.898057890084061,11.902117335327452,11.909372329711914,11.891989908581222,11.930685253557092,11.943095369946612,1152
12.305928230285645,12.299357414245605,12.29710865020752,12.305675370668807,12.348501498021472,12.267918072168731,12.20179090389274,12.302845001220703,12.250271513766705,12.286599628275326,12.308529582089022,1153
11.695921897888184,11.714970588684082,11.716170310974121,11.715142290896644,11.66783409060426,11.720173838858198,11.657679407055918,11.657378196716309,11.658587982832191,11.689317622723323,11.6852503693379,1154
12.340928077697754,12.322844505310059,12.316917419433594,12.33516586540436,12.275196054930438,12.262495103603682,12.324136809855707,12.301030158996582,12.296511045404428,12.30835833784851,12.295205586546405,1155
12.268972396850586,12.277369499206543,12.276932716369629,12.211361084281293,12.184610342250092,12.170042379616639,12.213306433469361,12.19189453125,12.162436981618788,12.217436262768102,12.214834408523238,1156
12.19637393951416,12.200937271118164,12.19436264038086,12.16595811172899,12.152903896522382,12.057793752466907,12.126523198143527,12.092270851135254,12.130054860312608,12.146353169035873,12.150600917862166,1157
12.22730541229248,12.227282524108887,12.227062225341797,12.244846121333318,12.251441195555417,12.23428751520872,12.225266090896802,12.246554374694824,12.233301087026256,12.23526072738428,12.239229172187416,1158
12.331419944763184,12.332599639892578,12.331908226013184,12.34624026130216,12.350250438224789,12.370981049622394,12.40462797447011,12.414917945861816,12.424172310699964,12.367457532316687,12.362506184773196,1159
12.150418281555176,12.135550498962402,12.133865356445312,12.153839187555995,12.151983008896458,12.152343306768275,12.105784182303788,12.114272117614746,12.105069576129576,12.133680612914638,12.135032562798001,1160
11.817948341369629,11.813289642333984,11.816465377807617,11.815889516791337,11.837367689538539,11.889690156715762,11.862768650069999,11.878697395324707,11.84227849403723,11.841599473776533,11.839649586205594,1161
12.312533378601074,12.339393615722656,12.329087257385254,12.28707510871892,12.286690376343243,12.334130999549165,12.276843498541242,12.29499626159668,12.320340564273605,12.309010117859094,12.309136153631801,1162
11.747724533081055,11.711652755737305,11.704817771911621,11.72857246506064,11.768540860028832,11.807360548156456,11.773871672689967,11.74642562866211,11.761864168495453,11.750092267091492,11.744439661428254,1163
11.756037712097168,11.77126407623291,11.781092643737793,11.762618351015949,11.779654759982217,11.80294187401731,11.76900761214999,11.768147468566895,11.816523753254273,11.7785875834505,11.783781131247551,1164
12.203794479370117,12.19876766204834,12.200167655944824,12.211881110462716,12.20836603198844,12.154710879683975,12.182116286612501,12.17609977722168,12.188814985878887,12.191635429912386,12.195554276450707,1165
12.270380020141602,12.275419235229492,12.273703575134277,12.26177517282537,12.255489162781842,12.300121886811505,12.293021686283991,12.328524589538574,12.312405165813695,12.28564894384004,12.281332419069278,1166
12.343927383422852,12.355464935302734,12.357773780822754,12.354692387090378,12.352169181309296,12.441604962459866,12.439315822531992,12.443751335144043,12.41411015160271,12.389201104409626,12.379430538691196,1167
12.177629470825195,12.162551879882812,12.16472053527832,12.176036825068836,12.188143835563151,12.134005508345671,12.149039907244681,12.158377647399902,12.161529316645055,12.163559436250402,12.16956970509558,1168
12.257373809814453,12.241865158081055,12.23963451385498,12.238489992673799,12.245151749475966,12.166479132396981,12.240022451574877,12.218509674072266,12.235815398668773,12.231482431179238,12.233777111929715,1169
13.262372970581055,13.256705284118652,13.250042915344238,13.247307350671308,13.277406197476127,13.32412054167421,13.19232807645176,13.284043312072754,13.3045541172588,13.266542307294323,13.274394931907425,1170
12.011005401611328,11.974786758422852,11.968876838684082,12.021146922017618,12.036620812975091,11.89906585532833,11.898022012967841,11.927130699157715,11.987279728355047,11.969326114391102,11.983530839189468,1171
12.013937950134277,12.028911590576172,12.029373168945312,11.986625807306726,11.978014199349234,11.994014226429423,12.004290126115137,12.01050090789795,11.989647252562236,12.003923914368496,12.002983076976655,1172
11.989434242248535,11.994475364685059,11.995309829711914,11.986740609324048,11.98736959740513,12.009078646592632,12.001631799769228,12.005473136901855,11.995910584709987,11.996158201260933,11.994986010808868,1173
12.272018432617188,12.233098983764648,12.219400405883789,12.236156877924522,12.141838346559545,12.314204776161782,12.332482472241102,12.330242156982422,12.215149002265685,12.254954606044521,12.21457147592355,1174
12.372448921203613,12.371182441711426,12.36634349822998,12.33323393978229,12.413115923315104,12.39615514299074,12.285484026509751,12.30744743347168,12.321833538899865,12.351916096234937,12.37032819572406,1175
12.630069732666016,12.62876033782959,12.622812271118164,12.603395910484537,12.622026702665817,12.531966536469685,12.686321991853285,12.629884719848633,12.613047442186517,12.618698405013582,12.617326822963145,1176
11.686245918273926,11.695621490478516,11.70191478729248,11.702980397077463,11.712124109195923,11.781137653452667,11.795207727962367,11.785508155822754,11.779133968217957,11.737763800863782,11.730536832258082,1177
11.67007827758789,11.698631286621094,11.701868057250977,11.702836827977308,11.651946999972914,11.628024642938216,11.643377965954775,11.639165878295898,11.624490143348352,11.662268897771936,11.66323894807558,1178
11.747408866882324,11.760039329528809,11.763371467590332,11.7623679662418,11.778933836528054,11.74942177305434,11.80995423164458,11.75539779663086,11.804843386983887,11.770193183898332,11.77111695390032,1179
11.46461009979248,11.43027114868164,11.427817344665527,11.476826383732003,11.441251200837465,11.499195785257246,11.499672917406258,11.495994567871094,11.460545019813244,11.466242718672994,11.450002351368221,1180
12.36298942565918,12.399189949035645,12.40283203125,12.35449933119402,12.322116293388628,12.322916825528251,12.417815777093205,12.360963821411133,12.321022315332106,12.362705085543574,12.35607254980922,1181
12.588288307189941,12.587873458862305,12.58609676361084,12.602301972715058,12.609115465933908,12.591577551391792,12.620529592687326,12.58590316772461,12.522100585058167,12.588198540574883,12.5872241684527,1182
13.39594841003418,13.39997673034668,13.387112617492676,13.41842053665193,13.492380593071243,13.264773250885122,13.06262044638971,13.183298110961914,13.215215038447274,13.313305081586748,13.366988089706677,1183
11.856100082397461,11.857345581054688,11.858033180236816,11.851221232923859,11.881073328519117,11.88184404060257,11.876500757083283,11.906458854675293,11.869578245049627,11.870906144726966,11.875531888895113,1184
12.297222137451172,12.31701374053955,12.30916690826416,12.285905791759902,12.260558707321723,12.132765100948484,12.22860118514337,12.167302131652832,12.156574476983435,12.239456686673849,12.245326979752978,1185
11.713165283203125,11.714642524719238,11.719497680664062,11.707006928703171,11.676523945284364,11.774218136854799,11.77791666941691,11.772833824157715,11.79556230276446,11.739040810640871,11.7242266589299,1186
11.464263916015625,11.5333251953125,11.546607971191406,11.546352486026084,11.547640245401183,11.585062451034442,11.56188073272439,11.578274726867676,11.581057267704601,11.54938499914199,11.557540930963285,1187
12.502339363098145,12.50262451171875,12.507542610168457,12.475409606094296,12.507239868593796,12.53129896143935,12.558713962780686,12.513471603393555,12.528170036180283,12.514090058163035,12.511902466821969,1188
12.12437915802002,12.134098052978516,12.137191772460938,12.13374061659762,12.13765824528617,12.118126117758255,12.149589022016787,12.14183521270752,12.149697936752753,12.13625734828651,12.13828983818205,1189
12.184089660644531,12.189821243286133,12.187921524047852,12.16736487577963,12.181637966416668,12.194106485808318,12.225861998507263,12.214163780212402,12.223786832823574,12.196528263058484,12.19389541814079,1190
12.147501945495605,12.189248085021973,12.187662124633789,12.147506296965386,12.160934862259905,12.14739858522937,12.085464557223098,12.049614906311035,12.0829771035596,12.133145385188863,12.144729585833128,1191
12.072076797485352,12.09754467010498,12.097261428833008,12.045547039671005,12.053603457069542,12.062427103278285,12.111104818404701,12.065177917480469,12.09586787954919,12.077845679097392,12.075689164806578,1192
11.77766227722168,11.789863586425781,11.792546272277832,11.819071779487,11.818388917954293,11.839372550021759,11.817943849233759,11.783330917358398,11.779847891741074,11.802003115746842,11.80120572902927,1193
11.995930671691895,11.988550186157227,11.994803428649902,12.024744755890088,12.011543149499182,11.981340935742354,11.971158072359497,11.984445571899414,11.983696029574226,11.992912533495977,11.996945032346346,1194
11.926010131835938,11.90351676940918,11.90041446685791,11.911601785268521,11.943913646859167,11.909470736934196,11.873189557004869,11.88208293914795,11.897288806103441,11.905276537713464,11.912546639137155,1195
11.989060401916504,12.000324249267578,12.002912521362305,11.994563588249477,11.989541044868215,11.971892464705478,11.984569386791573,12.010208129882812,11.979067561959763,11.991348816555968,11.995130530816091,1196
12.35706615447998,12.369426727294922,12.372575759887695,12.367708545714192,12.3413479456074,12.315932497564395,12.325301319156646,12.341890335083008,12.350503349480059,12.349083626029811,12.351912303498048,1197
11.957987785339355,11.942181587219238,11.936145782470703,11.960433688069074,11.923964454097995,11.92105245166442,11.949730942868156,11.930336952209473,11.962271987548752,11.942678403498574,11.93314435204361,1198
12.035649299621582,12.042725563049316,12.042746543884277,12.016810128999454,12.02309691161579,12.083495713660788,12.067727977909577,12.077313423156738,12.047670784624952,12.048581816280274,12.04408501919458,1199
11.871908187866211,11.85146713256836,11.847797393798828,11.84013017660736,11.880819893418806,11.921495757218008,11.854581510778749,11.855915069580078,11.847239147569889,11.863483807711809,11.86427738221003,1200
11.486798286437988,11.45616340637207,11.452325820922852,11.475505399012642,11.505497341942668,11.515230384086454,11.44390323110754,11.514132499694824,11.509008736929882,11.484285011834102,11.489056116993222,1201
12.165863990783691,12.173285484313965,12.173954963684082,12.140560054855458,12.165115449602201,12.194736923114732,12.204195327671792,12.212042808532715,12.191553626328888,12.180145403209725,12.17967611874414,1202
11.821186065673828,11.842459678649902,11.834611892700195,11.820853983013201,11.792928732870195,11.815401736684736,11.836358252981848,11.816479682922363,11.812633967736659,11.821434888136993,11.814431257483081,1203
12.21298599243164,12.221890449523926,12.223388671875,12.20378863369187,12.182978082696234,12.292006428535911,12.252392467150015,12.251396179199219,12.240240300247276,12.231229689483456,12.21965551234359,1204
11.927477836608887,11.9257230758667,11.926785469055176,11.931545563480174,11.926708328800135,11.907125626738885,11.91281593724994,11.919076919555664,11.905137299674017,11.920266228558843,11.92216034460129,1205
12.536983489990234,12.525849342346191,12.523772239685059,12.550635212762003,12.507472659149158,12.490748375250854,12.55995882621872,12.524375915527344,12.561628993134804,12.531269450451596,12.52056663382638,1206
11.673791885375977,11.679035186767578,11.671863555908203,11.658131632279696,11.701611258829221,11.6446390500338,11.634941213342099,11.662775039672852,11.643955629841912,11.663416050227928,11.675969651785636,1207
12.278878211975098,12.269110679626465,12.266892433166504,12.283231290914491,12.278049767480422,12.271131481118204,12.237454678971273,12.194106101989746,12.186468011210696,12.251702517383656,12.25149485686105,1208
11.859899520874023,11.885724067687988,11.888265609741211,11.86504445445921,11.857644776771,11.908136310474035,11.856936579701257,11.878944396972656,11.88046752614905,11.875673693647824,11.876878642808446,1209
12.630415916442871,12.612720489501953,12.6069974899292,12.619995737368278,12.619905680115444,12.641332071327865,12.579504650703418,12.607004165649414,12.61285323317683,12.614525492690586,12.613945919882152,1210
12.190601348876953,12.190594673156738,12.1869478225708,12.185221523836132,12.220817830069148,12.22313966105456,12.15378458650851,12.154306411743164,12.15242475364563,12.184204290162405,12.191896175074332,1211
12.305017471313477,12.300822257995605,12.300368309020996,12.299853323948527,12.355789320180023,12.27882504414583,12.337630991173276,12.350733757019043,12.315414422669544,12.316050544162925,12.326835395463666,1212
11.338862419128418,11.361337661743164,11.363948822021484,11.379112769921115,11.3828920940049,11.369908948938583,11.263003561526878,11.274382591247559,11.307249623152673,11.337855387964973,11.351363732842842,1213
11.877052307128906,11.884387016296387,11.882805824279785,11.864822052512219,11.913031238967775,11.771490571918996,11.774584527412518,11.767196655273438,11.779405145802247,11.834975037732473,11.858421401030592,1214
11.749739646911621,11.759406089782715,11.759188652038574,11.743499332964593,11.748542550426965,11.758539906295479,11.761303763317047,11.7716646194458,11.777517228960814,11.758822421127068,11.7593817501846,1215
11.625459671020508,11.61799430847168,11.609707832336426,11.656211177401737,11.677605994371824,11.65345510193679,11.67631515173479,11.662269592285156,11.668360126111459,11.649708772852263,11.649151169755866,1216
11.809354782104492,11.806513786315918,11.804610252380371,11.793931216537644,11.763579260764619,11.761725426726349,11.790231814230063,11.81325912475586,11.774518207321911,11.790858207904137,11.786358104595177,1217
12.35124683380127,12.370441436767578,12.371272087097168,12.349421323710452,12.358421293466884,12.416074878048207,12.385906048910975,12.423422813415527,12.44512483284375,12.3857035053402,12.385163507328379,1218
11.245474815368652,11.23107624053955,11.225696563720703,11.144179203099272,11.035456223051348,11.179206335994692,11.230428804099049,11.254768371582031,11.218084197199635,11.196041194961659,11.162423124152735,1219
11.40813159942627,11.406715393066406,11.407214164733887,11.453362847694045,11.496770631008594,11.440481225178948,11.472325646540932,11.503325462341309,11.473226996611633,11.45128377406689,11.46055559641658,1220
11.54719352722168,11.54659652709961,11.54667854309082,11.59035638478184,11.639187499493696,11.670906421153834,11.626314813107921,11.666800498962402,11.662720999305073,11.61075057935743,11.615164780323052,1221
11.751433372497559,11.74586296081543,11.742121696472168,11.757591678383555,11.770480697155397,11.786012606072774,11.776261983972745,11.761106491088867,11.752323870930256,11.76035503970986,11.758084023958482,1222
11.955443382263184,11.985246658325195,11.988808631896973,11.965610622459549,11.953253066323489,11.957509377251453,11.940941434034356,11.967559814453125,11.924693348322313,11.95989625948107,11.964989936021945,1223
11.862238883972168,11.87885856628418,11.884093284606934,11.88196257295046,11.863188346751476,11.767881030713617,11.796626525584971,11.844581604003906,11.764776675609047,11.83824527671964,11.851692169478639,1224
12.22418212890625,12.212416648864746,12.216257095336914,12.240375051299864,12.220701000395964,12.18213141610588,12.22040635179338,12.186699867248535,12.185574626385602,12.209860465148571,12.208133695449723,1225
11.884642601013184,11.906048774719238,11.908809661865234,11.878958960252984,11.863435387194773,11.901155200744418,11.849212780306543,11.845255851745605,11.826404906342193,11.873769347131574,11.874837760526685,1226
12.355123519897461,12.334053039550781,12.327020645141602,12.345605318295142,12.359506018234562,12.301589869581479,12.311075317181453,12.285758018493652,12.272497525318359,12.321358807966055,12.324541734287552,1227
11.955362319946289,11.941177368164062,11.934486389160156,11.933333990386163,11.94367668986047,11.876634208136092,11.909298160922305,11.859339714050293,11.8327374480175,11.909560698738147,11.912217129219034,1228
12.816364288330078,12.809457778930664,12.808082580566406,12.810950909672524,12.76468285796566,12.849837837114611,12.871597326450502,12.843949317932129,12.869491434334929,12.827157147921945,12.807770958772586,1229
11.827903747558594,11.842754364013672,11.841965675354004,11.820627947766098,11.839734361565025,11.900206259835374,11.902231833265418,11.88426399230957,11.87702086079985,11.859634338051954,11.85456414488569,1230
12.24555492401123,12.272566795349121,12.265110969543457,12.221612459759125,12.219743221349336,12.13123589630719,12.123395107546258,12.153132438659668,12.194768553152498,12.20301337396421,12.218080354531494,1231
11.826889038085938,11.828948020935059,11.828235626220703,11.81797893118194,11.829589684665008,11.8911346932831,11.883107328214724,11.8907470703125,11.883333549983352,11.853329326986925,11.847448027615666,1232
11.477843284606934,11.515037536621094,11.520907402038574,11.494048737307008,11.475926938607937,11.479223799580708,11.546713968836466,11.469659805297852,11.44642605150254,11.49175416937768,11.487784450254015,1233
11.797104835510254,11.805986404418945,11.808002471923828,11.815744529640861,11.835724770265283,11.814216308223962,11.801317946241628,11.853484153747559,11.812330548968522,11.815990218771203,11.824856618924999,1234
11.709261894226074,11.714424133300781,11.703710556030273,11.63899857052131,11.6670272831724,11.614112842626971,11.552468467491963,11.629494667053223,11.558557537802878,11.643117328025097,11.659623413649452,1235
11.880816459655762,11.87529468536377,11.875590324401855,11.83172263168481,11.905508038410815,11.882821643071525,11.885451938973892,11.872873306274414,11.912581820185439,11.880295649780253,11.889674299352842,1236
12.039571762084961,12.051043510437012,12.046426773071289,12.023522710372863,12.020700126954761,11.999871746303127,12.022853172148178,11.986199378967285,11.982463750815706,12.019183659017243,12.019322471987628,1237
12.262757301330566,12.274081230163574,12.278240203857422,12.263102859268894,12.237451230001698,12.300108507365112,12.276805364825242,12.266666412353516,12.271657798515594,12.27009676752018,12.2633431889907,1238
11.841888427734375,11.840353965759277,11.855066299438477,11.86666687712124,11.874107150779746,11.845819976093418,11.807066413495214,11.717477798461914,11.800918013558553,11.827707213604691,11.834849072508767,1239
12.353991508483887,12.365235328674316,12.36909294128418,12.36248019768102,12.339737879744106,12.309116063025073,12.300049723790174,12.297212600708008,12.33799523680699,12.337212386688641,12.341830753948338,1240
12.240548133850098,12.243099212646484,12.243858337402344,12.253562482556898,12.2677162281387,12.263850554070586,12.264662305775673,12.264749526977539,12.235566924000604,12.253068189490994,12.255218646320184,1241
12.47040843963623,12.452505111694336,12.448653221130371,12.44415179696377,12.453851481612372,12.413385833945096,12.372776547608185,12.394286155700684,12.40133566352864,12.427928250202187,12.435270263008903,1242
12.081439018249512,12.118915557861328,12.121807098388672,12.092818114198614,12.106027299526342,12.08586791526084,12.090749253816243,12.036599159240723,12.086534919095381,12.091195370626405,12.098081932232237,1243
12.996980667114258,13.002790451049805,13.00045394897461,12.982917439538955,12.966911529042921,13.042896730149849,12.993827723170643,12.976276397705078,13.008169537245209,12.996802713776813,12.988865308293406,1244
12.188149452209473,12.202600479125977,12.20295524597168,12.166349765032116,12.173255940891655,12.12622068790386,12.302503874293881,12.304947853088379,12.287455764941633,12.217159895939849,12.212692121400263,1245
12.228483200073242,12.200210571289062,12.19607925415039,12.219508535978386,12.263428310315227,12.158604757621172,12.159685293012998,12.148017883300781,12.135389744510958,12.189934172250247,12.202984153079088,1246
12.177157402038574,12.172734260559082,12.172221183776855,12.153089273326936,12.167017594730005,12.168007156558584,12.183573558989792,12.172558784484863,12.19163449631045,12.17311041230835,12.172373132229216,1247
11.882780075073242,11.873929023742676,11.874314308166504,11.88002333764976,11.917072306736117,11.887693337217698,11.853674254483732,11.880338668823242,11.857550283670912,11.878597288395987,11.888557169194053,1248
11.820897102355957,11.873006820678711,11.880147933959961,11.839110778891314,11.843161527894873,11.848930041829764,11.906631765976053,11.890387535095215,11.857460931040935,11.862192715302532,11.864960361617653,1249
11.706531524658203,11.70207405090332,11.70181941986084,11.722834413778488,11.708760538191687,11.700932075363447,11.729378865216237,11.74681282043457,11.729356266910589,11.716499997257486,11.713702320453484,1250
12.505834579467773,12.49439811706543,12.490277290344238,12.452540434206052,12.450889632547986,12.367753441336244,12.406295834004787,12.346477508544922,12.349531846727148,12.429333187138287,12.433625325216152,1251
12.13129711151123,12.114042282104492,12.109872817993164,12.13311784733825,12.114615924870462,12.13248376360926,12.118505276364566,12.12159538269043,12.148353373686081,12.124875975574215,12.118646793511424,1252
11.591866493225098,11.616166114807129,11.619285583496094,11.62004986926579,11.661024066505119,11.699167347135804,11.673528699996341,11.708148002624512,11.678505744394283,11.651971324605576,11.657395349022053,1253
12.488574981689453,12.459120750427246,12.463127136230469,12.497083905172587,12.493787579756779,12.495312102741817,12.396250891677028,12.47732162475586,12.465783411204498,12.470706931517304,12.477673577331965,1254
12.142494201660156,12.122696876525879,12.12485408782959,12.154768500789764,12.119310811875232,12.198087762606258,12.138508149054198,12.134206771850586,12.137534326296416,12.14138460983201,12.129931173700975,1255
11.755623817443848,11.779546737670898,11.78381633758545,11.77662366847362,11.78446977374935,11.789137136334396,11.742062049394091,11.797445297241211,11.830726599898352,11.782161268643469,11.791412769051293,1256
12.637377738952637,12.623612403869629,12.621759414672852,12.635224454813168,12.63340426781469,12.660600815814297,12.613482647865307,12.63022232055664,12.627305046982048,12.631443234593474,12.629751996226993,1257
11.416678428649902,11.409370422363281,11.406713485717773,11.369399492381561,11.381643235767399,11.443905852803255,11.390453732088783,11.396955490112305,11.40299324894778,11.402012598759116,11.398564700233363,1258
12.17629337310791,12.17802619934082,12.17776107788086,12.163501577508804,12.161600962415537,12.12053589079522,12.125369620341301,12.088217735290527,12.091161867973353,12.142496478294927,12.146507358805366,1259
12.011231422424316,12.018757820129395,12.024361610412598,11.972945821025084,11.932999706318833,11.89745329241403,11.91068034514568,11.898334503173828,11.897012153045804,11.951530741565508,11.954017887613528,1260
12.158495903015137,12.152125358581543,12.149300575256348,12.146171142194877,12.186339798413554,12.121475924964649,12.167418882863567,12.152005195617676,12.10386358270733,12.148577373734966,12.155670964561194,1261
11.736013412475586,11.735210418701172,11.732338905334473,11.74246868181688,11.73922281146881,11.752497867578578,11.739524344606755,11.771533012390137,11.736450391285672,11.742806649517563,11.742025941336005,1262
11.831368446350098,11.82108211517334,11.812254905700684,11.803054403770822,11.841128019244021,11.82340815503751,11.808872079409724,11.848639488220215,11.797029183545423,11.820759644050204,11.82632931831819,1263
12.102762222290039,12.081846237182617,12.07502269744873,12.073398570963613,12.128335365247779,12.031167308301733,11.977837924894365,12.06335735321045,12.009264516936552,12.060332466275097,12.081644997493289,1264
11.938669204711914,11.964143753051758,11.96475887298584,11.972028843638993,11.945815778815401,12.06254624600864,12.016572583253891,12.027403831481934,12.001551452333464,11.988165618475758,11.977178963025484,1265
12.065051078796387,12.081247329711914,12.08076000213623,12.082843266991151,12.059852847449193,12.045047063749882,12.068208434245307,12.05764389038086,12.048707451485562,12.065484596105165,12.064808508712765,1266
11.697571754455566,11.707829475402832,11.714977264404297,11.732712839695516,11.696552126759366,11.735107232864486,11.784162942256943,11.789969444274902,11.767936057723729,11.736313237537514,11.726683268966871,1267
12.723538398742676,12.722850799560547,12.722166061401367,12.706911159772137,12.73464437885458,12.66946685910159,12.737129417401617,12.713899612426758,12.757659026640194,12.720918412655719,12.725963023790687,1268
12.850395202636719,12.882165908813477,12.88160228729248,12.825730943055747,12.853951565648309,12.792652691266154,12.87932996937725,12.966196060180664,12.834214286602267,12.862915434985895,12.87452686443442,1269
11.804520606994629,11.793646812438965,11.78833293914795,11.797174980610304,11.814101020628145,11.832482492587882,11.82792573292779,11.845706939697266,11.845111377580343,11.816555878068142,11.814117523219892,1270
12.305420875549316,12.341961860656738,12.361584663391113,12.351243824749906,12.355215655949001,12.316371458727824,12.311842469618389,12.270408630371094,12.298046223390154,12.323566184711504,12.33656649019693,1271
12.06339168548584,12.057055473327637,12.057669639587402,12.056564548380766,12.03129883636507,12.04550438422557,12.068221745768346,12.010087013244629,12.05493525609749,12.049414286942527,12.040792299429222,1272
11.785618782043457,11.78326416015625,11.781693458557129,11.808298222117582,11.843900666103359,11.858418727082313,11.817213145741459,11.816474914550781,11.81869215173042,11.812619358675862,11.816155396190934,1273
12.091137886047363,12.103436470031738,12.106292724609375,12.084269243411315,12.08156211209774,11.99538692970473,12.073441534268795,12.042075157165527,12.062266994683265,12.07109656133554,12.077400481933964,1274
11.809249877929688,11.840042114257812,11.832117080688477,11.793627199051858,11.765331676096913,11.803408463795428,11.812627096244427,11.73703384399414,11.82518794785219,11.80206947776788,11.793236395888766,1275
11.888463973999023,11.837810516357422,11.835116386413574,11.83561441749046,11.827257983314695,11.885796394653838,11.8574625789838,11.887048721313477,11.841763758087692,11.855148303401554,11.843737181941203,1276
11.990100860595703,12.005866050720215,12.009510040283203,11.998789744880433,11.996508255102164,12.083919183812029,12.012809762084096,12.033994674682617,12.020885698718667,12.016931585653237,12.014229281893932,1277
12.192558288574219,12.163442611694336,12.162375450134277,12.193678304981004,12.167616797433581,12.111095632112164,12.13362794040304,12.11836051940918,12.099601289628882,12.149150759374521,12.147943969857309,1278
12.420706748962402,12.43366527557373,12.438453674316406,12.434687888063156,12.426930157784238,12.400942138529699,12.445439589650752,12.471781730651855,12.458132375385896,12.436748842102014,12.439453355518733,1279
11.282986640930176,11.153573989868164,11.166398048400879,11.366947447387819,11.435621831622338,11.469668644309813,11.330335228898369,11.209572792053223,11.220359726358948,11.292829372203304,11.286628784847842,1280
12.24512004852295,12.251578330993652,12.25429916381836,12.25006423184502,12.254820376071702,12.236904828640862,12.22860781490806,12.247138023376465,12.234075871477833,12.244734298850544,12.250239839205163,1281
12.213706016540527,12.190671920776367,12.191040992736816,12.14315277972772,12.158001193325404,12.155761849145776,12.179175534378622,12.161606788635254,12.17773677550899,12.174539316752833,12.17212292642096,1282
11.903215408325195,11.939493179321289,11.946023941040039,11.89031931899881,11.879359724837409,11.858558446321481,11.912003884990709,11.917105674743652,11.925240463833582,11.907924449156907,11.912059301539465,1283
11.843795776367188,11.81335735321045,11.811422348022461,11.977751020403595,11.875039440236225,11.81545813215124,11.804527617896184,11.86750602722168,11.835457636129334,11.849368372404262,11.843928172404926,1284
12.084060668945312,12.097652435302734,12.099752426147461,12.122815737654184,12.145542040329879,12.098033638541892,12.053744761072043,12.100135803222656,12.077846393961948,12.09773154501979,12.112765209763745,1285
11.80132007598877,11.78636646270752,11.780131340026855,11.757903165994598,11.778979177130903,11.773584030878249,11.782465237705448,11.771697044372559,11.774186442486974,11.778514775254655,11.777484603513782,1286
11.938682556152344,11.94887924194336,11.948205947875977,11.960374302806215,11.963613766909422,11.984785919988571,11.969668810594083,11.969632148742676,11.973923808122967,11.961974055903957,11.961422421697328,1287
12.048603057861328,12.065574645996094,12.0755033493042,12.07057729208462,12.15652081074578,12.161850598897766,12.117046714068394,12.073966979980469,12.073690939834819,12.09370382097483,12.107314842751041,1288
12.424118995666504,12.456315994262695,12.452138900756836,12.38976203956506,12.413258900005491,12.471782089911812,12.426690747856355,12.466813087463379,12.416745097641044,12.435291761458796,12.438509875607945,1289
12.553974151611328,12.56541919708252,12.565327644348145,12.561028571788896,12.560789239733266,12.60928005190562,12.539476539339992,12.531091690063477,12.536655355868604,12.558115826860204,12.558183382241733,1290
12.006499290466309,12.015567779541016,12.019169807434082,12.014963008463601,12.042240614018237,12.050150301775925,12.029500944885978,12.04226303100586,12.001625540114093,12.024664479745011,12.030219978446773,1291
11.685200691223145,11.666498184204102,11.661931037902832,11.654338581287382,11.655463693843636,11.702327616561464,11.734448193697226,11.712247848510742,11.740884811126389,11.69037118426188,11.678000431639756,1292
11.702526092529297,11.667595863342285,11.663490295410156,11.695594229729988,11.714916851913854,11.554706981682864,11.623362347959068,11.602758407592773,11.635065521408645,11.651112954618773,11.66256422276501,1293
12.098358154296875,12.117165565490723,12.123326301574707,12.135579358858205,12.073392174325395,12.104916504380219,12.112104039764503,12.091571807861328,12.114804259781206,12.107913129592573,12.099860688465402,1294
11.672308921813965,11.674895286560059,11.67640495300293,11.665484654889227,11.665366671342209,11.724787543127109,11.699415103119735,11.675912857055664,11.678359128395549,11.681437235478493,11.675599689636222,1295
11.756867408752441,11.772252082824707,11.772090911865234,11.766216055507456,11.783849829320916,11.811645704464702,11.801386433978816,11.802401542663574,11.816643003071556,11.787039219161045,11.787590526406298,1296
11.951516151428223,11.924686431884766,11.923269271850586,11.93755641561278,11.923872149718026,11.929471326831047,11.92567210691849,11.914997100830078,11.925786187749566,11.928536349202618,11.922881946417974,1297
11.912657737731934,11.907440185546875,11.911857604980469,11.897746549764713,11.911568321580347,11.883128849950683,11.85933492487773,11.896099090576172,11.909114595205013,11.898771984468215,11.907497565925166,1298
12.006953239440918,12.030116081237793,12.03015422821045,11.986750437654283,11.979096189576293,12.016782186853622,12.043025763810139,12.009783744812012,12.015357026727486,12.013113210924777,12.00759702924223,1300
12.354076385498047,12.334953308105469,12.331869125366211,12.353281071585304,12.369078629325672,12.3492091042475,12.32362648303891,12.331596374511719,12.362705502072261,12.345599553750121,12.3486833414868,1301
11.983920097351074,12.006204605102539,12.008512496948242,12.018500548217066,12.06574601490037,12.059017943510248,12.02008878954199,11.999199867248535,12.04574273559012,12.02299256649002,12.03333094264679,1302
12.646329879760742,12.634275436401367,12.625946044921875,12.623878300768345,12.662413695293399,12.683329594115683,12.687005696044437,12.668137550354004,12.657338830094915,12.654295003083865,12.651116568169794,1303
12.301534652709961,12.310251235961914,12.310659408569336,12.300933294044256,12.33517412573938,12.269002271772825,12.304847884141246,12.297296524047852,12.286084830207933,12.301753803021633,12.311906655036566,1304
11.917428970336914,11.929701805114746,11.940165519714355,11.948385333588927,11.876903398074196,11.82621037231926,11.878956022984516,11.856316566467285,11.874032231316338,11.894233357768504,11.892845716211212,1305
12.73413372039795,12.723896026611328,12.723600387573242,12.715355253743267,12.730495023950905,12.68866185466416,12.737739565789443,12.7173490524292,12.702179101194826,12.719267776261592,12.720686268718453,1306
12.200310707092285,12.19394302368164,12.191191673278809,12.187095252690938,12.18067544595094,12.183957723971705,12.158370930646795,12.171463012695312,12.171311303757948,12.182035452640708,12.182184899851825,1307
11.873140335083008,11.883030891418457,11.88045883178711,11.85380053165131,11.886429375849895,11.844185349022744,11.881107343747539,11.8712797164917,11.871796467607009,11.871692093628754,11.878103696939009,1308
11.888161659240723,11.878321647644043,11.87482738494873,11.899387344064955,11.91240426473211,11.871687623672956,11.868402043070663,11.866741180419922,11.868600262165673,11.880948156662196,11.885439232412553,1309
12.028223991394043,12.037849426269531,12.04155158996582,12.041229977197432,12.065256298714061,12.051950357186689,12.031967537040025,12.041472434997559,12.041420539862674,12.042324683625315,12.050104735108173,1310
12.667401313781738,12.695965766906738,12.691679000854492,12.636334164872768,12.700157547525057,12.65850846742947,12.678508416433411,12.646199226379395,12.64740259942979,12.66912850040143,12.681157479673491,1311
12.222704887390137,12.23855209350586,12.239871978759766,12.225640573000511,12.209197781904376,12.2010731985668,12.211915738224734,12.207274436950684,12.21250912926805,12.21874886861899,12.219565158797042,1312
12.681233406066895,12.662948608398438,12.662046432495117,12.627589835730861,12.682216613333878,12.6687391142093,12.67579043910083,12.65274715423584,12.635949885519752,12.661029054343434,12.665035983724099,1313
12.690568923950195,12.698726654052734,12.697564125061035,12.683962889554143,12.689913359751381,12.649466695790045,12.772378078909373,12.7069730758667,12.734948401320166,12.70272246713953,12.697652148011537,1314
11.661529541015625,11.662318229675293,11.664813041687012,11.661963443755269,11.653182723738343,11.709287058065843,11.725087800831531,11.707108497619629,11.693631005910802,11.682102371366593,11.672783238544628,1315
12.184109687805176,12.17735767364502,12.175989151000977,12.142317356329368,12.153608021228072,12.103799310998859,12.165316665295954,12.154958724975586,12.144973011886927,12.155825511462883,12.157869221365694,1316
12.518608093261719,12.539244651794434,12.538854598999023,12.50521520142195,12.52825607027712,12.582444800669405,12.574913179246758,12.542219161987305,12.54530152992125,12.541673031953218,12.538975517113487,1317
12.224693298339844,12.21888256072998,12.21578598022461,12.18578382727521,12.160844739188306,12.153763718518395,12.201968712425893,12.191263198852539,12.197608242070983,12.194510475291752,12.18815605030116,1318
12.488851547241211,12.485618591308594,12.483644485473633,12.487082330880687,12.461502700346735,12.482448481499535,12.482488709237343,12.508502960205078,12.504602077107371,12.48719354258891,12.482041444726123,1319
11.58902645111084,11.584904670715332,11.583537101745605,11.585702354667884,11.588564920801094,11.639189167792203,11.641321670192173,11.641319274902344,11.631704895696041,11.609474500847057,11.602126835851255,1320
12.023884773254395,12.028114318847656,12.02247428894043,12.00068669263121,11.967314845122141,11.95435850531911,11.960347119455106,11.950600624084473,11.962057365219612,11.985537614763793,11.98289078984743,1321
11.258625030517578,11.246352195739746,11.244582176208496,11.297739044182537,11.32015363336753,11.19662240981223,11.221018879838255,11.15335750579834,11.145251509722554,11.23152248724303,11.243129141220104,1322
12.333892822265625,12.338637351989746,12.338214874267578,12.322910404427153,12.363615756405203,12.341561415899127,12.339621683536942,12.306578636169434,12.28449806503375,12.329947889999396,12.336503823606911,1323
11.414106369018555,11.383904457092285,11.380356788635254,11.390195072722314,11.412205859759974,11.205379915509733,11.128557412428385,11.201642990112305,11.2992767614066,11.312847291853934,11.345991137836062,1324
11.031200408935547,11.097790718078613,11.096920013427734,10.92375250630893,10.979770483607936,11.08489367956832,11.038845020476757,11.181525230407715,11.131182723017059,11.062875642647624,11.072932314734436,1326
11.348184585571289,11.361449241638184,11.359304428100586,11.330083958917633,11.445964465942861,11.295037759044046,11.300219307918633,11.301154136657715,11.336748302420684,11.342016242912404,11.373809189327307,1327
11.846112251281738,11.833154678344727,11.837214469909668,11.85204317862034,11.829927696831799,11.823103302896497,11.786895431556776,11.77846908569336,11.825437892092008,11.8235953319141,11.824032891206862,1328
12.287772178649902,12.307513236999512,12.321681022644043,12.439184650810596,12.404711505983858,12.309424755712516,12.27536553300125,12.19919204711914,12.147979133647121,12.299202673840883,12.312154145583703,1329
12.110345840454102,12.113778114318848,12.112095832824707,12.11570452405924,12.105293033611861,12.098695539167641,12.130000087449297,12.119248390197754,12.113020378034742,12.113131304457577,12.110189425383131,1330
12.432924270629883,12.410743713378906,12.405898094177246,12.431967081407862,12.421485705125985,12.48205673806471,12.458015752424293,12.451423645019531,12.455285297999263,12.438866699803077,12.427546997106305,1331
11.801627159118652,11.788524627685547,11.781792640686035,11.773315625685584,11.812489459691825,11.770552019866468,11.782085425327985,11.803786277770996,11.763729024148533,11.786433584442403,11.792772782824379,1332
11.62692928314209,11.629840850830078,11.632619857788086,11.638944288291889,11.614621781421876,11.697785435577453,11.63140299930261,11.623517036437988,11.603883265411232,11.633282755355921,11.62585148018266,1333
11.729853630065918,11.729599952697754,11.72144889831543,11.730409754951689,11.772703946205437,11.702117382285461,11.728504908734577,11.748030662536621,11.760108089691055,11.735864136164883,11.745688598633164,1334
11.651944160461426,11.636040687561035,11.639050483703613,11.674622126283932,11.680548905235987,11.682489909045225,11.694142201256446,11.720380783081055,11.700102368712185,11.675480180593432,11.674079488976382,1335
11.995060920715332,12.0083646774292,12.010046005249023,12.006804830522704,12.013496593048615,12.03408250398633,12.010519020928864,12.015978813171387,12.011009826884033,12.011707021326167,12.013563247567529,1336
11.860899925231934,11.87011432647705,11.873233795166016,11.852807006316391,11.845178042816773,11.86284483187424,11.851667197326954,11.869248390197754,11.840763804222542,11.858528591069962,11.859097491207278,1337
11.055201530456543,11.048236846923828,11.04266357421875,10.913480011389813,10.966984146817497,10.971522328169293,10.978141319023464,11.025714874267578,11.009500182287946,11.001271645950524,11.007023852932974,1338
12.332677841186523,12.318951606750488,12.322335243225098,12.350305441456488,12.364179395161068,12.312334579486983,12.311021734813158,12.31756591796875,12.333021475172027,12.329154803913397,12.336305346894537,1339
11.759366989135742,11.745624542236328,11.743989944458008,11.76521166166292,11.752524695618103,11.725448038415532,11.771686412697289,11.744915008544922,11.723733233481303,11.748055614027795,11.743750156871922,1340
11.601231575012207,11.589590072631836,11.583767890930176,11.589996444208694,11.628664146190667,11.662501091638969,11.583832062348975,11.620040893554688,11.630001898038337,11.609958452728282,11.613732003158393,1341
12.00280475616455,12.01788330078125,12.035367012023926,12.020888262207986,12.008676434835213,12.018978187688077,11.992105309474422,11.961380004882812,11.981374512400711,12.004384197828772,12.008718524695045,1342
12.390542984008789,12.41524600982666,12.419655799865723,12.399510524087159,12.400977034221794,12.393272788082445,12.398374088941464,12.434467315673828,12.42430203448048,12.40848317546537,12.414535037364049,1343
12.037714958190918,12.092769622802734,12.091194152832031,11.971319096074673,12.016919105526664,12.087643039201703,12.056304800760767,12.088027000427246,12.090559018531405,12.059161199372017,12.065442766565322,1344
12.1515531539917,12.140480995178223,12.142838478088379,12.158595943412129,12.11615301276052,12.090639334374274,12.12899101564863,12.121850967407227,12.121465016248317,12.130285324123268,12.125462444080751,1345
11.410735130310059,11.419321060180664,11.420395851135254,11.417470223273966,11.412835381756803,11.41375359482066,11.376554637992829,11.414018630981445,11.41812428241702,11.41146764365208,11.416285025807943,1346
12.455926895141602,12.426431655883789,12.42266845703125,12.402701412725945,12.402489249266186,12.454593870402322,12.49872745213725,12.474763870239258,12.492016076066028,12.447813215432625,12.432859178252487,1347
12.617667198181152,12.597994804382324,12.594161033630371,12.611757344458352,12.573451018363118,12.613645382977117,12.591654661240515,12.59002685546875,12.597907138062768,12.598696159640495,12.58809953532929,1348
12.422540664672852,12.416085243225098,12.416341781616211,12.400279933632627,12.37961105260641,12.449333927863984,12.46883275461237,12.431426048278809,12.42607614882341,12.42339195059242,12.409134918705876,1349
11.786398887634277,11.823379516601562,11.825141906738281,11.816979479740574,11.65755452163831,11.817353630614983,11.890646142404824,11.913250923156738,11.876377425355946,11.82300915932061,11.786759992206747,1350
12.203121185302734,12.225211143493652,12.23287582397461,12.200490492223661,12.18512496768341,12.10599113430231,12.05071809253747,12.077546119689941,12.103672504801679,12.15386127377883,12.172706577777495,1351
12.033804893493652,12.03977108001709,12.045090675354004,12.036046911054019,12.022296510829847,11.986925964599509,12.012338566059467,11.999727249145508,12.016767370988152,12.021418802393471,12.024344624682705,1352
11.858755111694336,11.871050834655762,11.873186111450195,11.850210569521892,11.883442885292745,11.758138750981587,11.764547183889905,11.74792766571045,11.744269215165488,11.816836480929151,11.837687551584754,1353
12.842294692993164,12.855201721191406,12.84878921508789,12.839987256105337,12.88497231136942,12.949562042589896,12.934150735238836,12.934752464294434,12.919334024281568,12.889893829239107,12.887021727677704,1354
12.362641334533691,12.362196922302246,12.36396312713623,12.37813156492733,12.385799236099999,12.391127002881754,12.421357923951364,12.36359691619873,12.403728960360159,12.381393665376834,12.377113716071678,1355
12.14306354522705,12.1524019241333,12.152362823486328,12.136494147020557,12.146578005871035,12.155002912912547,12.201969280455458,12.183853149414062,12.172963280920355,12.160521007715634,12.15742572208012,1356
11.562685012817383,11.590965270996094,11.595565795898438,11.585711159836107,11.605808470313455,11.67273419034293,11.663851680615329,11.665493965148926,11.641805569130641,11.620513457233255,11.618724760481236,1357
11.995240211486816,11.989787101745605,11.985268592834473,11.959322692324452,11.97589855273782,11.964595857095327,11.97381897661692,11.970383644104004,11.98318805137625,11.97750040892463,11.978512410485617,1358
11.996001243591309,12.008041381835938,12.004587173461914,11.987415660788386,12.01049266391326,12.091847990178389,12.04407180408017,12.040629386901855,12.04706043563564,12.025571971154097,12.02146944447026,1359
12.811920166015625,12.820347785949707,12.824041366577148,12.805168781604415,12.812388321007452,12.87689508777583,12.86965357407776,12.86299991607666,12.8171707589382,12.83339841755809,12.828139535241236,1360
12.203415870666504,12.155998229980469,12.143025398254395,12.112546676686335,12.183050077284339,12.039624706968866,12.12552228338542,12.0938138961792,12.127325219530366,12.131591373215098,12.141637884335477,1361
12.511282920837402,12.521076202392578,12.51491928100586,12.48752149445314,12.477240438003632,12.465508080871988,12.4352213464856,12.398027420043945,12.420366292328724,12.470129275158097,12.471982328014102,1362
11.616908073425293,11.624521255493164,11.627601623535156,11.621534262829998,11.580706828163496,11.797382537238182,11.732131551040714,11.77891731262207,11.83629460648029,11.69066645009204,11.666348910818973,1363
12.031705856323242,12.030179023742676,12.032115936279297,12.035941836796225,12.026942835480543,12.026050914743871,11.990367362885172,11.971705436706543,12.008374026065493,12.017042581002563,12.018570313528565,1364
11.868525505065918,11.866793632507324,11.866211891174316,11.881733311889516,11.893216200256193,11.874939066489182,11.841892554079799,11.878854751586914,11.885775812588124,11.873104747293032,11.879779647389203,1365
12.21543025970459,12.224370002746582,12.223298072814941,12.213393727296662,12.253781271391482,12.283239097805055,12.236709850103844,12.243858337402344,12.250299964981247,12.238264509360752,12.242941681279271,1366
12.167952537536621,12.164315223693848,12.168050765991211,12.20218472585194,12.2253631878088,12.271033210841209,12.233646578745086,12.249893188476562,12.23681799552713,12.213250823830267,12.21272699201927,1367
11.786226272583008,11.813587188720703,11.815875053405762,11.803526564483704,11.714490143373013,11.793363641871915,11.826038833308406,11.825709342956543,11.82778080857083,11.800733094363766,11.783175123476298,1368
11.82837200164795,11.825119972229004,11.823709487915039,11.84328620811619,11.836535152580446,11.852243324857794,11.857274161096274,11.862090110778809,11.862895061732447,11.843502831217105,11.83954500873163,1369
12.406644821166992,12.395001411437988,12.398347854614258,12.430411426242792,12.375282916099462,12.427845350958473,12.431526579344238,12.446508407592773,12.430115581829572,12.415742705476283,12.402790631956554,1370
11.619584083557129,11.648649215698242,11.647298812866211,11.64559266238591,11.625936873312055,11.660619924808913,11.637851146958747,11.662054061889648,11.648539625489967,11.644014045218537,11.643174436397512,1371
12.082486152648926,12.066410064697266,12.069270133972168,12.079039810748725,12.055755863342128,12.075844823001264,12.07923278787217,12.09133243560791,12.042997375446468,12.071374383037446,12.065506580426554,1372
12.47702693939209,12.467726707458496,12.466423988342285,12.468031990043485,12.481494016421792,12.452249228808205,12.397491199972958,12.425273895263672,12.44072102233225,12.452937665337249,12.461853949635197,1373
13.090034484863281,13.076435089111328,13.074396133422852,13.08131035467907,13.119831703336764,13.05244959469575,13.049038298239605,13.035833358764648,13.110726732951353,13.076672861118293,13.086685605837845,1374
12.387736320495605,12.39642333984375,12.396315574645996,12.405180478809637,12.418518346218324,12.47995460938777,12.39991515035131,12.3995943069458,12.404932075186691,12.409841133542765,12.410000096483328,1375
12.447907447814941,12.441617012023926,12.443404197692871,12.45771604661127,12.394540194839987,12.422370790247477,12.46003284922856,12.471392631530762,12.45628172800136,12.443918099776795,12.43125323531215,1376
11.444493293762207,11.453544616699219,11.456438064575195,11.444615151823674,11.406199127389975,11.478682425069286,11.482624548910762,11.46790599822998,11.46943201668877,11.455992804794342,11.443885691478343,1377
11.829163551330566,11.817983627319336,11.811771392822266,11.823111279712524,11.875459518278586,11.823190126956932,11.808729072308784,11.781414031982422,11.837401633823548,11.823136026059439,11.832172669663882,1378
11.493069648742676,11.482478141784668,11.487066268920898,11.486307563828554,11.479100684051303,11.502440537100941,11.430771541083113,11.45793342590332,11.463940738975225,11.475900950043412,11.478479757469868,1379
11.928606033325195,11.915319442749023,11.908164978027344,11.924901369199919,11.926193823602098,11.968501709645304,11.936296656452528,11.907098770141602,11.898924645194434,11.923778603148605,11.916540425690343,1380
11.221380233764648,11.22636890411377,11.224246978759766,11.228752924908438,11.244926994787363,11.22654206061028,11.176933180045966,11.225260734558105,11.19708645846227,11.219055385556734,11.228559306670252,1381
12.377561569213867,12.372888565063477,12.375924110412598,12.330686329108577,12.322919861385138,12.302037654480744,12.29329653699862,12.278010368347168,12.292726157288762,12.327339016922107,12.330442748261408,1382
11.931593894958496,11.943374633789062,11.946011543273926,11.940099480244369,11.918155743393722,11.870521806974297,11.95879837383624,11.934453010559082,11.943869099245362,11.931875287363841,11.930370720613634,1383
11.94173526763916,11.958916664123535,11.960501670837402,11.963633223112534,11.924436269894365,11.962318879456909,11.999822893303048,11.871071815490723,11.911937418840804,11.943819344744277,11.93005270026473,1384
11.60494613647461,11.623453140258789,11.628047943115234,11.598732280454225,11.602804467687417,11.492697234254107,11.600279735187096,11.628264427185059,11.599282096546778,11.597611940129259,11.60871397029625,1385
11.635748863220215,11.663310050964355,11.660135269165039,11.639648051339147,11.638134305881788,11.608613236384805,11.609398937529786,11.67327880859375,11.631865901967078,11.640014825005109,11.648655019038628,1386
12.61540412902832,12.611715316772461,12.598302841186523,12.540704140205857,12.441478457540969,12.491818373425057,12.563602467800907,12.626993179321289,12.638243350912274,12.569806917354851,12.54792204114371,1387
11.962095260620117,11.969561576843262,11.959381103515625,11.927353829784547,11.956875233371827,11.995943514641912,11.895981553819286,11.889782905578613,11.929427907763984,11.942933653993242,11.947154163701338,1388
12.789125442504883,12.789422988891602,12.78563404083252,12.75758289124792,12.78098746286547,12.780464738247533,12.826075497982508,12.805638313293457,12.806109603673647,12.791226775504391,12.788928392852561,1389
11.770376205444336,11.792957305908203,11.796649932861328,11.768307687472344,11.785359722805772,11.815875544993405,11.834601147024928,11.835766792297363,11.826065388778742,11.802884414176269,11.802883979850733,1390
12.294598579406738,12.295149803161621,12.298351287841797,12.296066919470348,12.30743891833145,12.31316011121085,12.338390651116576,12.325100898742676,12.31540220808595,12.309295486374223,12.308039130360092,1391
11.7971830368042,11.813608169555664,11.81795883178711,11.801321994423574,11.788768564773727,11.701964109510458,11.74640481851496,11.711709976196289,11.753776347949719,11.77029953883508,11.778909668439528,1392
11.740650177001953,11.73179817199707,11.726927757263184,11.71294491340371,11.730959534755051,11.84268219057741,11.82910599629504,11.802449226379395,11.81059344823121,11.769790157322669,11.755071454763014,1393
11.931825637817383,11.925596237182617,11.924175262451172,11.901929131260385,11.880192575723658,11.906324599550244,11.864983822721793,11.85806941986084,11.900818031922977,11.89932385761012,11.896087633448948,1394
12.326704978942871,12.323476791381836,12.325207710266113,12.354934320481174,12.322289190807032,12.289321190470744,12.316210025032438,12.304630279541016,12.345525121896287,12.323144400979945,12.321332598024261,1395
12.546548843383789,12.587674140930176,12.59054946899414,12.570062301518348,12.545837330696882,12.569584737697054,12.54642642647987,12.591877937316895,12.59383544870049,12.571377403968627,12.574840690365763,1396
11.927840232849121,11.960958480834961,11.973285675048828,11.978801679725784,12.062608683104237,11.957927581200929,11.922501050979845,11.953312873840332,12.03991383646655,11.975238899338954,12.006740294318082,1397
11.897271156311035,11.886695861816406,11.88676929473877,11.887544763235026,11.895940261942238,11.849504834607977,11.87238802224184,11.84628677368164,11.865775761321718,11.876464081099627,11.879495872989768,1398
11.846892356872559,11.813797950744629,11.803203582763672,11.802696801177,11.786882320940116,11.838793988625227,11.862403696347549,11.86024284362793,11.833893914309469,11.827645272823126,11.811457231793522,1399
11.93985652923584,11.903813362121582,11.903788566589355,11.908626667488418,11.879452876533879,11.94181831528989,11.957569805568182,11.938114166259766,11.9437963225856,11.924092956852501,11.907145761455315,1400
11.726471900939941,11.717893600463867,11.716830253601074,11.736223366685666,11.692301131182813,11.720429496463419,11.716170524267717,11.703067779541016,11.692431267185881,11.713535480036823,11.704115757477748,1401
12.16296100616455,12.158617973327637,12.157492637634277,12.162703737730576,12.17404729956925,12.11156402086931,12.128971792854227,12.15349292755127,12.12822380088765,12.148675021843195,12.156685745264397,1402
12.18679141998291,12.196857452392578,12.197688102722168,12.194281819181324,12.131024126710528,12.177771407423917,12.187647210370326,12.179237365722656,12.167566331443314,12.179873915105524,12.168128131263709,1403
12.494078636169434,12.492575645446777,12.491201400756836,12.488452299380821,12.541162590583427,12.394788737404697,12.407567867521914,12.35950756072998,12.383650745183473,12.450331720353041,12.471501785665293,1404
11.441771507263184,11.46367359161377,11.461708068847656,11.449366992275687,11.494245123233892,11.52889640734082,11.513810416266683,11.536825180053711,11.587085711600954,11.497486999832928,11.501111716932867,1405
12.511680603027344,12.518513679504395,12.517684936523438,12.476932669575783,12.468097583374316,12.492818214647198,12.542810320461761,12.47659683227539,12.45943688755571,12.49606352521615,12.487222827884473,1406
11.777304649353027,11.78125,11.776808738708496,11.75837646072079,11.79382478416047,11.872746612208232,11.795802440557528,11.756903648376465,11.780381099899888,11.788155381553876,11.785494324353769,1407
11.59053897857666,11.58466911315918,11.585884094238281,11.55295225185965,11.521927027793515,11.644670139909827,11.665813210788649,11.620277404785156,11.59088389135234,11.595290679162582,11.573318029535342,1408
11.697115898132324,11.658713340759277,11.650447845458984,11.698697660751598,11.764403819160801,11.588104014501512,11.612644406824826,11.654208183288574,11.583760543626624,11.656455079167168,11.678603015830678,1409
12.293049812316895,12.319162368774414,12.321392059326172,12.294161735124984,12.315703589673697,12.295907260657572,12.293295672361033,12.270255088806152,12.309360802172355,12.301365376579252,12.30918919588848,1410
12.282716751098633,12.283468246459961,12.285555839538574,12.282565858423801,12.3057103730497,12.322312656785195,12.28754560131104,12.313549995422363,12.297006265951673,12.295603509782328,12.299807198820849,1411
11.95089054107666,11.940858840942383,11.942383766174316,11.944663250614798,11.936844099465743,11.852950495788859,11.872277752602878,11.9026517868042,11.858066810973025,11.911287482715874,11.920438881960807,1412
11.469317436218262,11.472357749938965,11.469559669494629,11.450208954201385,11.494319166313643,11.484043729174864,11.525709495399294,11.476042747497559,11.517046871925785,11.48428953557382,11.484809825580944,1413
12.434026718139648,12.43121337890625,12.433773040771484,12.48095834317613,12.453083430461264,12.41553359248437,12.448409689453205,12.460837364196777,12.47292589458088,12.447862383574444,12.447441915526296,1414
12.118349075317383,12.107656478881836,12.10108757019043,12.109262821753923,12.130079884674224,12.170005527082498,12.139050780585988,12.184150695800781,12.199583167489445,12.13991400019739,12.137663623047095,1415
12.29504108428955,12.282262802124023,12.28122329711914,12.318122139800806,12.344879601295652,12.262078262879736,12.289139180146487,12.294068336486816,12.3211574861772,12.298663576702157,12.307765624216842,1416
11.793742179870605,11.809921264648438,11.811662673950195,11.790915554430173,11.77985574468541,11.709213883491161,11.713992723968062,11.694091796875,11.730593955921346,11.759332197537821,11.76901891697928,1417
12.681257247924805,12.678495407104492,12.676153182983398,12.68880714840617,12.727384596542851,12.716925881368313,12.679670714423132,12.715741157531738,12.694096545730327,12.695392431335026,12.70350794018465,1418
11.783310890197754,11.782134056091309,11.779097557067871,11.771616135408758,11.826661907997288,11.81143256468134,11.785534218315115,11.7800874710083,11.78581351302477,11.789520923754724,11.797839872635707,1419
12.357166290283203,12.357356071472168,12.358091354370117,12.345510377191207,12.36070945392467,12.307779324980347,12.301830598715005,12.273031234741211,12.298369206714652,12.328871545821396,12.337119738923715,1420
12.06290054321289,12.047264099121094,12.045062065124512,12.05009392933006,12.041784825757087,12.077931723107362,12.029350792809765,12.029853820800781,12.018863094740894,12.04478943266716,12.0407751092034,1421
11.850043296813965,11.83682632446289,11.8342866897583,11.849826436198702,11.877365895339539,11.888458195891209,11.874742352587827,11.846319198608398,11.826937383798414,11.853867308162139,11.852877033108255,1422
11.8275146484375,11.830507278442383,11.831811904907227,11.831465604429983,11.825722272681475,11.823880078822166,11.866366548481029,11.8565092086792,11.851285685281015,11.838340358906885,11.83504456661119,1423
12.172306060791016,12.183055877685547,12.197843551635742,12.235008441520428,12.314316427525021,12.178686963762832,12.159434770127001,12.110440254211426,12.206763329626177,12.195317297431687,12.224066715013482,1424
11.818769454956055,11.813645362854004,11.812710762023926,11.841369621459918,11.84526523370287,11.90898925712935,11.857212538583342,11.839790344238281,11.84379970796496,11.842394698101412,11.836535812171643,1425
11.888594627380371,11.892337799072266,11.894882202148438,11.890833138520675,11.889706627326387,11.895018843324733,11.861374538161954,11.841691970825195,11.846399515410617,11.877871029130072,11.88008261790405,1426
12.476778030395508,12.47183609008789,12.471542358398438,12.463848851770704,12.489250995682308,12.39700934704773,12.425045479691311,12.437854766845703,12.453487700212587,12.454072624459132,12.466325277770839,1427
11.84106731414795,11.840885162353516,11.84190559387207,11.83148032341019,11.826775703184165,11.813386232236962,11.8452081928063,11.80799674987793,11.825763352321651,11.830496513801194,11.828441308309879,1428
11.571139335632324,11.571809768676758,11.569040298461914,11.601035081779155,11.644897859261862,11.68676128142321,11.684559863585694,11.623156547546387,11.661546886152273,11.623771880279953,11.619288771888135,1429
12.214869499206543,12.199522972106934,12.199831008911133,12.237877818395532,12.186648342657083,12.195080455264547,12.150903557331414,12.134419441223145,12.136862129284424,12.184001691597862,12.178691663099569,1430
12.15200138092041,12.149616241455078,12.147191047668457,12.145356855957619,12.154152426319206,12.1126830402255,12.157617703627594,12.08105182647705,12.072267112667973,12.13021529281321,12.129731688888313,1431
11.785646438598633,11.776965141296387,11.785469055175781,11.781728162828813,11.796678877273521,11.776376067760603,11.788848166012999,11.781193733215332,11.780514144579788,11.783713309637983,11.787558530921846,1432
11.515495300292969,11.51542854309082,11.5169038772583,11.498914592542564,11.54286672563788,11.629482954227628,11.620382741507482,11.60595989227295,11.58665657639319,11.559121244802643,11.552741083627014,1433
12.170004844665527,12.169323921203613,12.167997360229492,12.167476728162198,12.183464265576628,12.152728239710388,12.112640818639564,12.129347801208496,12.138497518136598,12.15460905528139,12.163456339915685,1434
12.00369930267334,12.016627311706543,12.016530990600586,11.998593629928305,12.028367432547977,12.029632436196898,11.960016737956417,11.997552871704102,11.993169156197697,12.00490998550132,12.015952007296235,1435
12.060622215270996,12.068470001220703,12.072710990905762,12.0890744834089,12.083023713386543,12.006860830242278,11.999426155255781,12.00279426574707,12.002489285152512,12.042830215621171,12.05453529952255,1436
11.669825553894043,11.69023323059082,11.690513610839844,11.682041499682203,11.708308878438022,11.687430284510409,11.690936709443687,11.679550170898438,11.653656944956863,11.683610764806037,11.690736183538093,1437
12.77466106414795,12.77098560333252,12.771781921386719,12.791634447135136,12.784739072154348,12.791598392463872,12.788312543417554,12.769082069396973,12.868849758512766,12.79018276354976,12.787365021029132,1438
11.89708137512207,11.904953002929688,11.903543472290039,11.918649968371756,11.937707013769208,11.89444345381359,11.864129388274018,11.920886993408203,11.924400522440477,11.907310576713227,11.919331830778937,1439
12.103034019470215,12.122876167297363,12.126886367797852,12.096165124017794,12.095577099205563,12.104102599086298,12.045346556484924,12.115015029907227,12.08642160040255,12.099491618185532,12.10891985116522,1440
12.330940246582031,12.330698013305664,12.320775032043457,12.290306911662679,12.33992174979909,12.290214217627806,12.302908091393032,12.30478572845459,12.281352292284959,12.310211364794814,12.318860753697688,1441
11.873422622680664,11.868936538696289,11.867454528808594,11.884029588207337,11.869648486573865,11.863343053594857,11.870375165054316,11.8739652633667,11.879541109085409,11.872301817340892,11.870221123696684,1442
12.776187896728516,12.778105735778809,12.774469375610352,12.758004378550748,12.783705549986525,12.736717366812476,12.789826608184422,12.7103271484375,12.746206594908617,12.761505628333106,12.762922405883577,1443
11.482807159423828,11.487171173095703,11.516566276550293,11.543916005440215,11.523666678789711,11.561323592435302,11.490863642507986,11.5338773727417,11.55268516703868,11.521430785335935,11.52797121389142,1444
12.115494728088379,12.144503593444824,12.148599624633789,12.128241731453524,12.098775487039902,12.187416152534407,12.15535914911577,12.134981155395508,12.106698031199379,12.135563294767277,12.127516804013878,1445
11.785223960876465,11.7949857711792,11.789839744567871,11.756480466884772,11.786879245944526,11.738405758420887,11.780972735168822,11.754595756530762,11.753029820081107,11.771157028850489,11.776731951464464,1446
11.902433395385742,11.910039901733398,11.915038108825684,11.914523378241357,11.955977330569777,11.89314578487816,11.933302024912644,11.88870906829834,11.879868639799646,11.910337514738305,11.919896905661776,1447
12.450226783752441,12.437544822692871,12.44050407409668,12.45664427732114,12.447226335243178,12.50718298469783,12.459271772584453,12.489419937133789,12.4719706728041,12.462221295591833,12.457188084978366,1448
11.577044486999512,11.557303428649902,11.566116333007812,11.625629836500252,11.603684106244312,11.60447880453616,11.59454605897865,11.608100891113281,11.551288132657806,11.587576897631966,11.585545725844232,1449
11.36963176727295,11.398591995239258,11.397321701049805,11.33534369314507,11.293430729682953,11.427578618114545,11.312792227704898,11.347871780395508,11.375087592834022,11.361961122826557,11.354389871363157,1450
11.75390625,11.751422882080078,11.75889778137207,11.83745535614725,11.87888816127159,11.809293213893069,11.774005505171198,11.79691219329834,11.796171365844732,11.795216967675369,11.811815177131832,1451
12.472981452941895,12.463847160339355,12.458691596984863,12.437676784353513,12.477597300691098,12.462149918539284,12.459036185246777,12.420794486999512,12.476943358724434,12.45885758275786,12.461648981177374,1452
11.77433967590332,11.775274276733398,11.7769775390625,11.783838612130861,11.781893154356247,11.840116865929916,11.774622445122029,11.793850898742676,11.801748193863952,11.78918462909388,11.787410656776643,1453
11.776688575744629,11.773362159729004,11.769676208496094,11.74769779801277,11.735066018632178,11.784711685866856,11.793856307100485,11.736335754394531,11.681559455275643,11.755439329250244,11.744460472238824,1454
12.176061630249023,12.176496505737305,12.171313285827637,12.153282162095346,12.17302144070674,12.169069792036236,12.134727530661833,12.117889404296875,12.120364279084715,12.154691781188411,12.15839474810824,1455
12.068370819091797,12.07906436920166,12.079954147338867,12.055706242920953,12.070422577988415,12.042513202922018,12.041097897411644,12.066178321838379,12.05521739381895,12.06205833028141,12.069899272863934,1456
12.24913501739502,12.243042945861816,12.24336051940918,12.247888588221816,12.248914953150212,12.215510246746403,12.237176068795034,12.222464561462402,12.240651546547097,12.238682716398776,12.240266238973572,1457
12.4478120803833,12.458609580993652,12.44582748413086,12.385896987403243,12.443560726181449,12.462385661712386,12.4494523681305,12.483162879943848,12.465415953022873,12.449124857989123,12.453624070624459,1458
11.873823165893555,11.852294921875,11.852434158325195,11.87407059097602,11.854816764805987,11.871520541289213,11.858818710618477,11.873044967651367,11.865584696112645,11.864045390838607,11.858784436579155,1459
11.964376449584961,11.938308715820312,11.935796737670898,11.968315700598678,11.933807776049914,11.986935730237333,11.950523081225695,11.92332935333252,11.921047231191762,11.94693786396801,11.934630607513423,1460
