ridge,elasticnet,lasso,kernel_ridge,svr,gradient_boosting,lightgbm,xgboost,catboost,blend_equal,blend_optimized,Id
12.22472095489502,12.23151683807373,12.232483863830566,12.234669237503526,12.246901884795582,12.206223625593656,12.201652351227105,12.185765266418457,12.217415121107233,12.22014990482721,12.22320528353051,1
12.133084297180176,12.142169952392578,12.139357566833496,12.094019359422832,12.150305253297267,12.05825744224255,12.046399947527938,12.030452728271484,12.067948443190012,12.095777221150923,12.106377097159747,2
12.267953872680664,12.275500297546387,12.27916145324707,12.290767246105652,12.28295683829186,12.279166593450658,12.269535629856351,12.255146026611328,12.276737042560462,12.275213888927826,12.274931334709494,3
12.051209449768066,12.051776885986328,12.061639785766602,12.085565270901121,12.079192671506734,12.060652494351565,12.10914194971477,12.115486145019531,12.108948254600545,12.080401434179473,12.076890080938906,4
12.561182975769043,12.580065727233887,12.581314086914062,12.570386921637294,12.56728225622925,12.602913703218041,12.642718065719839,12.613272666931152,12.618995420643262,12.593125758255091,12.58933701333654,5
12.009258270263672,12.033823013305664,12.036304473876953,12.032653438237196,12.102124865498114,12.016631880609081,12.015182260288169,11.989973068237305,11.976604494181188,12.02361730716637,12.03696482551935,6
12.582167625427246,12.579361915588379,12.580602645874023,12.560291759123848,12.56508804161694,12.546478788509118,12.614683573808904,12.533872604370117,12.56921919779989,12.570196239124275,12.562268085055775,7
12.305219650268555,12.304917335510254,12.304015159606934,12.307339647881443,12.30641567345879,12.301187750192373,12.359118497222171,12.308290481567383,12.322719493291102,12.313247076555445,12.307209825110297,8
11.736400604248047,11.740440368652344,11.74585247039795,11.771255885417132,11.72417034484239,11.738501321074986,11.751147508620582,11.770384788513184,11.768446208940057,11.749622166745187,11.743474173966192,9
11.772454261779785,11.710309982299805,11.716925621032715,11.704455268093994,11.66512626871749,11.742580095538722,11.7582316186068,11.735041618347168,11.742281016516735,11.727489527881469,11.709958190074603,10
11.799731254577637,11.802680015563965,11.800127983093262,11.770759152127173,11.796274364310209,11.74690400280834,11.759781372134453,11.761250495910645,11.772171396149394,11.778853337408341,11.782922632769074,11
12.895145416259766,12.881205558776855,12.878180503845215,12.884590563553516,12.911330509070654,12.772218640197652,12.812117617473692,12.813434600830078,12.828407858372165,12.852959029819953,12.857145521333,12
11.786481857299805,11.782400131225586,11.779491424560547,11.776836158079838,11.784805416305106,11.78733864541199,11.805569920642348,11.806573867797852,11.803270326647437,11.79030752755228,11.789875560527548,13
12.294328689575195,12.29576301574707,12.296069145202637,12.306945686789456,12.304433898520669,12.296952508617887,12.222977913388153,12.268167495727539,12.309197021023401,12.288315041621335,12.295288998029772,14
11.944474220275879,11.949604034423828,11.954394340515137,11.9894082886305,11.98518385545214,11.956180362225004,11.937274668916487,11.96533489227295,11.985178806237796,11.963003718772192,11.966614799567026,15
11.801780700683594,11.774142265319824,11.773921012878418,11.769593380398435,11.779849140284197,11.775991003057875,11.77040322367413,11.836858749389648,11.775536559781116,11.78423067060747,11.786226781926793,16
11.953353881835938,11.957847595214844,11.958505630493164,11.942181608430364,12.002156361570055,11.941410658623838,11.941268830872165,11.897909164428711,11.94682556956108,11.949051033447795,11.956800816317672,17
11.602764129638672,11.612333297729492,11.611125946044922,11.58909682946712,11.61852232908072,11.604333560213034,11.637665650417222,11.570712089538574,11.5855240609423,11.60356421034134,11.603334146722842,18
11.97023868560791,11.950008392333984,11.961176872253418,11.989681811831797,11.969150498270698,11.9806442692345,11.95204464976425,11.977388381958008,11.933339003705928,11.964852507217833,11.962363439326243,19
11.659972190856934,11.671941757202148,11.669303894042969,11.668753152141651,11.73429506299428,11.641909638682725,11.655308551494477,11.687664031982422,11.631853963533054,11.669000249214516,11.682990108397101,20
12.657913208007812,12.661988258361816,12.659032821655273,12.648984575626518,12.66209095648602,12.766058665619797,12.691707413272631,12.68816089630127,12.702024044136373,12.681995648829725,12.685581458731027,21
11.710643768310547,11.713678359985352,11.716713905334473,11.702025927097734,11.716962527335047,11.752749879272796,11.792179774738882,11.76430892944336,11.708104089645675,11.730818573462651,11.727823797835935,22
12.344633102416992,12.356854438781738,12.359232902526855,12.35784241463741,12.340478839390064,12.38179504642623,12.32277420972656,12.316951751708984,12.392986825536772,12.352616614572401,12.35337198305597,23
11.88525390625,11.897444725036621,11.892236709594727,11.866930581491257,11.825266135409622,11.839510858614304,11.812487052527985,11.839451789855957,11.833113786559235,11.85463283837108,11.85308316052843,24
11.938276290893555,11.90625286102295,11.900821685791016,11.912405862408445,11.979602353197123,11.91877409789188,11.894467096589263,11.919742584228516,11.933013252547841,11.922595120507843,11.933201372912999,25
12.423529624938965,12.402412414550781,12.398109436035156,12.409932673965512,12.427517947400723,12.450965325117188,12.441868022961335,12.44057559967041,12.426377527320506,12.424587619106731,12.425035262829,26
11.796098709106445,11.802268981933594,11.799691200256348,11.80476845519333,11.803028839145723,11.820762536104754,11.858068671201245,11.86334228515625,11.852843395044129,11.822319230349091,11.820342853602622,27
12.583702087402344,12.570874214172363,12.568451881408691,12.561611103051007,12.59032380376422,12.603509128618258,12.577773571578332,12.6052827835083,12.596010432428104,12.584171000659069,12.589150788811557,28
12.22862720489502,12.229165077209473,12.22960090637207,12.207713614467885,12.197442844492576,12.218574330846348,12.232158517322171,12.179296493530273,12.155276287215202,12.208650586261225,12.203084962866033,29
11.15773868560791,11.168527603149414,11.160367965698242,11.211687219727398,11.193118330666973,11.125321281913589,11.087750850119706,11.071662902832031,11.097954907764684,11.141569971942216,11.145943254177274,30
11.427347183227539,11.309398651123047,11.320342063903809,11.499054760896165,11.511811223495666,11.529064219855162,11.478852105956623,11.26801586151123,11.317414367999033,11.406811159774252,11.391047828284998,31
11.8429594039917,11.817014694213867,11.81478500366211,11.86702794396533,11.856902565204942,11.82980931094786,11.829396269238297,11.810041427612305,11.850678233492948,11.835401650258817,11.832252282172588,32
12.1806058883667,12.193992614746094,12.197949409484863,12.157623631602412,12.130199362275128,12.130912325137922,12.087620823862126,12.148221969604492,12.123307305048835,12.150048147792065,12.152482373187492,33
12.065393447875977,12.08317756652832,12.083703994750977,12.050847113309759,12.0769457588089,12.098064924457454,12.05196240249172,12.060458183288574,12.065925611791302,12.070719889255889,12.078149014291348,34
12.58334732055664,12.586447715759277,12.587191581726074,12.554755934674654,12.60674520541133,12.56005421757603,12.632281441276684,12.55681037902832,12.574160741533795,12.582421615282534,12.582111814436187,35
12.630093574523926,12.623605728149414,12.61960506439209,12.622462514566863,12.650617771616352,12.666571802896827,12.629628287880182,12.623492240905762,12.616751222382758,12.631425356368242,12.636519963199898,36
11.92421817779541,11.92175579071045,11.916021347045898,11.903771932997433,11.923920666310018,11.876831917287516,11.878271993982791,11.908031463623047,11.877607105890332,11.903381155071433,11.908949814951503,37
11.912310600280762,11.908113479614258,11.90807819366455,11.91190824254778,11.914503744349064,11.960816020314184,11.926336713416525,11.986384391784668,11.96350948277899,11.932440096527863,11.935982522379483,38
11.781317710876465,11.77928638458252,11.780735969543457,11.778141544549307,11.795332549470157,11.738820565324042,11.74755007554867,11.75755500793457,11.75218838002306,11.767880909761361,11.771448524986152,39
11.268336296081543,11.267005920410156,11.272363662719727,11.186858324017521,11.295399142659013,11.326558768120277,11.354482313737075,11.345807075500488,11.351265236069132,11.296452971034991,11.305042193753133,40
11.825509071350098,11.841193199157715,11.848743438720703,11.857541164016956,11.902497742406508,11.850538369434249,11.820993227507149,11.86221981048584,11.868679825132626,11.853101760912429,11.865665282067758,41
12.061541557312012,12.066393852233887,12.062371253967285,12.052433010064206,12.053984685478317,12.011199907561567,12.045422658916163,12.030623435974121,11.992119428915581,12.04178775449146,12.041363483148118,42
11.85528564453125,11.870285987854004,11.868889808654785,11.859149507401991,11.861840169112574,11.90281184911594,11.83030749391242,11.883499145507812,11.851884432040803,11.864883782014621,11.872879350162775,43
11.796211242675781,11.815094947814941,11.815773963928223,11.812604656516047,11.811802793404425,11.796303174736297,11.845115717919557,11.77504825592041,11.787780604924047,11.806192817537747,11.80212592763182,44
11.884809494018555,11.884203910827637,11.879074096679688,11.835729619866736,11.8969834157171,11.90798881469342,11.902568819317809,11.884660720825195,11.870299055337762,11.882924216364879,11.88977243129964,45
12.595634460449219,12.600123405456543,12.598199844360352,12.568100382103449,12.595472496748082,12.530228569704656,12.588366051945194,12.66014289855957,12.566540163933128,12.589200919251132,12.594812975907622,46
12.482382774353027,12.480587005615234,12.486124038696289,12.519633673639426,12.524034883515904,12.545220947902505,12.639089575382753,12.547931671142578,12.586942412598408,12.534660775871792,12.523981084599153,47
12.43212890625,12.426522254943848,12.426492691040039,12.412600097038762,12.421681601794624,12.365438391811574,12.397035678581682,12.410202026367188,12.390340384826716,12.409160225850492,12.409868703221111,48
11.490461349487305,11.499626159667969,11.506695747375488,11.599191635570605,11.620505810094906,11.524389337488552,11.534603613496817,11.54443645477295,11.56471594703699,11.542736228332396,11.550490454094678,49
11.778426170349121,11.799240112304688,11.799871444702148,11.768860093832991,11.780760488850117,11.749699774121495,11.718388495068034,11.744782447814941,11.723241356538777,11.762585598175813,11.770172961240972,50
12.081609725952148,12.080240249633789,12.078356742858887,12.076381175759842,12.07382000997078,12.075930900300632,12.105514502944398,12.107284545898438,12.07571015368843,12.083872000778594,12.081730055927261,51
11.714934349060059,11.734521865844727,11.734419822692871,11.696713990512475,11.723350993473982,11.711065730069265,11.725804287376016,11.707072257995605,11.71039199203958,11.717586143229399,11.72107825151207,52
11.456387519836426,11.55413818359375,11.552728652954102,11.562416125766248,11.49628492758711,11.64282332443447,11.542589456499588,11.585390090942383,11.583701661381204,11.552939993666142,11.559302485047404,53
12.755653381347656,12.761184692382812,12.754321098327637,12.761846738594913,12.829800285707,12.716589879252254,12.804270018445028,12.847883224487305,12.874818682759027,12.789596444589291,12.799501080584736,54
11.724103927612305,11.711812019348145,11.710701942443848,11.725109038457642,11.768250077834724,11.689531741957348,11.714629883457258,11.722275733947754,11.727339881084802,11.721528249571538,11.727389044385191,55
12.005269050598145,12.00182819366455,12.004953384399414,12.021152515737032,11.984007452180085,12.015374339319592,12.036904493564094,11.994071960449219,11.991143755144195,12.006078349450704,11.996528015312185,56
12.15628433227539,12.162952423095703,12.163867950439453,12.166902784480797,12.175061840317559,12.202079416905109,12.195966788567423,12.25424575805664,12.244622637485362,12.19133154795816,12.195290647446946,57
12.178771018981934,12.182212829589844,12.184103012084961,12.176726039097458,12.169694816722794,12.158759604161945,12.1529530256949,12.144715309143066,12.174804857070697,12.169193390283066,12.168547160568231,58
13.044571876525879,13.042810440063477,13.034463882446289,13.004172018599956,13.010005858430148,12.969089669612126,12.927471736755033,13.062760353088379,13.17105555988287,13.029600155044909,13.039851442382572,59
11.716444969177246,11.715736389160156,11.712932586669922,11.707565073287475,11.75107745510821,11.674731606785953,11.668949657324271,11.659189224243164,11.629922777613729,11.692949971041125,11.701307316151194,60
12.119796752929688,12.131645202636719,12.13282299041748,12.095280424522912,12.09599691941536,12.053931546888734,12.074631315790434,12.043363571166992,12.019372923074362,12.085204627426965,12.084493852518234,61
11.499144554138184,11.556584358215332,11.557421684265137,11.470379381784156,11.540240455101173,11.455008066703561,11.36998365987995,11.497516632080078,11.457886000501416,11.489351643629886,11.51740291573287,62
12.237357139587402,12.224749565124512,12.222420692443848,12.239764007088322,12.210492333847123,12.236082135991664,12.340769627356021,12.275411605834961,12.287356376144134,12.252711498157554,12.23725508714702,63
11.935467720031738,11.903491973876953,11.891926765441895,11.926686249501637,11.951228738717676,11.833350892631378,11.758686187946923,11.83280086517334,11.87308900816811,11.878525377943294,11.891804153272895,64
12.319794654846191,12.330775260925293,12.333083152770996,12.335452141806654,12.359337210795251,12.366138617240418,12.349175740638811,12.377555847167969,12.36892221287312,12.3489149821183,12.355315905572574,65
12.568220138549805,12.57911205291748,12.579399108886719,12.557462858602864,12.573709317311403,12.638754718334805,12.601974618954763,12.628613471984863,12.602374598783355,12.59218009825845,12.596725576160607,66
12.411181449890137,12.383264541625977,12.38191032409668,12.393681732338305,12.43256235145497,12.401761283334338,12.457774263760093,12.472785949707031,12.399868599635765,12.414976721760366,12.415655213780862,67
12.297531127929688,12.29917049407959,12.301596641540527,12.307110283801755,12.293479820390644,12.255853867515247,12.286660968764926,12.278827667236328,12.28003009384271,12.288917885011267,12.286016793775186,68
11.232661247253418,11.227895736694336,11.226959228515625,11.275303466152025,11.264916508065205,11.229647329058947,11.239839761766289,11.200676918029785,11.279621721725025,11.241946879695627,11.239388054590497,69
12.26125717163086,12.245649337768555,12.22617244720459,12.243942877119526,12.241275032373192,12.29742470163892,12.316541967683465,12.343799591064453,12.275390851219873,12.27238377530038,12.270922544480449,70
12.53885269165039,12.563261985778809,12.569029808044434,12.528808058121614,12.522646006380109,12.478772451501191,12.495467233669261,12.525367736816406,12.560615266128725,12.531424582010104,12.53345521632028,71
11.68645191192627,11.678646087646484,11.676278114318848,11.674762002311855,11.70459951674319,11.7046913788434,11.698054857296361,11.713038444519043,11.710322314516969,11.694093847569157,11.698438124374933,72
12.159858703613281,12.164754867553711,12.162222862243652,12.164735402605228,12.160745630731013,12.190634962061191,12.169324186104092,12.19678783416748,12.1916770287044,12.173415719753784,12.175417717995126,73
11.865581512451172,11.88223934173584,11.887123107910156,11.881397300451589,11.903578074797357,11.851931341771298,11.839333886312698,11.857465744018555,11.886826580737987,11.872830765576296,11.880185732959875,74
11.583436965942383,11.597921371459961,11.595396041870117,11.561636594297237,11.599133047634192,11.566914103235625,11.693169979633407,11.547658920288086,11.540947804474161,11.587357203203908,11.579636027539157,75
11.500399589538574,11.514704704284668,11.517217636108398,11.487838019491708,11.51612484204006,11.46803471183885,11.473728566903116,11.504125595092773,11.49260774895842,11.497197934917397,11.504275837795893,76
11.647608757019043,11.63284969329834,11.627226829528809,11.63708073016079,11.680874581136127,11.624482477145422,11.644700927278802,11.619675636291504,11.62430774319935,11.637645263895354,11.6417900611337,77
11.705313682556152,11.65727710723877,11.65557861328125,11.699966670830314,11.731483385179958,11.704553769150957,11.715290971181735,11.69039535522461,11.684525368049034,11.693820546965863,11.692724039391033,78
11.695610046386719,11.707261085510254,11.702463150024414,11.596459570177444,11.745212333742261,11.746185251926986,11.669774818577178,11.692691802978516,11.633832810985067,11.687721207812094,11.713231761763248,79
11.69044017791748,11.664299964904785,11.662371635437012,11.708654682028797,11.737483126774332,11.597354122568584,11.680906236405038,11.568482398986816,11.617832417565989,11.658647195843205,11.654316311168143,80
12.212057113647461,12.20123291015625,12.198311805725098,12.22347186472475,12.207459595201017,12.25919600778822,12.293663309380737,12.209321022033691,12.209522928349626,12.223804061889648,12.213542095403893,81
12.039342880249023,12.03377914428711,12.042162895202637,12.037288702076623,12.062245020605621,12.080291906141417,12.078118901367011,12.069734573364258,12.053311968724582,12.05514177689092,12.05620412934191,82
12.414687156677246,12.403148651123047,12.4022855758667,12.38603753994596,12.414233630116538,12.36947087714509,12.409362624054527,12.420295715332031,12.420019108228635,12.404393430943308,12.405840998873643,83
11.750736236572266,11.762385368347168,11.767114639282227,11.74298789942587,11.736890115313331,11.73523116036162,11.780330111569684,11.687538146972656,11.700112669956336,11.740369594200128,11.732810571162746,84
12.018847465515137,12.019179344177246,12.019512176513672,12.025321068347788,12.024068924557254,12.04131925703739,12.05462854884087,12.072314262390137,12.034713184103024,12.034433803498057,12.033937547052108,85
12.514384269714355,12.513396263122559,12.508565902709961,12.47817037175131,12.48892518400607,12.44703751375804,12.433335600656612,12.493803024291992,12.506144559578852,12.487084743287753,12.493116477878262,86
12.119195938110352,12.113744735717773,12.111210823059082,12.125468847032426,12.10355915247043,12.107628104383835,12.099107768561993,12.098072052001953,12.059665337353463,12.10418363985459,12.101825454189166,87
11.984200477600098,11.979751586914062,11.973875999450684,11.959993555997302,11.994815395270367,12.054836145670105,11.937804689185715,11.960762023925781,12.00892058240555,11.98388449515774,11.994816875586116,88
10.950127601623535,10.894075393676758,10.919221878051758,11.087450378170615,11.207797486928664,11.310096854851084,11.173028714130972,10.81453800201416,10.902558185096883,11.028766054949381,11.028706909807028,89
11.718914985656738,11.718085289001465,11.711702346801758,11.700696201645314,11.74908654109426,11.74419599571257,11.673180571945872,11.72054672241211,11.693124748302175,11.714392600285809,11.728148096356207,90
11.575345993041992,11.564773559570312,11.556568145751953,11.51219175783417,11.638134068133676,11.53519586033233,11.573420805281815,11.575435638427734,11.525458786143867,11.561836068279762,11.578175341912408,91
11.616937637329102,11.61669921875,11.638513565063477,11.704687891966367,11.690673019516128,11.670386330557179,11.692347865475607,11.634845733642578,11.647813991144272,11.656989472604968,11.651010416160496,92
11.882457733154297,11.882660865783691,11.88416862487793,11.854127749900044,11.91482044481591,11.804060884817018,11.75715320680937,11.884927749633789,11.878835853773325,11.860357012618373,11.880027550659765,93
12.078503608703613,11.928699493408203,11.94858455657959,12.081734522973726,12.013973700236004,12.183332604055721,12.239992595216341,12.013484001159668,11.991063344083486,12.053263158490704,12.009343478957993,94
12.179642677307129,12.181659698486328,12.184770584106445,12.183422869500138,12.217333897942568,12.233917709265441,12.235133941407181,12.175729751586914,12.210259773320765,12.200207878102544,12.201108289406648,95
12.145752906799316,12.110672950744629,12.101614952087402,12.10023815235557,12.148345007484652,12.078290664555233,12.036472244832906,12.04065227508545,12.062058482801941,12.09156640408301,12.09989421710318,96
12.293753623962402,12.286455154418945,12.293930053710938,12.295888296308608,12.292112544164757,12.29152291745697,12.303461202787691,12.311927795410156,12.278806837428602,12.294206491738784,12.292039674940826,97
11.651328086853027,11.636652946472168,11.630050659179688,11.647454641092166,11.636106997025754,11.706177075205376,11.744733901605297,11.702688217163086,11.705922577645165,11.673457233582416,11.664556631768502,98
11.19533634185791,11.234827041625977,11.24384593963623,11.280798824074417,11.285502205870786,11.302711002871423,11.339994099540839,11.251493453979492,11.350724721424262,11.276137070097926,11.273521167572726,99
11.628684043884277,11.629599571228027,11.628576278686523,11.556863231172201,11.480159888799113,11.687077212776305,11.748693753250421,11.719590187072754,11.628482270649718,11.634191826391039,11.611315846130312,100
12.273383140563965,12.292179107666016,12.2966947555542,12.278508048623857,12.28902805659124,12.257476592241968,12.273850687545263,12.234793663024902,12.254796624477759,12.272301186254353,12.273080874211308,101
12.059540748596191,12.051647186279297,12.051965713500977,12.059873762133359,12.07599439987499,12.074113236393135,12.052932939734072,12.03657054901123,12.06070154620775,12.058148897970112,12.060121041977824,102
11.625370979309082,11.651308059692383,11.662576675415039,11.629738581965567,11.72226801857008,11.68413237071643,11.653180761527267,11.690927505493164,11.703639847136428,11.669238088869493,11.687460062647476,103
12.110099792480469,12.113923072814941,12.111800193786621,12.101247529663233,12.120708392516113,12.172191517202368,12.180180932758297,12.170465469360352,12.185774238185541,12.14071012652977,12.140946813936868,104
11.967793464660645,11.963164329528809,11.960371017456055,11.946817705800928,11.906117760852311,11.922233512402471,11.881863987490949,11.94183349609375,11.9692701105108,11.939940598310747,11.938769641794776,105
12.456247329711914,12.456361770629883,12.454849243164062,12.449207301580369,12.443338781551587,12.431425945536585,12.466805401542597,12.469484329223633,12.454365892077044,12.453565110557522,12.451067521134258,106
11.41779613494873,11.415868759155273,11.419785499572754,11.431004982093297,11.45383218180774,11.423684910300745,11.280555235499135,11.426420211791992,11.391434219821512,11.406709126110131,11.426542788043358,107
11.406181335449219,11.393845558166504,11.391140937805176,11.460130101702767,11.497458632120853,11.515712652397808,11.467919932413336,11.45686149597168,11.488530156536324,11.453086755840408,11.460138041254776,108
11.657098770141602,11.677562713623047,11.660257339477539,11.727691683038302,11.637377345358841,11.697958737987191,11.769415836921812,11.74085521697998,11.598301305969693,11.685168772166445,11.671323098748967,109
12.236308097839355,12.259511947631836,12.263480186462402,12.237710293988805,12.264804297373347,12.183680478484996,12.13857546128995,12.17747688293457,12.20883043779328,12.218930898199837,12.231380000622368,110
11.881174087524414,11.89874267578125,11.907734870910645,11.882296443655079,11.85472006275338,11.845225134368304,11.91353121909218,11.928631782531738,11.901342234759811,11.890377612375199,11.883973814962093,111
12.070838928222656,12.064393043518066,12.063578605651855,12.054527131287454,12.074682726099173,12.047823805260057,12.063937231415014,12.082538604736328,12.05495985385499,12.064142214449511,12.06673628074499,112
12.761576652526855,12.765042304992676,12.761691093444824,12.765307069132477,12.766261096621152,12.754199818624079,12.681148104136204,12.728668212890625,12.750021682359504,12.748212892747597,12.75635608356124,113
12.308772087097168,12.361451148986816,12.358899116516113,12.302847711525857,12.357014628237073,12.300725989893934,12.300909685897661,12.289294242858887,12.254838162181217,12.314972530354972,12.32852915007788,114
12.370294570922852,12.36276912689209,12.352285385131836,12.31370522855849,12.383737303449209,12.30067881003333,12.303590279793102,12.278005599975586,12.351292474143769,12.335150975433363,12.344636311749325,115
12.046605110168457,12.03536319732666,12.025521278381348,12.004244527874171,12.066854592699443,12.032254317411963,12.002720588974165,12.014738082885742,12.038441183841039,12.029638097729222,12.040556856640917,116
11.681037902832031,11.720087051391602,11.72649097442627,11.683430715836181,11.80722337560222,11.795281884587535,11.738578014990738,11.6620512008667,11.705158947679676,11.724371118690328,11.744002245011927,117
11.893412590026855,11.880782127380371,11.878759384155273,11.87986355625426,11.902355790424833,11.909893901352792,11.920521271776778,11.89413070678711,11.910978470290864,11.896744199827683,11.89627169498868,118
12.648470878601074,12.654511451721191,12.653932571411133,12.642970351905127,12.658768824855697,12.73251049441835,12.805246635036733,12.780379295349121,12.767027546466899,12.704868672196149,12.69916934577506,119
12.111539840698242,12.108659744262695,12.108306884765625,12.106353503473454,12.082186119749636,12.019698937514901,12.019993846639782,12.043292045593262,12.060864134052458,12.07343278408334,12.07289160536251,120
12.024401664733887,12.027859687805176,12.033177375793457,12.013143774233157,12.04996499615148,12.03121448050358,11.972590448635668,11.9989652633667,11.968392754895307,12.013301160679823,12.02348002489709,121
11.450119018554688,11.465280532836914,11.460322380065918,11.430484741278983,11.448206766810037,11.491431330923977,11.47452771623751,11.520097732543945,11.497800086892317,11.47091892290492,11.476658385617787,122
11.893146514892578,11.875137329101562,11.873832702636719,11.877634114418608,11.888771187868931,11.850921810048677,11.848674615609626,11.851590156555176,11.831389886485479,11.865677590846374,11.866947993291967,123
11.972797393798828,11.966974258422852,11.9666109085083,11.978796446848321,11.984846291856831,12.040660951480511,12.046956797368507,12.006641387939453,11.99501240856201,11.995477427198402,11.991936208988665,124
12.02241325378418,12.03469181060791,12.03969955444336,12.004642183704272,12.027562841181778,12.000014345562008,12.01355738487316,12.03178596496582,12.02113770512938,12.021722782694651,12.025797308331136,125
11.390399932861328,11.459619522094727,11.456063270568848,11.22250896257583,11.353256315181453,11.282132288249066,11.235515363915086,11.336592674255371,11.324131723112707,11.340024450312715,11.370515368341879,126
11.73937702178955,11.723512649536133,11.722001075744629,11.720699252726961,11.786027036886773,11.785155903129093,11.72151353567603,11.762886047363281,11.786864025269331,11.749781838680198,11.76265820043621,127
11.409293174743652,11.400416374206543,11.397266387939453,11.435387265562895,11.40014784978563,11.434102050004654,11.445945670334677,11.445884704589844,11.455661739906974,11.424900579674924,11.418395002549588,128
11.856636047363281,11.85712718963623,11.857054710388184,11.854485012129475,11.866200481759577,11.907551449508427,11.874305326749049,11.882417678833008,11.908673595133115,11.87382794350004,11.876460898456484,129
11.785293579101562,11.824711799621582,11.850079536437988,11.85124036372676,11.800765992769945,11.895986349946714,11.84279005936345,11.828388214111328,11.816349523848038,11.832845046547485,11.828205382099792,130
12.328896522521973,12.325752258300781,12.327831268310547,12.341984091827678,12.30024794865721,12.231706668056008,12.282366070269994,12.284683227539062,12.272163803196182,12.299514650964381,12.292813674904446,131
12.319710731506348,12.312446594238281,12.313096046447754,12.32368232907745,12.33168680299053,12.290599091684985,12.281934670191971,12.270896911621094,12.277663100882435,12.302412919848983,12.304186664975317,132
11.9288969039917,11.927200317382812,11.925525665283203,11.932315966467765,11.886381407355582,11.91576008129075,11.964867021289942,11.95508861541748,11.926071004042418,11.929122998057963,11.918708503592748,133
12.260686874389648,12.276755332946777,12.283979415893555,12.282137175580797,12.226129056770162,12.27233022588054,12.3138876636043,12.263223648071289,12.281857640711397,12.27344300376094,12.260577294152863,134
12.083829879760742,12.06309700012207,12.052285194396973,12.087238036304326,12.096572935158145,12.042444784822171,11.96318691259048,12.005074501037598,12.026986885399806,12.046746236621368,12.056124133675203,135
12.09852123260498,12.112805366516113,12.116847038269043,12.124965777644611,12.135645485379522,12.09784110885961,12.080076649026743,12.082242965698242,12.085575092796281,12.103835635199461,12.109100988144935,136
11.868630409240723,11.86349105834961,11.862191200256348,11.85041437507577,11.874915216661106,11.888093274190505,11.879499488901903,11.855485916137695,11.899154975960416,11.871319546086008,11.872677573972382,137
12.170326232910156,12.189515113830566,12.199023246765137,12.187327870088657,12.200329487768165,12.153482432036755,12.27006629177655,12.288644790649414,12.239884453638833,12.210955546607137,12.208534220455169,138
12.457231521606445,12.426009178161621,12.42656421661377,12.469954987473685,12.440678783094091,12.428478889684241,12.38616870270352,12.395950317382812,12.452817947556602,12.43153939380853,12.428383024412343,139
12.217007637023926,12.215387344360352,12.219578742980957,12.216226095794877,12.251756066363223,12.22726201508689,12.263392257534116,12.240970611572266,12.21269314616582,12.229363768542491,12.230930454531897,140
11.538883209228516,11.53710651397705,11.532719612121582,11.952321449535702,11.671595545954387,11.631252049673126,11.538569809949871,11.557497024536133,11.60884372205444,11.618754326336758,11.59855550806446,141
12.392583847045898,12.40920639038086,12.413999557495117,12.393204640104766,12.382918410175725,12.396562373596785,12.47362937539788,12.424269676208496,12.377724479828686,12.407122083359358,12.39925663382999,142
11.731863021850586,11.728800773620605,11.734831809997559,11.74046156917105,11.802029913193822,11.757520844866391,11.693923996873842,11.745850563049316,11.74286996353646,11.742016939573293,11.7573032713249,143
12.3090181350708,12.313209533691406,12.315168380737305,12.310534544352132,12.302724590484816,12.279109061106224,12.27406271535022,12.254045486450195,12.278212110832179,12.292898284230587,12.292151377381957,144
11.820923805236816,11.83993911743164,11.84839916229248,11.850008829939682,11.821107750956061,11.837451438630186,11.834405827166684,11.773279190063477,11.819760235462134,11.82725281746435,11.821541011791847,145
11.824119567871094,11.829123497009277,11.83138656616211,11.847185229472121,11.800518965285072,11.770363300803568,11.808204912828451,11.803094863891602,11.778054163756922,11.810227896342246,11.803149787600061,146
11.6063871383667,11.60779857635498,11.604717254638672,11.57033652106666,11.586231380554453,11.538520039053514,11.510516349885823,11.595998764038086,11.561361190986496,11.575763023882821,11.58500902113758,147
12.292668342590332,12.29599666595459,12.295516967773438,12.30546681800043,12.307211585832365,12.323429816365776,12.2765574138331,12.249406814575195,12.273475074921095,12.291081055538479,12.293177666789669,148
11.950210571289062,11.936161041259766,11.937209129333496,12.044001284350315,11.854025540489438,11.889010033382739,11.918669746966183,11.92448616027832,11.917236458345593,11.930112218410548,11.902889294424403,149
11.602895736694336,11.579933166503906,11.57717514038086,11.62484002054481,11.577544749630842,11.566947021892656,11.610708418694664,11.588525772094727,11.549732220204206,11.586478027404558,11.575585787662604,150
11.830429077148438,11.818048477172852,11.815736770629883,11.815200241968013,11.816415362510957,11.835434939401544,11.880827937882726,11.837179183959961,11.812942552553386,11.829134949247528,11.822668965427766,151
12.670296669006348,12.668206214904785,12.66905689239502,12.66380770577533,12.697145727555979,12.719339862727258,12.6760590078761,12.688386917114258,12.68795208844721,12.682250120644698,12.688914092068343,152
12.105392456054688,12.118853569030762,12.126500129699707,12.12779701697296,12.156159207877208,12.098514595782488,12.111346092721158,12.099798202514648,12.098688858513302,12.115894458796326,12.120937899888853,153
12.257935523986816,12.259549140930176,12.246814727783203,12.19809000215913,12.272830589933674,12.205389444336639,12.167168950737752,12.207147598266602,12.197703632161534,12.223625512255058,12.240353208629529,154
11.49248218536377,11.485037803649902,11.500143051147461,11.542587760951427,11.540827229244861,11.627632839298819,11.641325129221581,11.506357192993164,11.564226693299107,11.544513320574454,11.532864271009913,155
11.28525447845459,11.288877487182617,11.331042289733887,11.227211371827252,11.317533947379575,11.191852699936911,11.345154152635128,11.269815444946289,11.229061521760212,11.276200377095163,11.273257513425696,156
11.650547981262207,11.634063720703125,11.631114959716797,11.620964078803619,11.635046273722962,11.585595829173322,11.577740709396796,11.606667518615723,11.600706383714318,11.615827495012095,11.619355558672058,157
12.540163040161133,12.549764633178711,12.549854278564453,12.507632092947311,12.545642132772581,12.557414457401595,12.596797829309114,12.571516990661621,12.56774404342836,12.554058833158319,12.555147201770474,158
12.374542236328125,12.371731758117676,12.370394706726074,12.395267168877567,12.40469969373112,12.363336753527403,12.368842611776468,12.320266723632812,12.336232398303943,12.367257116780133,12.36752122831022,159
12.59949779510498,12.571188926696777,12.573516845703125,12.648490902085403,12.610078852668044,12.538541512497527,12.586131897475243,12.63525104522705,12.652902451240452,12.601733358744289,12.596066228330535,160
12.062887191772461,12.046558380126953,12.042377471923828,12.033071042400081,12.072535037345736,12.008760439552791,12.02649585596338,11.97074031829834,11.986710399828675,12.027792904134694,12.029662935621284,161
12.889434814453125,12.903648376464844,12.90394115447998,12.901523762557359,12.901623680949891,12.997914300204997,12.966559560232746,12.89594841003418,12.9988086656729,12.928822525005558,12.9255978246931,162
12.439839363098145,12.416050910949707,12.414399147033691,12.42376669397311,12.435159981851479,12.36839095328462,12.366615669528748,12.414406776428223,12.375922678442523,12.406061352732248,12.409868073249735,163
11.464994430541992,11.43548583984375,11.424920082092285,11.53261257435372,11.411062410789546,11.46034626967944,11.43168749328554,11.441621780395508,11.416694357771945,11.44660280430597,11.431399247787105,164
11.906306266784668,11.92167854309082,11.92190933227539,11.898616898135064,11.847460965621393,11.858070661637111,11.815685227592521,11.890414237976074,11.832250231306446,11.8769324849355,11.877588241558264,165
11.693868637084961,11.683707237243652,11.697410583496094,11.868913152991354,11.806335304377141,11.691167191029772,11.758625260268557,11.700600624084473,11.724914103768043,11.736171343816006,11.725518383265213,166
12.122982025146484,12.14317512512207,12.152338027954102,12.148989559388836,12.13646236840171,12.21311411385517,12.098297395164836,12.102535247802734,12.133678165502626,12.139063558704287,12.143945851174559,167
12.767552375793457,12.762834548950195,12.761246681213379,12.753653030312424,12.764707579212352,12.775673444741882,12.767045947089906,12.784737586975098,12.79633524051171,12.770420714977824,12.772279796783248,168
12.17141056060791,12.175827026367188,12.181068420410156,12.199262136876392,12.16620804111426,12.202892862774977,12.164632696475453,12.191802024841309,12.191085141111953,12.182687656731067,12.181304283698047,169
12.290773391723633,12.3040189743042,12.30038070678711,12.298670972065516,12.279975323415158,12.323510064211321,12.40375823887022,12.40347957611084,12.34026185867588,12.32720323401821,12.320100689059727,170
11.683099746704102,11.69974136352539,11.700664520263672,11.702752974015151,11.684390701395776,11.699158192130648,11.707150397485773,11.640718460083008,11.687479412146615,11.689461751972239,11.68464142391381,171
12.241272926330566,12.243769645690918,12.244813919067383,12.236199899637551,12.257505191344427,12.213981887292535,12.18665532604746,12.243244171142578,12.220310045588883,12.2319725569047,12.240649243936291,172
12.281314849853516,12.281883239746094,12.279967308044434,12.256176424904277,12.255118424436086,12.228416441784667,12.220064810455298,12.274568557739258,12.240206362385559,12.257524046594353,12.261189834501053,173
11.931917190551758,11.939881324768066,11.94837474822998,11.9431585706539,11.953242852940075,11.908048804656062,11.926675737473635,11.941387176513672,11.926730132908226,11.935490726521708,11.937776906410866,174
12.162073135375977,12.150379180908203,12.145489692687988,12.15553365917585,12.151828774308983,12.126620625160228,11.978385364545852,12.043838500976562,12.073093362726551,12.109693588429577,12.122002124370974,175
12.248126029968262,12.26314926147461,12.26774787902832,12.217873492821484,12.198947139618284,12.276438395989276,12.304281996390394,12.255687713623047,12.245849378604301,12.253122365279776,12.244431480484735,176
12.323326110839844,12.315570831298828,12.31212043762207,12.309975145562511,12.317169366426814,12.344171153606014,12.32034029145277,12.273515701293945,12.29384311568231,12.312225794865011,12.31109653675913,177
12.096562385559082,12.090052604675293,12.08913516998291,12.090366659964495,12.072841858270442,12.042130859625233,12.006791253051219,12.047381401062012,12.03812317491354,12.063709485233803,12.066009075288934,178
13.02721881866455,13.030330657958984,13.023268699645996,13.009752361144411,13.110404120347647,13.067199741025386,12.976685281271157,12.970487594604492,13.03810678333239,13.028161561999447,13.048845101643439,179
11.580582618713379,11.587323188781738,11.588523864746094,11.612792037618537,11.653021622776427,11.632160333884503,11.568348860282285,11.621687889099121,11.586744318156208,11.603464970450922,11.617343062205242,180
12.01717472076416,12.010285377502441,12.010400772094727,12.025741163886824,12.027906385592468,12.057537865497018,12.050107020636547,12.03065013885498,12.079524578313233,12.034369780349156,12.03257895727706,181
12.038125991821289,12.030879974365234,12.035408020019531,12.004489528362935,12.042549054486773,12.11988717109101,12.195458475306237,12.109271049499512,12.102348768747895,12.075379781522267,12.067189427219326,182
11.71550178527832,11.680975914001465,11.693923950195312,11.738675978123258,11.664963555954712,11.67951952476647,11.60584217946963,11.657618522644043,11.723659508597594,11.684520102114535,11.677114567653536,183
12.188706398010254,12.22227954864502,12.220491409301758,12.218017275574674,12.242340422093049,12.169036891237809,12.124377766606464,12.247723579406738,12.229447073347515,12.206935596024811,12.224904396190903,184
11.769749641418457,11.753321647644043,11.751481056213379,11.73603463395968,11.74577841058007,11.716365485272457,11.63956036532299,11.66591739654541,11.746134993870173,11.724927070091852,11.73104364343104,185
12.656844139099121,12.658830642700195,12.65845775604248,12.680595595633637,12.654853305640684,12.757541493196252,12.84678026506517,12.78067398071289,12.743037695758659,12.715290541538788,12.700600397252247,186
12.118130683898926,12.108327865600586,12.112753868103027,12.131049985758501,12.087414559986366,12.07941595911245,12.123694728953248,12.095622062683105,12.109268869130275,12.1072976203585,12.096440091787846,187
11.738499641418457,11.746538162231445,11.754454612731934,11.709785967424915,11.748219487888631,11.753143647355575,11.806941394777976,11.742510795593262,11.752662459862826,11.75030624103167,11.747957343991168,188
11.863289833068848,11.870713233947754,11.872176170349121,11.85757704499746,11.828197052428562,11.857842277356609,11.82704453741317,11.82072639465332,11.869739382999008,11.851922880801538,11.849019936117807,189
12.498640060424805,12.530235290527344,12.529593467712402,12.47288580306104,12.511804213140367,12.51963865875313,12.507096119616554,12.49145221710205,12.47563239317588,12.504108691501507,12.511624199134161,190
12.409079551696777,12.445147514343262,12.454157829284668,12.407464628196887,12.435051271359978,12.545308495804129,12.550530299124008,12.607633590698242,12.56858402617447,12.491439689631383,12.496137918502734,191
12.116828918457031,12.143783569335938,12.140758514404297,12.081684036932064,12.056764863088523,12.053222023812634,12.015872827098464,12.064414024353027,12.087011680466569,12.084482273105394,12.087963224277528,192
12.17841625213623,12.188864707946777,12.193418502807617,12.198181945436158,12.183883426124169,12.217275120211076,12.228429702109594,12.180890083312988,12.196205923893972,12.196173962664286,12.191116306248185,193
11.874454498291016,11.899356842041016,11.911887168884277,11.930353219006147,11.852515637848812,11.81960621210859,11.822389668431999,11.911250114440918,11.856107842090417,11.875324578127021,11.87226253610637,194
11.6941499710083,11.696321487426758,11.69461441040039,11.69077979036362,11.699427911019043,11.71170453858419,11.674327455808195,11.673770904541016,11.683401971876336,11.690944271225316,11.694412474516005,195
11.863343238830566,11.866806983947754,11.872482299804688,11.848452939045732,11.863852341505705,11.890784223514396,11.882131160870252,11.906157493591309,11.920382430210246,11.879377012368963,11.881475977192078,196
12.714335441589355,12.671966552734375,12.668601036071777,12.696632961939049,12.732728724510382,12.66161669396635,12.622425511424739,12.608351707458496,12.630351904268611,12.667445614884791,12.672497130754442,197
12.63470458984375,12.541183471679688,12.547384262084961,12.58087183158797,12.491547164878137,12.610881862873018,12.681991561697311,12.727900505065918,12.714682859981863,12.61457201218807,12.586085645199022,198
11.730547904968262,11.701837539672852,11.695284843444824,11.322118791331945,11.578075787471532,11.695429226368587,11.662746027611284,11.680789947509766,11.6451222666998,11.634661370564318,11.657561272107756,199
12.636369705200195,12.640219688415527,12.639639854431152,12.614116048809297,12.648136843399572,12.616046566907286,12.616279506443565,12.579792022705078,12.626468814164859,12.62411878338628,12.627694361438941,200
11.772595405578613,11.755533218383789,11.749693870544434,11.759369164815224,11.791271378630926,11.840295643044517,11.87184901434412,11.812161445617676,11.823660472914606,11.797381068208212,11.793973119641768,201
12.009102821350098,12.023038864135742,12.026185035705566,12.02571970785454,12.04848925305649,12.006558503408575,12.036080451694728,12.02348804473877,12.024659618570299,12.02481358894609,12.027872505177474,202
11.659676551818848,11.656474113464355,11.658555030822754,11.68968606236967,11.677032595839409,11.603835377619914,11.676535245139254,11.656830787658691,11.62839109836747,11.656335207011152,11.651559861569885,203
11.820036888122559,11.824039459228516,11.828700065612793,11.85695286451682,11.83432966649285,11.8712870259062,11.845155367627038,11.874598503112793,11.861991412680611,11.84634347258891,11.845880333962203,204
11.62413215637207,11.642962455749512,11.642180442810059,11.593760796829768,11.602521984988899,11.690452328147162,11.714747368813159,11.602718353271484,11.632622738325615,11.638455402811969,11.63118965481878,205
12.077966690063477,12.084966659545898,12.088573455810547,12.061141190203445,12.095579526088118,12.066274846060262,12.084659440631803,12.115164756774902,12.086673606497662,12.08455557463068,12.090207971685336,206
11.767813682556152,11.75619125366211,11.77058219909668,11.784087038960973,11.780166144379448,11.849806871548289,11.746992685637611,11.780421257019043,11.793685001762363,11.781082903846965,11.784235633855552,207
11.689820289611816,11.707596778869629,11.713530540466309,11.713363754883751,11.782114372667271,11.84068651312266,11.784921456458498,11.800477981567383,11.849924401228652,11.764715120986217,11.77737643672855,208
12.39018726348877,12.41983413696289,12.42530632019043,12.424404590969813,12.372038665679222,12.376668691349254,12.419173401820707,12.37868595123291,12.406521607716584,12.401424514378954,12.392410981953073,209
11.937253952026367,11.964159965515137,11.963915824890137,11.927352067830991,11.93568123323474,11.90229481998737,11.936538225543266,11.914159774780273,11.921092250467531,11.933605346030646,11.934753206956948,210
11.411752700805664,11.424067497253418,11.426065444946289,11.419431998419896,11.39031786438352,11.426583273232783,11.399477913027491,11.452787399291992,11.408933098717059,11.41771302111979,11.418198703382641,211
12.010226249694824,12.005328178405762,12.0065336227417,12.000788168024817,11.996066513271009,12.04767097212438,12.026722858595322,11.985255241394043,12.029815561577124,12.012045262869886,12.008291185508126,212
12.424813270568848,12.430708885192871,12.428067207336426,12.401081824790829,12.437485738215173,12.432716697389004,12.442766393506815,12.437471389770508,12.433132981926711,12.429804932077465,12.43420578448996,213
11.955206871032715,11.95199203491211,11.951104164123535,11.91729780078038,11.9579908329834,11.928625050327796,11.925957708869214,11.944299697875977,11.954934231467027,11.94304537693024,11.949314739456334,214
11.939960479736328,11.948742866516113,11.951362609863281,11.940793438878671,11.960897287065773,11.904341444457058,11.876253969725811,11.878040313720703,11.916303085848362,11.924077277312456,11.930812692107047,215
11.773513793945312,11.757105827331543,11.758974075317383,11.817985581186061,11.797691410494037,11.827540914336494,11.874606461869059,11.854060173034668,11.86028982078469,11.813529784255472,11.8049919402863,216
12.27476692199707,12.269603729248047,12.270575523376465,12.275474876685099,12.26360299424305,12.23246397168404,12.224283851631403,12.201913833618164,12.232727798714548,12.249490389021986,12.247762918800216,217
11.383752822875977,11.370552062988281,11.37499713897705,11.436681748965317,11.455278784527788,11.3885857754956,11.282093716144487,11.30044174194336,11.31830294329014,11.367854081689778,11.379614493814197,218
12.362627983093262,12.410818099975586,12.406428337097168,12.321283850138597,12.359489952884573,12.387484163356733,12.367352457815233,12.351561546325684,12.374505853740189,12.371283582714113,12.379961350738508,219
12.046366691589355,12.043231010437012,12.042397499084473,12.038873045902164,12.04460526639273,12.086032980479764,12.062055899887005,12.061089515686035,12.077106386243946,12.05575092174472,12.05628108798086,220
12.224082946777344,12.23459243774414,12.239994049072266,12.236902254310946,12.214598299184528,12.297243223168055,12.287727235084658,12.2915620803833,12.274290665790422,12.255665910168407,12.251577029792601,221
12.273263931274414,12.281292915344238,12.276789665222168,12.255512186550892,12.241856603293686,12.318061068102582,12.314250001187984,12.253561973571777,12.2797344805986,12.277146980571816,12.271180732347435,222
12.04460620880127,12.044379234313965,12.042960166931152,12.036632199134964,12.040743934264327,12.072230793235084,12.045665126172688,12.065831184387207,12.06676300312901,12.05109020559663,12.053247527223078,223
11.599472999572754,11.59878921508789,11.598557472229004,11.625810784685155,11.685505899308206,11.751485568673932,11.699773154257613,11.729517936706543,11.734015332073717,11.669214262510536,11.680112335634716,224
12.963436126708984,12.956467628479004,12.956639289855957,12.928815156571018,12.967489068828334,12.925628352713524,12.911045682094207,12.838957786560059,12.907215860267783,12.928410550230986,12.930882052455571,225
11.458255767822266,11.458619117736816,11.45983600616455,11.44149354180515,11.495798392213766,11.508488570745266,11.490471585259336,11.457845687866211,11.49103837571709,11.473538560592273,11.479367619060216,226
12.46220588684082,12.452091217041016,12.448883056640625,12.457511710045136,12.503299680489727,12.528513507098161,12.464565169320778,12.511119842529297,12.467597038559655,12.477309678729469,12.488395089904378,227
11.477371215820312,11.488551139831543,11.496213912963867,11.502527084249618,11.50926202553767,11.414173674289387,11.470866205743894,11.428380012512207,11.437907061150742,11.46947248134436,11.468387826468533,228
11.63885498046875,11.639923095703125,11.644662857055664,11.649535087038824,11.681620805725032,11.732674729584524,11.731358566729465,11.719710350036621,11.72138427827459,11.684413861179621,11.686297894929222,229
12.151506423950195,12.141735076904297,12.13961124420166,12.159067314479708,12.160196290839993,12.200067895441268,12.221491490849136,12.170565605163574,12.197768199229925,12.171334393451083,12.165838388845991,230
11.791670799255371,11.80407428741455,11.801741600036621,11.782350424644553,11.8206343822257,11.830395099321413,11.837247005655572,11.815269470214844,11.796123631120775,11.80883407776549,11.813407330700047,231
12.722784996032715,12.726640701293945,12.725174903869629,12.751394567195648,12.790581201337316,12.86035688444949,12.844122787202771,12.822664260864258,12.798405318883415,12.782458402347688,12.786663543870214,232
11.452066421508789,11.461348533630371,11.464431762695312,11.462629276059562,11.5071721260363,11.503687705063939,11.485820766554907,11.486920356750488,11.524005924730755,11.483120319225602,11.490812024735494,233
11.77424144744873,11.768067359924316,11.766742706298828,11.74479005842874,11.82637409337439,11.820571563912194,11.850455688604644,11.797161102294922,11.795005110491223,11.793712125641997,11.799229237409044,234
12.305874824523926,12.292447090148926,12.292798042297363,12.295296436640818,12.300645619853237,12.251840056491055,12.196372087793822,12.219826698303223,12.240575938648345,12.2661863105223,12.27162176151649,235
11.427614212036133,11.354242324829102,11.364653587341309,11.47899695641853,11.427953241262777,11.304151467661844,11.369251536944049,11.286221504211426,11.337061475437483,11.372238478460295,11.354422636896677,236
12.14925479888916,12.15782356262207,12.160761833190918,12.161273508592037,12.149278581705714,12.086965409661497,12.072820032042333,12.114673614501953,12.10786131894375,12.128968073349936,12.132956253659637,237
12.303013801574707,12.313261985778809,12.311182022094727,12.313805570420445,12.306421572833978,12.237939330130818,12.262915697481763,12.267105102539062,12.239156433432077,12.28386683514293,12.28517999461733,238
12.52234935760498,12.517986297607422,12.516142845153809,12.482766080763103,12.486522756581182,12.477484705188914,12.446446390425418,12.450963020324707,12.46202747840976,12.484743214673255,12.486761159323692,239
11.681981086730957,11.703871726989746,11.708158493041992,11.689765060086856,11.677005158061913,11.760885639542792,11.774457402563549,11.794713020324707,11.79400211300565,11.731648855594239,11.728932689681137,240
12.435545921325684,12.452284812927246,12.450481414794922,12.435494023229737,12.459262728632968,12.554286472167068,12.584525330445675,12.541546821594238,12.527587998610322,12.493446169303095,12.491350895941498,241
11.48775863647461,11.51011848449707,11.504758834838867,11.37365486324677,11.402588422349483,11.469612971354852,11.411399522151058,11.489352226257324,11.47209839925446,11.457926928936054,11.467362048892863,242
11.450783729553223,11.46337604522705,11.46150016784668,11.468950480197392,11.443714492583654,11.479954242694653,11.518952569676806,11.466253280639648,11.462687047729629,11.468463561794302,11.460779552487272,243
11.758613586425781,11.775833129882812,11.773588180541992,11.771822336512095,11.77843420438697,11.739464224737578,11.748836110359804,11.781332015991211,11.775026976358875,11.766994529466347,11.77206320414983,244
12.353887557983398,12.364910125732422,12.371418952941895,12.381541737023362,12.3665093125363,12.343647775875509,12.342879116388113,12.368106842041016,12.388483035179698,12.364598272855748,12.365263723404285,245
12.30023193359375,12.2941312789917,12.298093795776367,12.307689264880253,12.324775137137728,12.311880322878764,12.301784552478559,12.36362361907959,12.301965177512585,12.311575009147699,12.317141419478757,246
11.841255187988281,11.811846733093262,11.822501182556152,11.736661579887976,11.778836724021899,11.768412700755569,11.712028249513788,11.885258674621582,11.739705276038293,11.788500700941867,11.800683715344054,247
11.900266647338867,11.892292022705078,11.891550064086914,11.896307076897706,11.912535964596731,11.919672639511923,11.8417206215075,11.874512672424316,11.88096651050376,11.889980468841422,11.897766452257189,248
12.166837692260742,12.181044578552246,12.183619499206543,12.168724660134913,12.175025924691356,12.142807575832236,12.134133346334927,12.144001007080078,12.128608585826921,12.158311429991109,12.162332880033,249
12.568829536437988,12.557547569274902,12.569013595581055,12.56839800467682,12.582598816251364,12.491890961319392,12.459734864901575,12.406150817871094,12.476423819617043,12.520065331770137,12.521929341922855,250
11.432172775268555,11.491959571838379,11.489985466003418,11.258928635083748,11.304177062002166,11.482090042784515,11.467694882103327,11.440146446228027,11.492802302559136,11.428884131541254,11.430732333677929,251
12.544812202453613,12.520685195922852,12.525054931640625,12.547013452525942,12.516237199205897,12.591452499472396,12.543286574550171,12.453771591186523,12.47943294040467,12.524638509706968,12.51461239588797,252
12.08066177368164,12.086857795715332,12.087300300598145,12.081562967414158,12.080250569746815,12.07533782221615,12.082697095238066,12.070027351379395,12.081218401721529,12.080657119745691,12.080064051515826,253
12.12802791595459,12.082608222961426,12.070051193237305,12.074376351067329,12.036444673005276,11.990766450307342,12.014792758008833,12.040547370910645,12.076157665007154,12.057085844495546,12.04913783288573,254
11.856207847595215,11.862030982971191,11.860880851745605,11.830865808774892,11.882868827850887,11.882981873821558,11.840133883324278,11.906481742858887,11.86416842280351,11.865180026860669,11.878179889635364,255
12.314550399780273,12.310565948486328,12.311811447143555,12.307578788369234,12.305570151999644,12.305821239309932,12.338560035758784,12.362005233764648,12.324923893336939,12.320154126438815,12.318307501872798,256
12.21732234954834,12.213399887084961,12.21419906616211,12.219622458517488,12.241539074804077,12.247571087446984,12.196875967301324,12.192480087280273,12.197536137060608,12.215616235022908,12.221042719410296,257
12.35366439819336,12.352071762084961,12.353510856628418,12.367620677967682,12.378399613909696,12.353822285285759,12.404653904895984,12.344185829162598,12.358858210555807,12.36297639318714,12.358998023034156,258
12.285699844360352,12.267251014709473,12.266923904418945,12.28509960222732,12.278668250271366,12.271776193972913,12.286181031148962,12.261300086975098,12.24291459687786,12.271757169440255,12.267513522581414,259
11.547191619873047,11.559330940246582,11.55349063873291,11.506317649759971,11.521575094511057,11.58374618964935,11.603617930102669,11.5615873336792,11.571513552958697,11.556485661057053,11.554166462785657,260
12.091288566589355,12.081053733825684,12.085803031921387,12.087978328906244,12.077275182895361,12.008653180001534,12.07956236834339,12.040759086608887,12.054341683277919,12.067412795818862,12.060185502727748,261
12.722694396972656,12.716996192932129,12.718146324157715,12.729267776453515,12.750232145360057,12.746753106302554,12.783291676673304,12.7915620803833,12.816754046939494,12.752855305130524,12.752986532595074,262
11.990626335144043,11.998727798461914,12.000679969787598,12.011758118167819,12.036907455502297,12.005603267100126,11.935504847442555,11.967531204223633,11.978644808418188,11.991775978249798,12.003059178450913,263
11.735694885253906,11.739441871643066,11.741735458374023,11.70232333156029,11.71858151805126,11.727667009025815,11.767676235928468,11.706121444702148,11.733557461778807,11.73031102403531,11.726017288818547,264
11.268197059631348,11.275442123413086,11.283428192138672,11.304246233741026,11.33067595691189,11.322712516144758,11.20495294839871,11.312125205993652,11.316719068715901,11.290944367232116,11.30773684359613,265
12.155071258544922,12.115985870361328,12.113176345825195,12.159503160397104,12.16908169873181,12.119424669914796,12.10006750786365,12.117769241333008,12.105679326504186,12.128417675497335,12.130256378318563,266
12.15528678894043,12.14726448059082,12.14866828918457,12.166928154288904,12.124520300500121,12.11782564737456,12.120033963484028,12.095301628112793,12.10737616764785,12.131467268902675,12.124162687031879,267
12.14874267578125,12.135003089904785,12.131758689880371,12.099861330030432,12.089663059894148,12.12229269050039,12.15452465738781,12.115925788879395,12.107020531824833,12.122754723787047,12.11468505521784,268
11.549036979675293,11.566898345947266,11.559521675109863,11.583428673405528,11.583567881334725,11.661828281734055,11.682175675380233,11.648898124694824,11.639115078692873,11.608274523997185,11.606101001096704,269
11.940502166748047,11.949849128723145,11.955236434936523,11.954804788958175,11.918182477489625,11.927710180475582,11.945042561477944,11.955096244812012,11.965207748257953,11.945736859097668,11.940408579739993,270
12.494046211242676,12.499366760253906,12.500574111938477,12.489800110892467,12.478566533053346,12.454315922819257,12.46138616463477,12.490775108337402,12.492856522152117,12.484631938369382,12.485040916027142,271
12.227659225463867,12.252433776855469,12.277946472167969,12.26854067540159,12.282308177811998,12.27863195393664,12.224896526536346,12.253342628479004,12.242670016633083,12.256492161476219,12.26355466342042,272
12.67443561553955,12.680732727050781,12.675187110900879,12.646164125744235,12.687046478353647,12.6487274133468,12.613405765584654,12.612322807312012,12.644663770680513,12.653631757168121,12.662986840321539,273
11.973228454589844,11.950772285461426,11.96314525604248,12.01815245798011,12.013987634878392,12.024493462840741,12.026284772223809,12.05488109588623,12.049479552006783,12.008269441323312,12.00602623054543,274
11.786395072937012,11.761954307556152,11.756484031677246,11.749623741225129,11.773330304326942,11.751059025472017,11.728964770335725,11.760972023010254,11.73688724600028,11.756185613615639,11.76068809858555,275
12.044981956481934,12.068918228149414,12.071151733398438,12.045879625848421,12.065907603723574,12.06199140683213,12.124092125182049,12.112934112548828,12.077801071412027,12.074850873730757,12.07511362289383,276
12.189598083496094,12.196157455444336,12.199398040771484,12.220921081705331,12.208416186048003,12.205891091243009,12.233158762119738,12.230874061584473,12.22643889740791,12.212317073313377,12.209725899121821,277
11.574736595153809,11.561739921569824,11.55698013305664,11.583477035120632,11.637855390979922,11.545269734372804,11.552918294344744,11.565695762634277,11.554358555013735,11.570336824694044,11.580094112960868,278
12.894964218139648,12.904275894165039,12.901047706604004,12.871654807522983,12.860324708828264,12.849909774855536,12.943734673981174,12.840408325195312,12.88065305393366,12.882997018136178,12.871531933111024,279
12.271463394165039,12.2545747756958,12.248496055603027,12.25623542508769,12.258011079821314,12.253486832152884,12.264804007943718,12.281952857971191,12.26402725035864,12.261450186533256,12.260768009243238,280
12.284235954284668,12.277816772460938,12.277817726135254,12.296471222358969,12.258255913942985,12.296676032512927,12.307618657732263,12.242303848266602,12.297887597487227,12.282120413909091,12.271587583622946,281
12.233409881591797,12.203350067138672,12.192089080810547,12.201529091409046,12.249613085519124,12.194674567815444,12.219610832721054,12.1245756149292,12.117821521144249,12.192963749231016,12.193065642130879,282
12.282562255859375,12.277377128601074,12.268792152404785,12.24500673771404,12.262200919742233,12.317013674914337,12.318442636893868,12.27690601348877,12.297812309748643,12.282901536596349,12.281053281711145,283
12.305179595947266,12.298811912536621,12.299670219421387,12.317184352422194,12.335627685502955,12.43414355262755,12.42746721656683,12.446727752685547,12.465568926218541,12.370042357103209,12.370014908596616,284
12.1353120803833,12.117891311645508,12.11639404296875,12.119549262209567,12.098045672851764,12.110960231879702,12.109033798024935,12.104960441589355,12.102006914900898,12.112683750717087,12.107677428034421,285
12.044024467468262,12.052520751953125,12.05202865600586,12.031363709860905,12.030006747497888,11.994513092479602,11.981714002393819,12.039461135864258,12.020145648061604,12.027308690176147,12.032391004358303,286
12.128275871276855,12.123434066772461,12.12643051147461,12.14791992698281,12.155250424404661,12.103615430530473,12.146417237004439,12.096348762512207,12.090814885323423,12.124278568475772,12.121478880248407,287
11.514764785766602,11.501574516296387,11.496186256408691,11.737251404834751,11.514905079589406,11.556223655574193,11.628794324279133,11.58714771270752,11.56128439384145,11.56645912547757,11.53326292226254,288
11.632951736450195,11.62236213684082,11.620407104492188,11.640040046479852,11.713487292904537,11.66908098783724,11.649829465510422,11.678529739379883,11.651149168516046,11.65309307537902,11.666246631059474,289
11.913290977478027,11.894511222839355,11.891496658325195,11.901318564425406,11.965881045759867,11.894425213854975,11.859857213728677,11.854743957519531,11.910018421591188,11.898393697280248,11.909317601151832,290
12.442108154296875,12.418377876281738,12.421833038330078,12.44613459511734,12.408870926516192,12.409525236699594,12.440249938860523,12.436053276062012,12.4317052927864,12.428317592772308,12.418736938476586,291
11.625198364257812,11.655195236206055,11.655712127685547,11.551853057965673,11.52037955282769,11.660446377221803,11.754997857216024,11.722576141357422,11.648455458969657,11.643868241523077,11.629100760703924,292
11.82569694519043,11.80222225189209,11.807130813598633,11.859713020035073,11.825080840273484,11.880303435868798,11.869468260609983,11.851788520812988,11.84911538414777,11.841168830269915,11.832776837435377,293
12.353286743164062,12.357211112976074,12.361333847045898,12.379458066705077,12.385283466730607,12.38477504596097,12.449977627529217,12.472423553466797,12.440431689964322,12.39824235039367,12.396266802083304,294
12.089845657348633,12.09553050994873,12.096338272094727,12.071529931009447,12.083547501941558,12.015940479142138,11.880576600993844,12.010905265808105,12.00757946736435,12.039088187294617,12.05775855234725,295
11.927091598510742,11.930038452148438,11.932080268859863,11.91606682531329,11.927016580426292,11.904493766538806,11.912249401115938,11.916632652282715,11.896398972805986,11.918007613111342,11.919785841279783,296
11.778275489807129,11.790227890014648,11.788857460021973,11.758748872083162,11.820763486829462,11.800394414973518,11.743827844622826,11.804162979125977,11.805567956381585,11.787869599317808,11.803949977862308,297
12.387091636657715,12.360679626464844,12.356162071228027,12.380496324610528,12.380703414230913,12.356976861992772,12.28696696263449,12.354573249816895,12.368684619721712,12.359148307484212,12.365498726393989,298
12.107911109924316,12.09313678741455,12.094654083251953,12.11306220550533,12.10314748242615,12.111245090075732,12.061569693772219,12.039860725402832,12.068437951083586,12.088113903206295,12.087325459218155,299
11.918505668640137,11.948694229125977,11.94692325592041,11.89404170935098,11.95355176937675,11.960102852686015,11.881511864427436,11.897337913513184,11.963325730791125,11.929332777092448,11.94495753849392,300
12.019672393798828,12.037879943847656,12.037546157836914,11.969597575668907,12.003083023558158,12.015584191595881,12.071210123119924,12.05012035369873,12.018275265664359,12.02477433653215,12.024992022640138,301
12.515467643737793,12.503922462463379,12.504486083984375,12.514419142318083,12.497872987953118,12.504707074178675,12.482974184958476,12.560264587402344,12.539561677228505,12.513741760469417,12.515215224635384,302
12.298008918762207,12.294013977050781,12.294264793395996,12.299028004783928,12.29966444219418,12.338218430469775,12.2852506010883,12.32326602935791,12.332494160919675,12.30713437311364,12.310762956502613,303
11.79647445678711,11.811652183532715,11.806121826171875,11.802253432149625,11.816334853304257,11.73931430680322,11.743571973356364,11.77205753326416,11.758406466418284,11.782909670198624,11.790426108612639,304
12.474369049072266,12.503626823425293,12.49651050567627,12.457758108935,12.473703456203424,12.572810817606843,12.564444491518463,12.575562477111816,12.547292780627773,12.518453167797459,12.521665378502336,305
12.59228801727295,12.591485977172852,12.5963773727417,12.591832633044516,12.59212196456371,12.57975172324494,12.6751944005006,12.645072937011719,12.595492705333324,12.606624192320702,12.599010466086575,306
12.338091850280762,12.334477424621582,12.334925651550293,12.340297753015445,12.35413671854811,12.384787460689232,12.426117466916528,12.429190635681152,12.363746374097818,12.367307926155657,12.365530088977385,307
11.546561241149902,11.570948600769043,11.578028678894043,11.31827657814415,11.458983634007287,11.53034863760891,11.451712670777331,11.505117416381836,11.5269871582355,11.498551623996445,11.51907481305782,308
11.576546669006348,11.57880973815918,11.581543922424316,11.569295152472462,11.585558279766834,11.615648468984132,11.564545283102717,11.634340286254883,11.576743409211003,11.587003467709097,11.59474125128422,309
12.834033012390137,12.849432945251465,12.852194786071777,12.810422222267967,12.806729160431765,12.797263943855288,12.799953036419863,12.817117691040039,12.802123185832924,12.818807775951248,12.819931803479756,310
12.03922176361084,12.043828964233398,12.045418739318848,12.04661896705235,12.046951022432328,12.081726796608676,12.122735541749861,12.079463958740234,12.096001346319746,12.066885233340697,12.06144169216597,311
11.882643699645996,11.850438117980957,11.851693153381348,11.867367092492977,11.868672392058269,11.809103984086441,11.787549841164537,11.831746101379395,11.826007880592371,11.841691362531366,11.843845897636985,312
11.718235969543457,11.731812477111816,11.735221862792969,11.742006240584924,11.694791584113455,11.791990882695497,11.740710707283085,11.744422912597656,11.73114941914958,11.736704672874716,11.732357494395472,313
12.636085510253906,12.684212684631348,12.670872688293457,12.629413310074003,12.618382734935667,12.4823393233112,12.46570257979733,12.527992248535156,12.490905375058945,12.578434050543445,12.591237015174803,314
12.040728569030762,12.05072021484375,12.056708335876465,12.044619575815274,12.064985879465413,12.002573695527797,11.984800279665832,12.023225784301758,11.99819041152167,12.029616971783192,12.037663878780398,315
12.148202896118164,12.152883529663086,12.158428192138672,12.17733809425342,12.14468143298881,12.121324402463703,12.110271974193047,12.109343528747559,12.116565133187596,12.137671020417118,12.13519839684886,316
12.447025299072266,12.436294555664062,12.438801765441895,12.4548799859844,12.457779267950677,12.42840690188469,12.42122044424314,12.429146766662598,12.413177087082685,12.436303563776269,12.437452371709623,317
12.4535493850708,12.4622163772583,12.46427059173584,12.450077960716124,12.459454639043853,12.465241050600499,12.46448925378561,12.502001762390137,12.497479301862832,12.468753369162666,12.472030214432742,318
12.635287284851074,12.654996871948242,12.64707088470459,12.63251808209002,12.649304571848385,12.670285939239509,12.669264082486047,12.63908576965332,12.669640648019222,12.6519393483156,12.654639502761572,319
12.2216796875,12.23149299621582,12.234061241149902,12.202993768859816,12.210665517693077,12.216821019181936,12.241289683607375,12.241119384765625,12.236867411404752,12.226332301153143,12.225763288834608,320
12.719738006591797,12.726106643676758,12.724747657775879,12.7044970066781,12.74956242256132,12.719967243476269,12.849678894351845,12.803903579711914,12.768397957584977,12.75184437915654,12.748649327014839,321
12.713571548461914,12.7006254196167,12.699056625366211,12.725116185233787,12.742974007439168,12.762006858658157,12.780680296349946,12.726863861083984,12.712317575285311,12.729245819721687,12.726627711982504,322
12.488629341125488,12.480299949645996,12.485321998596191,12.500416696963578,12.478901282146616,12.53413009896193,12.470037688506954,12.60534381866455,12.571711002779997,12.512754653043476,12.517532481079758,323
11.695082664489746,11.697368621826172,11.686037063598633,11.673320289978122,11.726643809134481,11.70167847206292,11.701688248231731,11.714761734008789,11.691493008583764,11.698674879101596,11.708210547734966,324
12.493868827819824,12.440241813659668,12.435378074645996,12.466057083720411,12.4744615482895,12.433027383213533,12.435894029939938,12.482826232910156,12.414418132877211,12.452908125230692,12.452717669133904,325
11.387076377868652,11.406416893005371,11.410743713378906,11.39184562538707,11.41115012588279,11.442506508591412,11.291992343425186,11.385733604431152,11.356287673677883,11.387083651738713,11.40433461074355,326
12.596704483032227,12.575166702270508,12.584305763244629,12.60028170255994,12.577923769045338,12.546688398481011,12.617081285092135,12.586756706237793,12.555973204888426,12.582320223872447,12.571625628016212,327
11.911481857299805,11.901948928833008,11.90296745300293,11.901085796291257,11.924901989153105,11.894882203944086,11.825781529098048,11.870443344116211,11.878520395293467,11.890223721892434,11.899672581690128,328
11.949779510498047,11.932912826538086,11.935545921325684,11.966037295723039,11.983412791594654,11.985159548182255,12.083324174680723,12.076955795288086,11.991881293190284,11.989445461891208,11.983793216989012,329
11.348082542419434,11.4132080078125,11.416396141052246,11.402225312272826,11.432336347975946,11.368325639890728,11.172669367217434,11.308876991271973,11.286073554668773,11.34979932273132,11.381705618954745,330
11.880517959594727,11.900228500366211,11.904224395751953,11.868745065602909,11.801888998367813,11.863696160016241,11.828184178121214,11.865205764770508,11.86362481325331,11.864035092871655,11.858424794670848,331
11.748479843139648,11.750781059265137,11.750045776367188,11.759615474492911,11.764635886454345,11.791161158953967,11.798741509051878,11.795616149902344,11.796905419184888,11.772886919645812,11.772543335668484,332
12.581097602844238,12.579946517944336,12.57940673828125,12.60670448202768,12.577366432652624,12.610094179492602,12.602115160104725,12.669028282165527,12.606956502506712,12.601412877557745,12.600820424971118,333
12.260991096496582,12.25209903717041,12.245536804199219,12.27350949952441,12.247701130935416,12.204735813964515,12.15225123234878,12.183488845825195,12.187166656631671,12.223053346344022,12.226101748342245,334
12.243020057678223,12.235962867736816,12.234728813171387,12.249151872032439,12.261155817009234,12.186205791710034,12.229062611606809,12.178348541259766,12.199479333951732,12.224123967350714,12.222514140647796,335
12.386917114257812,12.450733184814453,12.452092170715332,12.390660265110544,12.406722541355034,12.281519008377765,12.211593853279913,12.25672721862793,12.258634947854384,12.34395558937702,12.362532261915801,336
12.838326454162598,12.827216148376465,12.818785667419434,12.810939937070179,12.816187325027085,12.79872730299068,12.840366462266637,12.818071365356445,12.788332899373286,12.817439284671424,12.814470925209346,337
12.281238555908203,12.290767669677734,12.293928146362305,12.29041992309496,12.278165776572655,12.310848249898578,12.312420472727656,12.307299613952637,12.304798924203931,12.296654148044295,12.294371482165834,338
12.290826797485352,12.284990310668945,12.286748886108398,12.285394757953217,12.263634056192654,12.194193178656711,12.239585861161766,12.235418319702148,12.22275726475019,12.255949936964376,12.251379644403393,339
11.858293533325195,11.866308212280273,11.867173194885254,11.842305651815444,11.871591919783276,11.850701302662669,11.811444447077083,11.877850532531738,11.860049919218158,11.856190968175454,11.866689008644498,340
12.279528617858887,12.28609848022461,12.28768539428711,12.280976752723387,12.2705901710191,12.24206826984796,12.24234288709543,12.282997131347656,12.284302695581966,12.272954488887345,12.274755488234575,341
11.201384544372559,11.26855182647705,11.275341987609863,11.236215529884404,11.254459113785943,11.407967939369655,11.440546490297198,11.339980125427246,11.350156375693796,11.308289325879747,11.305064234126299,342
11.356621742248535,11.347878456115723,11.345293045043945,11.340653977001455,11.371233530550066,11.427141601055519,11.417798527444972,11.398459434509277,11.414576713296935,11.37996189191849,11.380995833501407,343
12.583252906799316,12.568567276000977,12.566330909729004,12.561223909159247,12.604341975278759,12.551771905525635,12.556682573863124,12.482834815979004,12.498959572870021,12.552662871689455,12.554784933339704,344
11.410271644592285,11.408897399902344,11.419532775878906,11.49272317182631,11.455015448624321,11.426445317760702,11.526900056430273,11.423718452453613,11.468928776283438,11.448048115972465,11.432830480671619,345
11.818235397338867,11.804201126098633,11.807085037231445,11.81040016225168,11.795443900795737,11.828003112159426,11.870976588622359,11.890311241149902,11.827319652630077,11.82799735758646,11.82156811614967,346
11.854179382324219,11.85389518737793,11.850651741027832,11.828979348107069,11.885830514897739,11.868561135406022,11.79172362150746,11.841469764709473,11.822169638212246,11.844162259285554,11.859439070383148,347
12.152917861938477,12.151703834533691,12.152606010437012,12.129680537297878,12.137981108178131,12.096305204306967,12.059416161440778,12.101204872131348,12.083009632419616,12.118313913631546,12.124499984092118,348
12.130462646484375,12.146472930908203,12.142848014831543,12.140656564589353,12.127104565921991,12.136410240076144,12.180110132426302,12.139129638671875,12.130864915478364,12.14156218326535,12.136864246009555,349
13.001585006713867,12.987329483032227,12.990281105041504,12.972200170560296,12.966578783636798,13.01226010095018,13.103354317026094,12.99487018585205,13.014408164255048,13.004763035229784,12.989331043515527,350
12.61452579498291,12.620980262756348,12.622076034545898,12.588527774238678,12.580968126467603,12.515006073923622,12.570332048104193,12.545543670654297,12.594191598220247,12.5835723759882,12.579620831138055,351
12.162252426147461,12.177322387695312,12.181865692138672,12.195220297396581,12.158311820360545,12.197536837214805,12.161169688759834,12.222296714782715,12.231625396983604,12.187511251275502,12.188020887286207,352
11.500000953674316,11.532549858093262,11.542379379272461,11.487415706743727,11.442344101051924,11.39561783249436,11.471491531928699,11.442438125610352,11.401477233236864,11.468412746900663,11.459540960161808,353
11.54828929901123,11.554192543029785,11.555052757263184,11.565002912364534,11.600719840055778,11.616153682172238,11.618138005224388,11.644651412963867,11.649402729311909,11.594622575710767,11.600589763521263,354
11.93421745300293,11.933547019958496,11.93620491027832,11.937889243616155,11.92648634577508,11.934954152033182,11.957110077877822,11.954904556274414,11.919617134055567,11.937214543652441,11.93378305910954,355
12.048702239990234,12.042551040649414,12.04452133178711,12.06119845020033,11.996683740018105,12.057353558205184,12.060921697591528,12.049633026123047,12.075444320346953,12.048556600545766,12.036727952980938,356
12.013690948486328,12.025288581848145,12.027477264404297,12.027716932750476,12.00831636765589,12.028593328275809,12.051545847904942,12.031976699829102,12.017535296461203,12.025793474179578,12.021369427267498,357
11.84050464630127,11.837735176086426,11.840643882751465,11.837798025171535,11.819398295854521,11.858371745017617,11.863461622044394,11.85351848602295,11.864643736742574,11.846230623999196,11.841085034722981,358
11.66719913482666,11.622621536254883,11.625301361083984,11.721764434282216,11.66363067164047,11.714035250680567,11.751299041873864,11.733369827270508,11.794699743375935,11.699324555698787,11.683168997198432,359
12.582001686096191,12.571369171142578,12.565960884094238,12.568714706197264,12.55827741748071,12.49854812693675,12.50753798614701,12.519389152526855,12.527949334710861,12.544416496148052,12.544237307480005,360
11.932679176330566,11.92418384552002,11.92297077178955,11.934615177283042,11.910108052625436,11.881756058345907,11.878929553157805,11.918237686157227,11.902260317178618,11.911748959820907,11.91088317820273,361
11.898003578186035,11.884861946105957,11.875782012939453,11.854580155502088,11.878667822223136,11.881926251168236,11.830621959919139,11.840907096862793,11.881600226199108,11.86966122767844,11.875310721500107,362
12.12886905670166,12.103812217712402,12.108882904052734,12.07948493590606,12.170950322214232,12.179505884077413,12.153319409288033,12.143077850341797,12.099435225075098,12.129704200596603,12.139099049350829,363
11.584317207336426,11.581700325012207,11.582759857177734,11.577439596594175,11.629960121292857,11.546319379571889,11.52361742605597,11.58541202545166,11.56403038815203,11.575061814071661,11.58853615077526,364
12.111660957336426,12.110787391662598,12.119221687316895,12.142636897001985,12.11733929551092,12.122068342726719,12.133577028237497,12.127344131469727,12.107703832049943,12.121371062590303,12.11656602457168,365
11.699383735656738,11.710868835449219,11.716423988342285,11.721128028124697,11.755441371820577,11.773015865436452,11.741096441172363,11.782764434814453,11.76095938208134,11.740120231433124,11.749001942840419,366
12.066133499145508,12.075332641601562,12.078591346740723,12.074904306662752,12.0281272828645,12.00516546067391,12.025656233861659,12.030957221984863,12.026081182254826,12.045661019532254,12.03983321954277,367
11.928162574768066,11.950039863586426,11.954978942871094,11.952062874028531,11.908935788061891,12.03726941234437,12.025762613233905,11.975475311279297,11.97803561777143,11.967858110882778,11.95848693760248,368
11.821648597717285,11.832778930664062,11.835616111755371,11.834480690861593,11.84006860850543,11.867423111650844,11.870217206367077,11.855785369873047,11.867072964102684,11.847232399055265,11.847140581867842,369
12.054900169372559,12.050719261169434,12.048401832580566,12.063019927045879,12.032591990185358,11.996203965213267,12.021523383217682,12.02967643737793,12.047641080699417,12.038297560762455,12.034108571882008,370
12.105082511901855,12.1085205078125,12.107795715332031,12.092688487373639,12.101092025022874,12.084294022417195,12.082541483181606,12.080300331115723,12.077414870222547,12.093303328264438,12.09513130604673,371
11.717825889587402,11.6804780960083,11.675146102905273,11.713858747547453,11.729444824258607,11.7585269988685,11.634308103784651,11.674948692321777,11.67082587532512,11.695040370067453,11.70334741778527,372
11.692086219787598,11.687222480773926,11.688637733459473,11.682482483110606,11.729293383804224,11.720742730183225,11.614922564934375,11.777690887451172,11.72600070280926,11.70211990959043,11.722306731588397,373
11.701131820678711,11.709383964538574,11.709348678588867,11.738266452515568,11.739818175444773,11.737331413868691,11.772332639247507,11.722246170043945,11.725899116970984,11.72841760354418,11.725613067213251,374
12.249176979064941,12.25053596496582,12.25127124786377,12.245765963904386,12.21605568593642,12.233054681735807,12.243698215657995,12.219124794006348,12.236863662335026,12.238394132830058,12.232029483075534,375
10.994967460632324,11.14903450012207,11.160332679748535,10.977043843777665,11.244796282195201,11.200199183219494,11.201281632789089,11.171980857849121,11.137331103415985,11.137440838194387,11.185210534161394,376
11.860794067382812,11.852296829223633,11.846415519714355,11.853924338137002,11.856108081859896,11.86140165397121,11.751088590328498,11.812129974365234,11.835788738608619,11.836660865954583,11.84645243761564,377
12.560025215148926,12.548721313476562,12.549799919128418,12.557339101066997,12.546325633560327,12.537547201405118,12.547163054824308,12.577613830566406,12.560694865153055,12.553914459370013,12.552358622799709,378
12.83763599395752,12.868739128112793,12.861664772033691,12.798199474468124,12.854959864293631,12.782534975406636,12.73978181280339,12.818543434143066,12.770704067278848,12.814751502499742,12.833994275831653,379
12.07029914855957,12.075311660766602,12.074411392211914,12.082674119174346,12.101638260132448,12.100218461150442,12.094274514877808,12.096352577209473,12.099968260323596,12.088349821600689,12.092148780259775,380
11.923442840576172,11.913389205932617,11.902111053466797,11.86203214760595,11.949949735722024,11.902618016899469,11.865895717962264,11.934910774230957,11.854946517481336,11.901032889986398,11.919153418427612,381
12.232295036315918,12.234037399291992,12.23048210144043,12.207266663048905,12.205717620995367,12.215632920409822,12.223945808175804,12.225443840026855,12.221019154481327,12.221760060465156,12.220832048818657,382
12.228443145751953,12.237748146057129,12.24141788482666,12.244817671319673,12.21374170254903,12.248928661399608,12.276194293124515,12.238682746887207,12.216687250364132,12.238517944697769,12.230710817634193,383
11.341934204101562,11.314281463623047,11.315885543823242,11.318510128630166,11.352840618265953,11.266131928304135,11.249265714608988,11.408475875854492,11.321450938342286,11.320975157283764,11.333797702730674,384
12.526082038879395,12.507434844970703,12.501311302185059,12.535878008333352,12.500664124983638,12.475046962735473,12.495632043712966,12.442947387695312,12.525671273962399,12.50118533193981,12.49240866644241,385
12.128998756408691,12.117963790893555,12.117886543273926,12.13196026135734,12.11599333611987,12.134138963901734,12.099063492068682,12.141125679016113,12.139798733613786,12.125214395183745,12.125809893610242,386
11.279552459716797,11.270636558532715,11.283490180969238,11.298058841698094,11.544488964279564,11.393577824255654,11.367638251706525,11.38652229309082,11.410370053099486,11.359370603038766,11.397079849266506,387
11.796100616455078,11.814508438110352,11.82417106628418,11.837236919463063,11.849244733283998,11.767819640197441,11.69886097620319,11.77918815612793,11.73868014128681,11.78953452082356,11.803561156677507,388
12.184989929199219,12.18349838256836,12.18431568145752,12.199062671505018,12.177167261033427,12.195357736723764,12.210363422808292,12.183637619018555,12.187801181597402,12.189577098434619,12.183960791277372,389
13.000224113464355,12.983139991760254,12.982534408569336,12.990329180699849,12.989358278229673,12.919783533036627,12.923887027003527,12.938457489013672,12.9555278023662,12.964804647127055,12.965527607630921,390
11.754711151123047,11.777506828308105,11.778275489807129,11.739858205706652,11.714878293306866,11.712440740756039,11.685313125328774,11.764988899230957,11.722457666674396,11.738936711137997,11.743035198595475,391
12.324692726135254,12.319849014282227,12.318022727966309,12.321975846704886,12.337994027621184,12.265578149619639,12.261705029299181,12.268627166748047,12.2876237792201,12.300674274177425,12.305289523945952,392
11.535072326660156,11.51852798461914,11.512993812561035,11.545889881040411,11.590665558355946,11.566202166275568,11.595665507780614,11.62691879272461,11.613523060441379,11.567273232273205,11.572743709601257,393
11.31344985961914,11.300446510314941,11.293896675109863,11.36905515022272,11.43608055081735,11.347320934835821,11.408418515865954,11.355607032775879,11.385699261288968,11.356663832316736,11.362369210459956,394
11.620795249938965,11.614121437072754,11.609879493713379,11.622785671919026,11.67169819169506,11.620663785852473,11.662575690023335,11.64357852935791,11.619305564645218,11.631711512690902,11.63616612800643,395
11.792831420898438,11.791157722473145,11.794563293457031,11.78773681993632,11.801654341374242,11.778520714373654,11.748447644902209,11.772455215454102,11.778153069310367,11.78283558246439,11.787816449945053,396
11.695629119873047,11.722861289978027,11.721452713012695,11.700156385984247,11.735589166798274,11.726743853401453,11.737215439140055,11.75698184967041,11.741688036256049,11.726479761568251,11.734402742501954,397
11.89683723449707,11.867987632751465,11.864363670349121,11.883237764062766,11.919157682963794,11.972082379798437,11.946153151238773,11.951616287231445,11.932514793476,11.914883399596542,11.917440843207691,398
11.387154579162598,11.432732582092285,11.431086540222168,11.461092203036962,11.441809279912142,11.436383787772444,11.40988751864229,11.366035461425781,11.34569962314784,11.412431286157167,11.415820182796406,399
12.246932029724121,12.250282287597656,12.250578880310059,12.25369403616875,12.267897282334864,12.236887115994412,12.276647757669895,12.24498462677002,12.243709272175403,12.252401476527243,12.251622882088698,400
12.462665557861328,12.455018043518066,12.459568977355957,12.4262575557422,12.462906563329023,12.339619519211963,12.320912674113032,12.36292839050293,12.366296406416172,12.406241520894518,12.416213000763921,401
12.159990310668945,12.163646697998047,12.164036750793457,12.163441551471884,12.111607437581652,12.111579823061373,12.144702514101683,12.180438995361328,12.132097922194697,12.147949111470341,12.141172908887231,402
11.499192237854004,11.506864547729492,11.506190299987793,11.488731057407968,11.54521675821791,11.48685904174864,11.578236239462887,11.459396362304688,11.477840140897518,11.505391853956766,11.503772243087806,403
12.431366920471191,12.417960166931152,12.410415649414062,12.42669036083577,12.423889591526565,12.395118326940546,12.442322179172901,12.435229301452637,12.424196889087158,12.423021042870221,12.419708844531488,404
12.058693885803223,12.044214248657227,12.041101455688477,12.048384231803944,12.070522991037613,12.078132361629766,12.087094997160712,12.04532241821289,12.061106125451257,12.05939696838279,12.058325103533479,405
11.934730529785156,11.938074111938477,11.933300018310547,11.957416043270795,11.94482113443316,11.962817530763287,11.937264042047968,11.961601257324219,11.965865781966674,11.948432272204476,11.95024550034114,406
11.724456787109375,11.715343475341797,11.711225509643555,11.696984853313143,11.663507305851516,11.678980761052575,11.778940160938696,11.685927391052246,11.613911900155074,11.696586460495332,11.68038460196416,407
11.99856185913086,12.032630920410156,12.03586196899414,11.960943796106182,12.007606877901832,11.994274023655983,11.986168542586103,12.034981727600098,12.008739970276944,12.00664107629581,12.018045789173325,408
12.559829711914062,12.549347877502441,12.543593406677246,12.533797718659542,12.550322977292616,12.522801638845582,12.495293790592637,12.480579376220703,12.539751650560378,12.530590905362802,12.533667683654775,409
12.68885326385498,12.695943832397461,12.690947532653809,12.668043211806761,12.728401589896054,12.658217095319113,12.651438203440346,12.65869140625,12.675351688849174,12.679543091607522,12.691194897529783,410
11.499261856079102,11.486698150634766,11.484745025634766,11.512308420675708,11.48992974425616,11.476806390593097,11.538800189926773,11.47420597076416,11.511591759944945,11.49714972316772,11.486764184115298,411
11.793634414672852,11.797033309936523,11.793680191040039,11.76798734997503,11.820614471400155,11.88081528961786,11.842065190562632,11.841334342956543,11.81042079492154,11.81639837278702,11.824228336021118,412
12.475410461425781,12.453424453735352,12.44736099243164,12.462693972548305,12.44964838450961,12.38661001285726,12.35581387959495,12.37293529510498,12.403543010403581,12.423048940290162,12.424447398134635,413
11.521711349487305,11.518095970153809,11.525532722473145,11.528558070160013,11.583714119551002,11.54427567581414,11.503634258269994,11.525283813476562,11.556505680372966,11.534145739973216,11.54512224050854,414
12.425196647644043,12.379496574401855,12.374720573425293,12.409153382343035,12.418373960881326,12.434240637821867,12.40189603935043,12.3923921585083,12.399824140058934,12.403921568270567,12.402344381627074,415
12.148859977722168,12.145702362060547,12.149949073791504,12.164509510628129,12.12297702588551,12.133320842480064,12.193235972648782,12.206884384155273,12.159740014402619,12.158353240419398,12.149004039120104,416
11.95985221862793,11.965771675109863,11.96158218383789,11.929730761432861,11.983654544928788,11.982537158853926,12.007270520552268,11.944445610046387,11.967668351420144,11.966945891645562,11.969880638119879,417
12.381551742553711,12.392804145812988,12.380270957946777,12.320828644134156,12.390700912888224,12.41043462004773,12.417693144122795,12.371590614318848,12.300847186154105,12.374080218664368,12.381661246970152,418
11.572884559631348,11.559036254882812,11.560689926147461,11.591552454448184,11.552319108769657,11.619018991539049,11.580606883903004,11.605606079101562,11.567689251779013,11.578822612244677,11.57432352113957,419
11.839630126953125,11.852340698242188,11.85352611541748,11.832987914479556,11.844873086357545,11.824772676235366,11.793405961567284,11.846111297607422,11.825336156234675,11.834776003677183,11.842430587355215,420
12.153678894042969,12.158184051513672,12.16691780090332,12.194493549882136,12.118627752545683,12.240770285198357,12.097348498379624,12.214592933654785,12.243974300565071,12.17650978518729,12.177473334895172,421
12.296616554260254,12.293188095092773,12.29843521118164,12.308681850188698,12.26171099507845,12.241236256183173,12.235669168227476,12.23192024230957,12.260178660405375,12.269737448103045,12.263645964297213,422
11.584022521972656,11.57070541381836,11.57442855834961,11.631513163629041,11.64708198116466,11.591422755253625,11.570059001428614,11.569745063781738,11.588252332894543,11.591914532476983,11.596375051412917,423
12.609477043151855,12.611763000488281,12.609219551086426,12.595939869221214,12.634672963333506,12.671310097822381,12.719208768802263,12.686501502990723,12.685047629483599,12.647015602931138,12.646480282168973,424
11.866663932800293,11.869832992553711,11.866727828979492,11.880320040238857,11.8512732917584,11.88754874991587,11.902504948688062,11.849149703979492,11.868149339710847,11.87135231429167,11.863804000905672,425
11.783158302307129,11.793858528137207,11.800776481628418,11.784150552755465,11.831335808625122,11.875089489046188,11.8715359812432,11.808612823486328,11.816575256011147,11.818343691471133,11.820722330161564,426
12.370352745056152,12.383721351623535,12.383737564086914,12.37738310007945,12.320387040249196,12.352972167547541,12.361634440327562,12.370436668395996,12.390255325297757,12.367875600296012,12.36042171465618,427
11.624305725097656,11.60876178741455,11.604876518249512,11.647818009758698,11.638651156402997,11.627714169971272,11.649485158259468,11.606332778930664,11.619167427107541,11.625234747910262,11.620426108246765,428
12.200667381286621,12.2099609375,12.211543083190918,12.207180491544573,12.19603681383651,12.183062251613782,12.229972168547649,12.181912422180176,12.221849462343949,12.204687223560464,12.19896843064684,429
12.136019706726074,12.125481605529785,12.125073432922363,12.124568628312447,12.129089721496662,12.120055487002519,12.06321775635608,12.103340148925781,12.097131759795685,12.113775360785267,12.119123218067815,430
11.459543228149414,11.459718704223633,11.458684921264648,11.470837685021145,11.501725305139148,11.46981072777154,11.549720830413845,11.491888999938965,11.475715242043043,11.481960627107263,11.479584799342517,431
11.603084564208984,11.61039924621582,11.585988998413086,11.47550639830115,11.485932882408894,11.544963187329198,11.578311609051012,11.600638389587402,11.577743831854969,11.562507678596724,11.561711548441167,432
11.683491706848145,11.645483016967773,11.643473625183105,11.686840061069063,11.701814329875155,11.775377086683555,11.797004775684503,11.718878746032715,11.711697144766573,11.707117832567842,11.698631173179422,433
12.109341621398926,12.102364540100098,12.103621482849121,12.119090102748725,12.093885571062161,12.076198492900746,12.123785399385865,12.097488403320312,12.078183593157888,12.100439911880427,12.092896720061105,434
11.361706733703613,11.3486328125,11.345993041992188,11.455573472055448,11.41550799934341,11.308759458738589,11.320698643931111,11.293307304382324,11.312896698735946,11.351452907264736,11.348507307969967,435
12.33635425567627,12.28809642791748,12.280967712402344,12.284375134463449,12.242377767834713,12.274378485377246,12.295986714834346,12.24168586730957,12.289816900034781,12.281559918427797,12.266261737357514,436
11.613062858581543,11.617979049682617,11.607404708862305,11.559849870549645,11.577030034081472,11.560869805609167,11.563455314045504,11.52678108215332,11.538156060301414,11.573843198207443,11.575323519179992,437
11.71927261352539,11.682670593261719,11.679251670837402,11.660226064344956,11.663785336349678,11.66692722782254,11.566115780230561,11.670228004455566,11.671683693090534,11.664462331546481,11.67203566229925,438
11.501425743103027,11.487226486206055,11.49483871459961,11.49087044678847,11.523425975758807,11.63224423531576,11.432231850163168,11.549192428588867,11.597293340900947,11.523194357936077,11.539836585472488,439
11.796459197998047,11.81107234954834,11.811297416687012,11.788950460135522,11.758744200166449,11.773089062399011,11.696575721609104,11.755208015441895,11.774471123001005,11.773985282998488,11.77832850385655,440
13.134401321411133,13.110157012939453,13.102675437927246,13.1118567333097,13.084898262195521,13.072667405727907,13.175601915928029,13.172139167785645,13.084586306178462,13.116553729267011,13.105061587852772,441
11.61328411102295,11.573566436767578,11.574650764465332,11.405535238700622,11.679866462968276,11.712081643009636,11.722748425780324,11.65710163116455,11.649300524742143,11.62090391540238,11.644319483541196,442
11.951407432556152,11.947776794433594,11.93996524810791,11.920260554317238,11.904595069661216,11.922976459251991,11.90838307179873,11.890000343322754,11.912540098821168,11.921989452474527,11.919294716291274,443
12.183615684509277,12.169795989990234,12.171992301940918,12.165387542838769,12.204159672059797,12.160966484411407,12.117936775680434,12.140227317810059,12.16652603530527,12.164511978282908,12.172835770790313,444
12.287572860717773,12.275142669677734,12.277010917663574,12.297157683854476,12.284452722162445,12.264664513857348,12.271671540705821,12.28347110748291,12.294735351148196,12.281764374141142,12.279585754732082,445
11.923147201538086,11.935296058654785,11.937965393066406,11.942534784313885,11.93407182583404,11.91063535746691,11.915765723960114,11.959731101989746,11.955850003065539,11.93499971665439,11.937483300184056,446
12.278099060058594,12.26073932647705,12.258074760437012,12.301914161812963,12.28445322789079,12.351849384089025,12.280427747963076,12.211801528930664,12.207209078003542,12.270507586184745,12.266950298301545,447
12.227520942687988,12.220093727111816,12.221895217895508,12.24427101396277,12.18812906326484,12.233694814045734,12.224290979500982,12.21014404296875,12.225106341626018,12.221682904784934,12.212224019561667,448
11.730640411376953,11.744890213012695,11.741506576538086,11.743245572167528,11.786400739041717,11.761888557624314,11.74692680616664,11.777192115783691,11.777924307037367,11.756735033194332,11.76744395275928,449
11.668183326721191,11.663873672485352,11.657537460327148,11.64792477921296,11.689649303398378,11.716761929948088,11.658932467214921,11.768128395080566,11.704869297662025,11.686206736894514,11.699754802364954,450
11.48649787902832,11.497551918029785,11.500310897827148,11.52092276391326,11.509196678723114,11.53798510811226,11.511255185474957,11.517806053161621,11.509984373203498,11.510167873052662,11.511198106939986,451
12.439126014709473,12.447412490844727,12.416330337524414,12.367295300132472,12.413266348873305,12.296022044411902,12.239646784939346,12.350234985351562,12.324020861054393,12.365928351982399,12.38736100890302,452
12.273397445678711,12.260287284851074,12.255294799804688,12.266003396781691,12.268832939047948,12.23581043842011,12.200928482328399,12.208802223205566,12.210221211388458,12.24217535794518,12.245496056497702,453
12.20085334777832,12.218124389648438,12.219114303588867,12.186959152119787,12.20715735889774,12.31730220845679,12.303648536713478,12.304744720458984,12.283689106903418,12.249065902729535,12.250401388921192,454
11.956603050231934,11.95620346069336,11.971057891845703,11.978722497704052,11.946242826348541,11.908381778589828,11.895413879347016,11.85948371887207,11.818203039086626,11.921145793635459,11.916369277718076,455
12.037967681884766,12.024393081665039,12.032182693481445,12.050721521139282,12.03928847154871,12.011553734957074,11.944740310309257,12.011554718017578,11.990255410996818,12.015850847111107,12.020942670684313,456
11.357399940490723,11.413106918334961,11.4304780960083,11.392313688915621,11.45295730848047,11.333864979999555,11.288396435743977,11.332721710205078,11.360013206281469,11.373472476051127,11.393974769442442,457
12.23644733428955,12.213191986083984,12.221238136291504,12.251361922276612,12.270246747985597,12.238797451250184,12.174853701380853,12.223992347717285,12.19502854702214,12.225017574921967,12.232392641083813,458
11.966774940490723,11.957084655761719,11.965047836303711,12.005966584602408,12.001854110858135,12.022940690086685,11.988124835694894,11.991290092468262,12.006645103186546,11.989525427717007,11.98968358000959,459
11.719026565551758,11.760611534118652,11.770859718322754,11.741200407066783,11.732121737551472,11.75105656948896,11.696671218284402,11.713019371032715,11.7597313523049,11.738255385969156,11.743645157948475,460
12.38487720489502,12.396650314331055,12.39529037475586,12.390016951497191,12.421441165285803,12.422699316612114,12.448547394734135,12.459847450256348,12.417755230670146,12.415236155893073,12.419647440457075,461
11.943890571594238,11.952441215515137,11.951899528503418,11.931607101956184,11.881142652538633,11.856679893011117,11.922933197771986,11.851475715637207,11.889499159326514,11.90906322620605,11.896049419221827,462
11.714312553405762,11.695079803466797,11.690421104431152,11.71447194484935,11.720807298460171,11.730861929003945,11.777014561422588,11.74158763885498,11.750454193084721,11.726112336331052,11.720678606927878,463
12.176863670349121,12.142959594726562,12.135551452636719,12.096083340891703,12.163610158323317,12.150103856329201,12.074287889568032,12.145193099975586,12.154100304191697,12.137639262999103,12.151201304435961,464
11.659875869750977,11.644635200500488,11.640995025634766,11.529646844706008,11.614683247968506,11.68208758614442,11.714978427495833,11.689995765686035,11.641848519053141,11.646527387437796,11.648869334044186,465
12.058830261230469,12.042380332946777,12.042267799377441,12.068947433935822,12.045860623149972,12.086849762410889,12.07071465952823,12.073662757873535,12.074809693548284,12.062702591555713,12.05826033004686,466
12.029380798339844,12.086947441101074,12.09858512878418,12.025335593224849,12.113404447554556,12.016941026273074,11.921127063128369,11.985889434814453,12.047624029382984,12.036137218067044,12.063605557962548,467
11.993987083435059,11.970670700073242,11.976247787475586,11.9926829802613,11.96374183467343,11.986998418720136,11.912580554024602,11.92895793914795,11.928847167720184,11.961634940614609,11.960005993430999,468
12.423423767089844,12.419157981872559,12.416996955871582,12.42427789094273,12.417918900502409,12.417199270139648,12.427696474227698,12.383541107177734,12.405395188021469,12.415067503982854,12.411342819878682,469
12.112021446228027,12.112363815307617,12.112060546875,12.132747537452074,12.1084916602626,12.106855454689038,12.102761641853656,12.082063674926758,12.113409846230304,12.109197291536121,12.105730431318017,470
12.321173667907715,12.333746910095215,12.334997177124023,12.313816414153976,12.33671039275445,12.24565752784996,12.311406943503117,12.301966667175293,12.318586463963701,12.313118018280827,12.315040719117063,471
12.15841293334961,12.131590843200684,12.133790969848633,12.155502496263379,12.22319677472977,12.169843959879024,12.180074285427857,12.153976440429688,12.179624685956053,12.16511259878719,12.170967956597737,472
11.801027297973633,11.792049407958984,11.792702674865723,11.810351180138747,11.789068388142093,11.854014115062704,11.895214541962853,11.813129425048828,11.841495053355224,11.821005787167643,11.808851637924663,473
12.757365226745605,12.756351470947266,12.75700855255127,12.763617313382642,12.777236719816848,12.86371887015503,12.821555812413896,12.853902816772461,12.817012203072316,12.79641877620637,12.79980307298556,474
12.423754692077637,12.453544616699219,12.45016860961914,12.371135315184684,12.441667823347471,12.447668792987228,12.469096335292091,12.435799598693848,12.422622011442806,12.435050866149348,12.443307632424364,475
11.845784187316895,11.834010124206543,11.827637672424316,11.831235117031794,11.862027552965515,11.847872890413706,11.882029644316143,11.847810745239258,11.834158491691783,11.845840713956218,11.845952333554068,476
12.316248893737793,12.303542137145996,12.30057430267334,12.295768755263929,12.298464379730829,12.26289725862084,12.239059495848757,12.231178283691406,12.233687705094418,12.275713467978587,12.27721005166001,477
12.833478927612305,12.826323509216309,12.826685905456543,12.843960273461928,12.85689156032697,12.908076998432529,12.90590678370488,12.939937591552734,12.91781820348101,12.873231083693913,12.87455414777617,478
12.604331016540527,12.607324600219727,12.606398582458496,12.591886918770378,12.614754235930395,12.674021288413176,12.666947785252985,12.643973350524902,12.62035370899603,12.625554609678513,12.626333931046997,479
11.73976993560791,11.690135955810547,11.675150871276855,11.718632391911985,11.799282224466749,11.70877224814943,11.686533330130768,11.661930084228516,11.744039720672317,11.71380519580612,11.723947117428448,480
12.73412799835205,12.740657806396484,12.744829177856445,12.751024428049366,12.715403442790166,12.775816935595113,12.759192232876304,12.812338829040527,12.779556031086159,12.756994098004734,12.754489450046368,481
12.802604675292969,12.806700706481934,12.811023712158203,12.78306194348551,12.812523098059627,12.763248865989821,12.737799395441455,12.734258651733398,12.773697112355384,12.780546462333144,12.786830972470307,482
12.018951416015625,11.966889381408691,11.96788501739502,12.003442594874011,11.961145210865622,12.069957768855808,12.04333336852015,11.978157043457031,12.037143656926482,12.005211717590937,11.989522386114105,483
11.986076354980469,11.988602638244629,11.997241973876953,11.985848396391116,11.967216943303832,11.95386095882002,11.953253254750958,11.963728904724121,11.95592867617976,11.972417566807984,11.970228519231368,484
11.832880973815918,11.821887016296387,11.821377754211426,11.820226304753968,11.833095792656058,11.809805533660171,11.852777284880077,11.840392112731934,11.84210504537243,11.830505313153152,11.828323534404179,485
11.908020973205566,11.887725830078125,11.887747764587402,11.938447131492154,11.927732607580682,11.87459535895414,11.893429098950545,11.881898880004883,11.914184570399446,11.901531357250327,11.898652975584985,486
11.923958778381348,11.921530723571777,11.916618347167969,11.885475056245436,11.913794832700335,11.902226051829244,11.866148094375713,11.883448600769043,11.88628286608022,11.89994259456901,11.906746322188413,487
12.09663200378418,12.106913566589355,12.106536865234375,12.088745029223652,12.072833956427164,12.139413168795413,12.11467571426012,12.075815200805664,12.093624206875381,12.099465523555033,12.095870116257078,488
11.721100807189941,11.77691650390625,11.787636756896973,11.78297523277655,11.818269213120614,11.582859799128695,11.728877610712452,11.627371788024902,11.694748540056263,11.724528472423627,11.727303609851205,489
11.385865211486816,11.396598815917969,11.401020050048828,11.388738611312984,11.438591417195061,11.511899076841807,11.472422074836825,11.493298530578613,11.505537114234889,11.443774544717089,11.451956624802134,490
11.6088228225708,11.639823913574219,11.643036842346191,11.634510509865839,11.57116991836736,11.602079960358948,11.527882591888238,11.549630165100098,11.589751661513922,11.596300931731735,11.595681983049813,491
11.854358673095703,11.862178802490234,11.864381790161133,11.856191782860037,11.850870274113523,11.8858190546989,11.895611430494261,11.91461181640625,11.849200307294195,11.870358214623803,11.869585652701884,492
12.110759735107422,12.09609603881836,12.09167194366455,12.088104379178269,12.09746902855696,12.058566665581656,12.05147895007181,12.058527946472168,12.011263851657912,12.073770948789901,12.076010361157227,493
11.9727144241333,11.953588485717773,11.940917015075684,11.899078363384454,11.937289697185902,11.959103145196696,11.937038488240225,11.943968772888184,11.939900320840254,11.94262207918472,11.946921668971951,494
11.379935264587402,11.405600547790527,11.407567977905273,11.392617213558035,11.433330915225989,11.551598698930569,11.541896059383197,11.499788284301758,11.449725741955488,11.451340078182024,11.454255926247303,495
11.02568244934082,10.930906295776367,10.950376510620117,11.021770244095933,11.315816626494422,11.25112055179689,11.137863745267138,10.956172943115234,11.117985261818678,11.078632736480621,11.106895272465735,496
12.899174690246582,12.916621208190918,12.915179252624512,12.9204269771623,12.864712634427073,12.818827751064402,12.659039408553479,12.808255195617676,12.856900470349753,12.851015287581856,12.864403713849631,497
12.057604789733887,12.045279502868652,12.039380073547363,12.026028880403071,12.066761166783722,12.053184857296188,12.017302951568636,12.066594123840332,12.062810762101098,12.048327456460328,12.057608314256864,498
11.80692195892334,11.794671058654785,11.793951034545898,11.79612753085187,11.808583415850253,11.812464849170329,11.756444179610988,11.77122688293457,11.79693087666558,11.793035754134179,11.797536904602627,499
11.733319282531738,11.726813316345215,11.722382545471191,11.749455072061409,11.75892897615269,11.77624879133123,11.795672127331876,11.755840301513672,11.758722066947437,11.75304249774294,11.7508554480859,500
11.651317596435547,11.6388521194458,11.640145301818848,11.641104360919101,11.64085009718164,11.655238112280998,11.6293006657737,11.645376205444336,11.63379675867273,11.641775690885856,11.642298427957675,501
12.258858680725098,12.255040168762207,12.252362251281738,12.250947656126305,12.273544597358013,12.300375349332677,12.29585027850872,12.254199981689453,12.26521831339497,12.267377475242132,12.267645282744452,502
11.84237003326416,11.849431037902832,11.849974632263184,11.831131121037943,11.862456026665948,11.840836555814048,11.8476974630761,11.880317687988281,11.843666750147618,11.849764589795567,11.856123472758993,503
12.547367095947266,12.59151840209961,12.584207534790039,12.468433290961482,12.596023527837177,12.534622359915746,12.512490884638478,12.558106422424316,12.515094894855832,12.545318268163328,12.571035733814496,504
11.79353141784668,11.822091102600098,11.826119422912598,11.793066927266976,11.835835972160503,11.851690002785128,11.887654012733137,11.876250267028809,11.851329056164953,11.837507575722098,11.841975481501365,505
11.674001693725586,11.69710922241211,11.704095840454102,11.696752317604432,11.715381619392502,11.68830097455558,11.6622110196706,11.67750358581543,11.688652166546074,11.689334271130713,11.696793029359128,506
12.324965476989746,12.321072578430176,12.327150344848633,12.343790241853057,12.301084514776855,12.293184566379061,12.252134537483897,12.33212947845459,12.309334262119988,12.311649555704001,12.312076339661695,507
12.08529281616211,12.091833114624023,12.090533256530762,12.092384982495721,12.100799254479742,12.136750623920493,12.084062029919181,12.026747703552246,12.083775757796197,12.088019948831166,12.089485515825098,508
11.919499397277832,11.971997261047363,11.970330238342285,11.90521871185165,11.973648002746605,11.902142061344904,11.906528967048743,11.925508499145508,11.928021454592566,11.93365495482194,11.950168176781837,509
11.866860389709473,11.843204498291016,11.841065406799316,11.871317855062957,11.883557170882034,11.877395930831252,11.895939636719215,11.862737655639648,11.852331266051875,11.866045534442977,11.863357311292809,510
11.936433792114258,11.932266235351562,11.94983959197998,11.958451350416508,11.955026320433342,12.01482905304716,12.027691178027778,11.915098190307617,11.975436994119175,11.962785856199709,11.952302270435442,511
12.2130708694458,12.21068286895752,12.20645523071289,12.204716340177264,12.196847896093574,12.17370992626195,12.191759314708444,12.183287620544434,12.181537209035243,12.195785252881903,12.194023214870882,512
11.634061813354492,11.630640983581543,11.627279281616211,11.644981640449231,11.644068386415057,11.743765798256415,11.75373244928212,11.75507640838623,11.727900339929844,11.68461190014124,11.68107755468076,513
11.893830299377441,11.882418632507324,11.885865211486816,11.912453110121003,11.907396790962553,11.863045982293169,11.885414602473354,11.869115829467773,11.85507678626976,11.883846360551022,11.881428900239204,514
11.420896530151367,11.436156272888184,11.462368965148926,11.446736964493219,11.543760553055323,11.46857434184051,11.487849474816736,11.477205276489258,11.382949973475027,11.458499816928729,11.47139198487393,515
12.911785125732422,12.921786308288574,12.922494888305664,12.897858692791935,12.917934667495212,12.98130149012807,12.986459716796213,12.946715354919434,12.952239425371763,12.937619518869921,12.936608152193667,516
12.013799667358398,12.0324068069458,12.034034729003906,12.03011600832776,12.090691940190599,12.029479434639466,12.080712752069568,12.045235633850098,11.997329230348019,12.039311800303736,12.046339978160779,517
12.448795318603516,12.460979461669922,12.457904815673828,12.431353031217949,12.496636522715178,12.510618103876459,12.44073207828324,12.460777282714844,12.454394789503292,12.462465711584247,12.477250016985327,518
12.252026557922363,12.245168685913086,12.241477012634277,12.22753868173131,12.241526529014587,12.208983797256193,12.178391844032314,12.172784805297852,12.158993088860797,12.214099000295866,12.21815195608755,519
12.349369049072266,12.398625373840332,12.389067649841309,12.311675408217752,12.354263915976663,12.404935224105376,12.38186643330093,12.344300270080566,12.394101070509478,12.369800488327185,12.378138902237936,520
11.476863861083984,11.491049766540527,11.485006332397461,11.517722382297961,11.505492270975283,11.439876393720724,11.262644775407459,11.369369506835938,11.435677382119135,11.442633630153162,11.462130444345819,521
12.009947776794434,11.99356746673584,11.991768836975098,11.989162133519205,11.963183480741767,11.941750647599463,11.936078089477585,11.956377029418945,11.939990143130704,11.969091733821449,11.966051481070911,522
12.026704788208008,12.030158042907715,12.02642822265625,11.978375923848224,11.988621696590538,11.964034768186202,11.949574174696384,11.94859790802002,11.938816952245027,11.983479164150928,11.98636778501181,523
12.585174560546875,12.577765464782715,12.574346542358398,12.58255551297621,12.616226463346203,12.622251923140555,12.588705879899695,12.590178489685059,12.594206343871399,12.592379020067458,12.59852041150015,525
12.16521167755127,12.146560668945312,12.13915729522705,12.128870739158257,12.137202844263955,12.145584425514011,12.108026042563063,12.10567569732666,12.134145263234803,12.134492739309376,12.13595379574454,526
11.76895809173584,11.763177871704102,11.763432502746582,11.763769537173175,11.812636347368898,11.792744697008816,11.782228665948725,11.786538124084473,11.80338948827013,11.781875036226747,11.789056684601086,527
12.98597526550293,12.986445426940918,12.98621654510498,13.001833873967842,13.005160049969028,13.047109337028951,13.074135116553757,13.043403625488281,13.07454479325676,13.022758225979274,13.018873898314514,528
11.3524751663208,11.359240531921387,11.362990379333496,11.244062984128504,11.289963827202302,11.314151017925694,11.340755661615388,11.286707878112793,11.286980041154063,11.315258609746047,11.31436226451688,529
12.470282554626465,12.421762466430664,12.4253511428833,12.486915259295728,12.467932590960558,12.422351799620785,12.49504274644978,12.346969604492188,12.406887076121041,12.438166137875612,12.420900786460335,530
12.111000061035156,12.113359451293945,12.114879608154297,12.13902886799384,12.111323781452048,12.178650603987318,12.075041787656827,12.105889320373535,12.113154863770822,12.118036482857532,12.121062705172907,531
11.763862609863281,11.766500473022461,11.774231910705566,11.752051310758088,11.759250823099142,11.812275730829386,11.83434831721442,11.782849311828613,11.833437333699628,11.786534202335623,11.780863762880605,532
11.469731330871582,11.484241485595703,11.48498821258545,11.485595239780775,11.532351817652499,11.510595580619034,11.473791177650384,11.467833518981934,11.54567283986413,11.494977911511278,11.50511831076587,533
10.596430778503418,10.62955093383789,10.617813110351562,10.623551497570134,10.686696097458286,10.890416473198751,11.060153655651655,10.946392059326172,10.941111627111228,10.776901803667677,10.767074733031125,534
12.188673973083496,12.19778060913086,12.204471588134766,12.195749223352253,12.131434307823877,12.145420246139976,12.173126542880505,12.17133903503418,12.175922385233862,12.17599087897931,12.165396800533555,535
11.836610794067383,11.843216896057129,11.843589782714844,11.863434251295985,11.682843897710098,11.801174775320073,11.857997216784026,11.847784042358398,11.867184050196922,11.82709285627832,11.79636102397251,536
12.212040901184082,12.221856117248535,12.222206115722656,12.21821615017361,12.173777321214512,12.217962793797946,12.188865416998881,12.23200511932373,12.198842443210054,12.209530264319334,12.207300063362023,537
11.678033828735352,11.690570831298828,11.688630104064941,11.675220409214182,11.683833402717456,11.738199502220604,11.680870213550277,11.744997024536133,11.72962415088619,11.701108829691552,11.708533146636016,538
11.812241554260254,11.815468788146973,11.818347930908203,11.825322423740154,11.862679360923558,11.873667073135186,11.855091087305649,11.832693099975586,11.852962275325513,11.83871928819123,11.843615430931393,539
12.405508041381836,12.406537055969238,12.407383918762207,12.403763024933975,12.422540639327035,12.428852099817894,12.4463300281765,12.44139289855957,12.45540120501832,12.424189879105175,12.424946031427359,540
12.747427940368652,12.756745338439941,12.762125015258789,12.74683934158898,12.744651762345374,12.777300670328174,12.774717817784685,12.818900108337402,12.785861047436073,12.768285449098675,12.769499468906071,541
12.458524703979492,12.47166633605957,12.469313621520996,12.428356891016621,12.447379190401252,12.420584309618738,12.441243467929219,12.406332969665527,12.417248595388196,12.440072231731067,12.441308329862856,542
12.235272407531738,12.24872875213623,12.254402160644531,12.274677018705155,12.200195829888145,12.291754721713724,12.284467735352907,12.278206825256348,12.293055245999257,12.262306744136447,12.251089864525674,543
11.808934211730957,11.818184852600098,11.818957328796387,11.824443445174811,11.833871466185661,11.88626152530359,11.808206292623302,11.885112762451172,11.878831159348177,11.840311449357127,11.849566374048578,544
12.272643089294434,12.290102005004883,12.295561790466309,12.27810482299412,12.257729062920014,12.17415803783102,12.162382910140225,12.227583885192871,12.209050856068469,12.24081293999026,12.245741517842955,545
12.384817123413086,12.353365898132324,12.360261917114258,12.383489914669465,12.366740117282758,12.374511961828757,12.336082544980274,12.41519832611084,12.360771786852421,12.370582176709355,12.370850989414109,546
12.087211608886719,12.08683967590332,12.082993507385254,12.042052834006292,12.121721617426498,12.089591704351678,12.02803900870435,12.096329689025879,12.051823511928578,12.076289239735395,12.09464383090475,547
11.740189552307129,11.749744415283203,11.748960494995117,11.731667486830876,11.732286135928726,11.757699313172667,11.775292747376053,11.760119438171387,11.781393408259083,11.75303922136936,11.751122148006532,548
11.721794128417969,11.72085952758789,11.718920707702637,11.737512756590384,11.721336720547875,11.740058803491879,11.749042968601877,11.804883003234863,11.781375509648711,11.743976013980452,11.743704993139724,549
12.314986228942871,12.320606231689453,12.31745719909668,12.31519525045621,12.342051852400749,12.34452860214691,12.317019557401782,12.296271324157715,12.313436087259028,12.320172481505713,12.325290786462554,550
11.801969528198242,11.800580024719238,11.795206069946289,11.805878556064652,11.84824025681973,11.825723173350042,11.809116951896105,11.837553024291992,11.817723438181895,11.815776780385354,11.825079399007736,551
11.618353843688965,11.630512237548828,11.62170124053955,11.5979330644975,11.63144669541815,11.659520531699172,11.616463437143528,11.629841804504395,11.642282376894823,11.627561692437212,11.63611850027116,552
12.49555492401123,12.496543884277344,12.49398422241211,12.49739223208098,12.524008886323847,12.51526847331775,12.500883977765229,12.487125396728516,12.444749356815677,12.49505681708141,12.49981578365471,553
11.576279640197754,11.571356773376465,11.577559471130371,11.609127757077223,11.594360208358838,11.676736367706495,11.611525543538026,11.582674026489258,11.623832662196463,11.602605827785654,11.600345909272114,554
12.498592376708984,12.469561576843262,12.465556144714355,12.500505682617955,12.534325293886015,12.505219734520644,12.426712606077803,12.432158470153809,12.437301460157837,12.474437038408961,12.483085362625506,555
11.599032402038574,11.575596809387207,11.571968078613281,11.568930265580024,11.578789855739352,11.647599528353387,11.571575318676711,11.615303993225098,11.631808456709201,11.595622745369203,11.599266958360563,556
11.878247261047363,11.865250587463379,11.862175941467285,11.870780119337264,11.861628669114905,11.926431351854482,11.934934402156944,11.897184371948242,11.929792039508797,11.891824971544295,11.885105412503238,557
11.530296325683594,11.390865325927734,11.41576099395752,11.683097005362312,11.668764948934237,11.706942843273575,11.663420544086497,11.289278030395508,11.362136487487573,11.52339583390095,11.49366240134142,558
12.252814292907715,12.245478630065918,12.247129440307617,12.232979019041935,12.236445900343563,12.17091396698601,12.200653858046925,12.230721473693848,12.190421124285132,12.22306196729763,12.223974403457323,559
12.15607738494873,12.158206939697266,12.158595085144043,12.146955964473465,12.14495016798523,12.170815159157586,12.177485480440186,12.145156860351562,12.155631867111685,12.157097212145526,12.154026620358584,560
12.072509765625,12.052952766418457,12.056169509887695,12.111522904757539,12.106984322416372,12.050396245200785,12.063706940944126,12.065478324890137,12.053534267987379,12.070361672014165,12.069489055323272,561
12.022416114807129,12.015422821044922,12.015019416809082,12.03070677425604,12.029270421055196,12.001553336436855,11.999691845026739,11.985139846801758,11.995091589086035,12.010479129480416,12.01018307927547,562
11.689370155334473,11.675187110900879,11.675752639770508,11.650677070497295,11.673093638038713,11.674820949652947,11.58316078017642,11.644181251525879,11.618370807131713,11.653846044780982,11.663565328531467,563
12.04765510559082,12.053296089172363,12.054839134216309,12.092453214329238,12.042592338525582,12.053995955207592,12.07687586527847,12.003458976745605,12.02397440528181,12.049904564927532,12.039336115327393,564
12.519637107849121,12.523506164550781,12.519599914550781,12.487541971919109,12.496025031732247,12.428243514578721,12.454082242856495,12.48615550994873,12.465504828564935,12.486699587394547,12.48998118849673,565
11.82491683959961,11.762321472167969,11.755526542663574,11.781722906348396,11.752075512574985,11.809392597155707,11.884222454122865,11.802939414978027,11.71964257621749,11.788084479536515,11.768385026444022,566
12.682798385620117,12.693805694580078,12.68558406829834,12.665287140210639,12.692334593221348,12.567765999457189,12.640058749257078,12.660859107971191,12.64604968544463,12.659393713784514,12.664738414537638,567
12.226112365722656,12.223623275756836,12.220736503601074,12.212779221893637,12.216529642853262,12.212529850104717,12.202821161170531,12.205010414123535,12.196756770169086,12.212988800599483,12.21422940356485,568
12.456250190734863,12.461666107177734,12.466862678527832,12.517020617022629,12.508987747713856,12.457458114188213,12.537451598353437,12.535236358642578,12.522523490953754,12.495939655923879,12.492318969158925,569
11.873851776123047,11.870816230773926,11.867664337158203,11.849793940032988,11.82821992467631,11.881425028170174,11.902947179315463,11.883902549743652,11.865342432194508,11.869329266465364,11.862197274605125,570
11.912161827087402,11.930685997009277,11.934429168701172,11.896883947372096,11.843106597058425,11.802584717439563,11.812475433000492,11.860329627990723,11.85688442120646,11.872171304096177,11.868910815025563,571
11.651074409484863,11.646864891052246,11.651795387268066,11.646862989288078,11.634577377391912,11.672329316568634,11.657439889960823,11.66235065460205,11.695139115473795,11.657603781232275,11.654784662270892,572
12.298972129821777,12.293891906738281,12.294995307922363,12.284946966022844,12.260470022075953,12.28840500777127,12.249776300780741,12.336591720581055,12.347242954339688,12.295032479561552,12.296433962799185,573
12.05163288116455,12.059715270996094,12.060562133789062,12.027263008431117,12.026845665925684,12.030250785231155,12.015169422143861,12.070430755615234,12.03408145975659,12.041772375894816,12.04543238321111,574
11.741031646728516,11.771622657775879,11.773735046386719,11.738410049303518,11.799892720271233,11.670550299495066,11.789400055290804,11.691607475280762,11.706483017086033,11.742525885290947,11.74492797110256,575
11.6331148147583,11.644088745117188,11.641022682189941,11.632579210206082,11.656928375271722,11.645776982244561,11.676642661787891,11.65927791595459,11.622243161297803,11.645741616536453,11.647997704987977,576
11.872533798217773,11.875885009765625,11.873644828796387,11.845533573132485,11.833184583368004,11.875566120313588,11.965289648848865,11.962578773498535,11.950472058300102,11.894965377137929,11.885960554995203,577
11.940237045288086,11.957483291625977,11.958613395690918,11.976826338978679,12.006383462707186,11.970595939054785,11.94253697622137,11.900211334228516,11.930480382565985,11.953707574040166,11.960732170908539,578
11.939309120178223,11.951297760009766,11.949021339416504,11.936227608999303,11.975231124992264,11.970863830491789,12.031819054328528,12.008065223693848,11.987202426511066,11.972115276513476,11.973644677365474,579
11.77749252319336,11.779714584350586,11.775228500366211,11.748410946656184,11.820171372921068,11.786194315788567,11.831130937009773,11.773836135864258,11.752748156713213,11.782769719207025,11.78796482106736,580
12.124617576599121,12.118979454040527,12.122344970703125,12.14089977088058,12.114820119789048,12.057694506251327,12.117201603233005,12.118476867675781,12.108992099389598,12.113780774284677,12.107797629796224,581
12.791977882385254,12.78512954711914,12.78139877319336,12.741465873685033,12.790652329092556,12.80501389807029,12.777493946474369,12.788262367248535,12.818989847098987,12.786709384929724,12.793614608017263,582
11.561439514160156,11.619758605957031,11.621014595031738,11.537204511692494,11.58293630105644,11.717269276226622,11.728137292151338,11.729375839233398,11.671084238482175,11.640913352665711,11.646898276852614,583
12.499176979064941,12.477359771728516,12.486759185791016,12.526190343233313,12.445333458968578,12.598150323796514,12.664599649041959,12.67729377746582,12.691351038178725,12.562912725252154,12.540923430696465,584
11.827569961547852,11.820245742797852,11.81486988067627,11.769342495028479,11.811377746733639,11.809957086036613,11.837429787597888,11.82130241394043,11.808999274559444,11.813454932102053,11.81529964119194,585
12.769527435302734,12.776299476623535,12.778942108154297,12.763785155667984,12.746858949208205,12.864523574339053,12.864165428470399,12.850208282470703,12.84995261004517,12.807140335586897,12.800721446318871,586
11.746097564697266,11.748517990112305,11.750329971313477,11.724666993525348,11.756311558602746,11.725800726911148,11.731457486938847,11.725349426269531,11.756380461398189,11.740545797752096,11.744454301334628,587
11.76746940612793,11.775720596313477,11.77388858795166,11.765634717422179,11.808061029126671,11.809570499621383,11.788531022888606,11.79806900024414,11.80626505290472,11.788134434733418,11.79633996845328,588
12.463363647460938,12.517749786376953,12.504983901977539,12.406230436648979,12.469111454703075,12.31363805696754,12.237003063137056,12.315115928649902,12.232972683461211,12.384463217709245,12.412031870171187,589
11.516984939575195,11.488775253295898,11.486939430236816,11.455543264768632,11.528893871877935,11.523625707847952,11.581155321030021,11.516691207885742,11.576646909961283,11.51947287849772,11.518625048617926,590
12.151923179626465,12.157707214355469,12.15897274017334,12.148044008890324,12.161713311132345,12.160475796218636,12.163690246397021,12.15202522277832,12.158203866267415,12.156972842871037,12.158346129316028,591
13.043087005615234,13.018797874450684,13.009191513061523,13.035254704923545,13.022546714999375,13.012830026704341,13.11368350939253,13.004880905151367,13.00757963441919,13.029761320968642,13.015533234009235,592
11.840429306030273,11.833352088928223,11.832966804504395,11.834305575242137,11.870340523653796,11.863611344365438,11.887653329588073,11.84717082977295,11.871375127448147,11.853467214392603,11.854141103604768,593
11.833017349243164,11.822784423828125,11.82366943359375,11.862859018576696,11.84368425305575,11.865925430754507,11.869664749817437,11.878155708312988,11.869611074265965,11.852152382383153,11.84865267064799,594
11.608936309814453,11.603096961975098,11.60212230682373,11.626436467190313,11.645880006665635,11.695070065412565,11.630352495697798,11.641809463500977,11.663956660298004,11.635295637486507,11.640864706128937,595
12.738882064819336,12.737409591674805,12.735729217529297,12.70123281354525,12.727934427406739,12.693209372301904,12.73816460120872,12.731684684753418,12.774915874315955,12.731018071950603,12.731425205699352,596
11.619040489196777,11.63832950592041,11.644447326660156,11.611786649745987,11.641135458101457,11.650660675933928,11.68608513487592,11.602643013000488,11.588355647069486,11.631387100056068,11.629865850932681,597
12.232906341552734,12.243391036987305,12.244598388671875,12.23420127282748,12.22274893509713,12.160760322040888,12.121892238129066,12.162748336791992,12.175908093392264,12.199906107276748,12.20560368036662,598
12.299798965454102,12.299997329711914,12.290987014770508,12.24502841026387,12.288999901072026,12.248384034581857,12.166868632746873,12.159724235534668,12.235539585441591,12.248369789953044,12.26007787963627,599
11.874937057495117,11.897560119628906,11.909783363342285,11.871944153808974,11.876970518587596,11.929809189624336,11.956906577586341,11.928084373474121,11.94601768655146,11.910223671122127,11.906629007872333,600
12.541251182556152,12.540820121765137,12.539250373840332,12.534789792600957,12.545044108805156,12.525250662510741,12.451107908207387,12.47534465789795,12.439295649907146,12.51023938423233,12.518449685106178,601
11.733590126037598,11.757647514343262,11.763094902038574,11.797427079821954,11.785835563584095,11.74755016422709,11.687892526883456,11.764758110046387,11.80023914990822,11.759781681876738,11.769559340401145,602
12.282575607299805,12.293848991394043,12.298462867736816,12.320897238020127,12.282905671674579,12.267177736899699,12.239296689298405,12.284662246704102,12.30951153843065,12.286593176384248,12.287144394109344,603
11.948606491088867,11.94441032409668,11.940485954284668,11.939529089225262,11.96233778537903,11.966850969647119,11.95900310129115,11.954968452453613,11.964264278662558,11.953384049569882,11.956388285558878,604
12.307646751403809,12.317564964294434,12.32181453704834,12.326766254996874,12.298929184639658,12.307117749761785,12.30500508156696,12.29965591430664,12.295147799781388,12.308849804199987,12.30568050009261,605
12.238154411315918,12.256235122680664,12.26534652709961,12.236197321633888,12.22606506945252,12.212658116998597,12.230622051701674,12.22834587097168,12.226426025186313,12.235561168560096,12.233983174635116,606
11.938383102416992,11.91964340209961,11.91097640991211,11.951973358468301,11.907085080913168,11.935707764178275,11.895007856455248,11.916565895080566,11.934190112419897,11.923281442438242,11.919571333863425,607
12.181333541870117,12.155712127685547,12.153640747070312,12.13134965278558,12.16131659431155,12.082304447681976,12.072046261866422,12.06572151184082,12.059853796280184,12.118142075710278,12.121966033794646,608
12.579195022583008,12.5913724899292,12.599798202514648,12.529743427472129,12.599534075578745,12.664322362132864,12.69528264505882,12.706141471862793,12.705791512517312,12.630131245516614,12.634781356474335,609
11.605345726013184,11.633076667785645,11.64281940460205,11.61076695464313,11.695886029561104,11.726294047844046,11.6384286392451,11.678459167480469,11.683655278854673,11.657192435114379,11.676510106565669,610
12.726972579956055,12.716493606567383,12.716205596923828,12.721194809415158,12.738397495767199,12.695353376597375,12.697987368244815,12.720403671264648,12.754846172099345,12.720872741870645,12.724113063550645,611
11.881754875183105,11.900375366210938,11.90778636932373,11.902585754260574,11.904460549782181,11.934355045462224,11.964409372079023,11.92852783203125,11.964283303612358,11.920948718660597,11.917717045350194,612
12.519312858581543,12.521819114685059,12.52389144897461,12.50505537597256,12.519901570402537,12.463872004526829,12.47952030652426,12.482734680175781,12.48494869967731,12.500117339946721,12.502683979348989,613
11.74091911315918,11.736166000366211,11.734628677368164,11.619929322791108,11.672537266588867,11.677616366015679,11.637232766932362,11.652381896972656,11.627065567812753,11.677608553111886,11.685179483105465,614
11.304720878601074,11.287559509277344,11.293801307678223,11.2572916850404,11.379131687688743,11.318604844020248,11.328326147854428,11.264222145080566,11.308537869221357,11.304688452718041,11.315658010607475,615
11.943190574645996,11.936516761779785,11.931272506713867,11.949269841595806,11.960362277884057,11.87613432207359,11.840644658920825,11.836488723754883,11.85257788841452,11.90293972842037,11.90931122530359,616
12.161036491394043,12.15198040008545,12.153533935546875,12.172468287234341,12.135030290698461,12.141220850896813,12.127577823595288,12.121944427490234,12.138412884708433,12.144800599072214,12.139494249235986,617
11.626572608947754,11.5834379196167,11.582228660583496,11.640348631087932,11.60521395723479,11.638362554403242,11.59810109047034,11.649701118469238,11.646774478678728,11.618971224388023,11.614756666843725,618
12.685646057128906,12.684037208557129,12.686506271362305,12.696883298671711,12.69708862350083,12.673493192715469,12.639946331021946,12.6481351852417,12.68407353592963,12.677312189347736,12.68030776170502,619
12.654932022094727,12.65151596069336,12.653210639953613,12.683463440437555,12.622943280176754,12.661820005401157,12.701990867599656,12.71617317199707,12.688721285877536,12.670530074914604,12.65951528566226,620
11.181434631347656,11.121221542358398,11.113471031188965,11.328577642332789,11.299608819045572,11.04667910564421,11.100247592631439,11.03488826751709,10.959055931320195,11.13168717370959,11.128317375334937,621
12.401880264282227,12.39372730255127,12.391851425170898,12.379335499853278,12.392740872117951,12.399945920062706,12.42671742316177,12.405348777770996,12.427845966312232,12.40215482792037,12.39983494545522,622
11.764264106750488,11.769349098205566,11.764850616455078,11.757033632408739,11.806732500676693,11.76165326489274,11.746822418654032,11.764142990112305,11.76020772781653,11.766117372885796,11.776686699282653,623
12.019462585449219,12.009355545043945,12.006543159484863,12.030347295915973,12.052888094723105,12.092649274924606,12.074628086598958,12.050487518310547,12.074730832915177,12.045676932596267,12.04693443008861,624
12.014208793640137,12.008824348449707,12.01003646850586,12.040227439914341,11.99202464654684,11.96453723247966,12.003610279384583,11.979976654052734,11.947158965214324,11.995622758687578,11.986620368241256,625
11.840024948120117,11.83519172668457,11.833365440368652,11.847850488177905,11.8668254887119,11.889450518913437,11.872326641095006,11.835286140441895,11.872655967336916,11.8547752622056,11.855728583499385,626
11.706302642822266,11.699790000915527,11.700586318969727,11.73312070014391,11.800211461299213,11.749253923363224,11.748244775680668,11.773508071899414,11.779868219489796,11.743431790509305,11.754867880149671,627
12.017471313476562,12.034899711608887,12.034985542297363,11.975551074120903,11.983175449528366,12.003440791767606,11.96833555833833,12.006229400634766,11.996000350684222,12.002232132495223,12.007407360921663,628
12.104162216186523,12.121587753295898,12.125359535217285,12.121329515090006,12.109371640892325,12.090085744853429,12.130531227413279,12.008938789367676,11.94682808637508,12.084243834299054,12.077058292812497,629
12.100969314575195,12.108083724975586,12.069018363952637,12.012936058961202,12.06499798359838,12.03606294525656,12.003233483441726,12.0090913772583,12.031027728997016,12.048380109001846,12.061711783567176,630
11.578766822814941,11.60588550567627,11.614059448242188,11.630774499771316,11.60845327221588,11.579730119691044,11.68459093520522,11.551392555236816,11.525595939107083,11.597694344217864,11.58553378405556,631
12.284587860107422,12.278596878051758,12.275785446166992,12.272773481011916,12.2676814221259,12.325326173363422,12.38251533249615,12.342714309692383,12.348418620874153,12.308711058210012,12.300091972360411,632
12.12189769744873,12.130784034729004,12.133941650390625,12.098530881867566,12.094046627751064,12.065270223636016,12.086072722281102,12.090768814086914,12.091693623356454,12.101445141727497,12.100608944072984,633
11.869423866271973,11.851800918579102,11.848522186279297,11.852044917527467,11.874078523890935,11.87876449709052,11.894708981013787,11.901141166687012,11.898452700502181,11.87432641753803,11.874706751135284,634
11.836618423461914,11.843534469604492,11.852035522460938,11.843193741478274,11.885135708487432,11.828956482095546,11.854942356727761,11.832134246826172,11.84222869542397,11.846531071840722,11.850859310699553,635
11.954325675964355,11.992340087890625,12.002300262451172,12.16501624743887,11.912293758498064,11.982636013655256,12.090386658471667,12.023978233337402,12.024554996358722,12.016425770451793,11.977459798118822,636
10.765313148498535,10.849504470825195,10.864255905151367,10.848009864521828,11.024659069026251,10.867856758732062,10.88455144387802,10.833304405212402,10.916740059492115,10.872688347259754,10.904731752692133,637
11.579446792602539,11.570453643798828,11.570516586303711,11.556097305089486,11.609429514174922,11.59594337471142,11.601072630731869,11.611700057983398,11.609949958784863,11.589401096020115,11.595668737289353,638
11.417102813720703,11.401451110839844,11.396608352661133,11.266257113447182,11.296838393032289,11.404567566456013,11.48965736544713,11.46147346496582,11.45428127857856,11.398693051016519,11.388440562835886,639
12.480347633361816,12.482906341552734,12.485739707946777,12.474258080242954,12.464297274403167,12.528993453110134,12.543058417064984,12.536312103271484,12.56354532721863,12.506606482019187,12.501613460749965,640
12.604079246520996,12.59411907196045,12.595622062683105,12.578994510802284,12.641875344560956,12.511170098956743,12.535245871565792,12.53327465057373,12.526575537606195,12.568995155025583,12.578239828724257,641
12.397000312805176,12.39029598236084,12.387611389160156,12.392012186240965,12.391234027392533,12.420664019112673,12.376003781249747,12.37440013885498,12.399846177189735,12.392118668262977,12.393413858543141,642
12.846954345703125,12.822637557983398,12.824752807617188,12.84286387057745,12.793374612889425,12.70215199318753,12.866569022101661,12.769549369812012,12.761991986107118,12.803427285108766,12.782144431397743,643
11.828473091125488,11.818331718444824,11.822413444519043,11.838107651022867,11.87893354142136,11.930414367584557,11.913752118551248,11.865171432495117,11.856640942419109,11.861359811953735,11.862839570735318,644
12.76716423034668,12.760445594787598,12.760414123535156,12.74830942500402,12.765729282545664,12.787848835501384,12.757025447941757,12.796021461486816,12.77853583630575,12.769054915272758,12.773518238489935,645
11.81696605682373,11.814477920532227,11.812807083129883,11.803235516249597,11.812541547089204,11.813719147623479,11.783340192464596,11.764863014221191,11.81552114599629,11.804163513792243,11.805954381756061,646
11.519622802734375,11.49081039428711,11.479703903198242,11.545135150894964,11.515622284710078,11.50416835875085,11.56251617129316,11.53293514251709,11.547911782119321,11.522047332278353,11.512376005353758,647
11.848441123962402,11.848885536193848,11.854222297668457,11.885906171637316,11.852835301194178,11.889836059789598,11.860306065148121,11.84374713897705,11.842702078395178,11.85854241921846,11.85443901410275,648
11.929107666015625,11.912881851196289,11.909158706665039,11.93120460842926,11.981542943539194,11.979981282323811,12.0137999683464,11.997101783752441,11.997445180243732,11.961358221167977,11.96397094797244,649
11.284655570983887,11.236563682556152,11.230341911315918,11.41867001681726,11.342545370897431,11.207586605624106,11.19294604075034,11.212292671203613,11.205858314239427,11.259051131598682,11.25428753349189,650
12.214808464050293,12.21529483795166,12.212279319763184,12.19963318491044,12.21221115373408,12.196310144915952,12.23263831587222,12.25263786315918,12.255927033881195,12.221304479804244,12.221995903629452,651
11.620101928710938,11.607358932495117,11.607876777648926,11.615525665356376,11.605930040519272,11.649586580817715,11.582739907928532,11.655354499816895,11.583017483748717,11.614165757449165,11.618263289995031,652
12.16805648803711,12.168743133544922,12.170660972595215,12.178820894779134,12.159745246520002,12.156931854200886,12.167564934621934,12.159793853759766,12.180141695499092,12.167828785950896,12.164319603720282,653
11.832480430603027,11.838058471679688,11.831851959228516,11.823845869698928,11.853807863008495,11.769928283242761,11.73010168984088,11.754597663879395,11.827367758098807,11.806893332142277,11.81790862364118,654
12.759705543518066,12.75272274017334,12.749988555908203,12.764676795566157,12.760847234080577,12.852208672439252,12.874987803618698,12.784061431884766,12.734798638421312,12.781555268401153,12.772563176491374,655
11.430675506591797,11.4297513961792,11.433807373046875,11.428794939809192,11.473660610594182,11.401447891362864,11.39293389674949,11.410484313964844,11.423073590870443,11.42495883546321,11.433880859619288,656
11.944558143615723,11.933064460754395,11.934427261352539,11.940554477988993,11.891774072351117,11.888435288663954,11.846119125266382,11.88762092590332,11.912435629187986,11.908776598342712,11.905749444362069,657
11.973445892333984,11.989795684814453,11.993385314941406,11.964280270256328,12.035423530477129,12.040297283668709,12.072258377440805,12.082721710205078,12.112999166305302,12.029400803382577,12.037634372639396,658
11.729852676391602,11.752126693725586,11.754525184631348,11.749633982871117,11.757146185492314,11.746511941250082,11.75540126132513,11.820051193237305,11.772819326400153,11.759785382813849,11.765814853906063,659
12.073200225830078,12.06312084197998,12.059693336486816,12.053725548639004,12.044982751890535,11.977647964047367,11.936078919289127,11.979951858520508,11.96460631134864,12.017000862003563,12.02192398234195,660
12.185943603515625,12.217424392700195,12.21744155883789,12.183474450470493,12.2116329402373,12.216929769988676,12.226166990319802,12.22362232208252,12.21402688290108,12.210740323450398,12.21640269074854,661
12.867198944091797,12.863835334777832,12.854724884033203,12.830420949685454,12.83998122667717,12.801252377753636,12.82176813116304,12.863103866577148,12.837879253766008,12.842240552058366,12.845336663330139,662
11.812788009643555,11.776591300964355,11.78066635131836,11.909481861084299,11.854947395095367,11.789959400964815,11.890998405907398,11.618819236755371,11.669549446681657,11.789311267601686,11.763320884120711,663
11.809249877929688,11.817777633666992,11.814062118530273,11.779379788275445,11.81683601344862,11.837238137343821,11.833085928019603,11.84668254852295,11.81254350987941,11.818539506179643,11.82445016082243,664
12.907007217407227,12.865673065185547,12.86570930480957,12.884227327278488,12.915221902434771,12.919042643263161,12.894477279779448,12.930948257446289,12.915474591499176,12.899753509900409,12.902799586866058,665
12.360406875610352,12.364607810974121,12.370996475219727,12.397202376400264,12.338532656115612,12.337056760304744,12.337797423418788,12.40719985961914,12.390906438155357,12.367189630646457,12.363086224294872,666
12.051407814025879,12.081841468811035,12.087214469909668,12.097800020124591,12.140347762336019,12.19323563767498,12.159503682294837,12.112357139587402,12.107475773950792,12.114575974301692,12.121706260481806,667
12.226705551147461,12.246917724609375,12.250856399536133,12.224971654661644,12.223729915566176,12.23240216677087,12.275750052956319,12.252450942993164,12.239204771354068,12.241443242177246,12.23852165600172,668
12.05615234375,12.027074813842773,12.02281379699707,12.046776440182589,12.070723076338886,11.989937511916535,11.997751451862735,12.004152297973633,12.011397905337546,12.025197737577976,12.028310014395025,669
11.672767639160156,11.690226554870605,11.692154884338379,11.663342769568981,11.71923489383175,11.722239953634322,11.67232791773131,11.67844295501709,11.681101754894167,11.687982147005195,11.699977667509208,670
12.077385902404785,12.086745262145996,12.088886260986328,12.086978903538835,12.060545397153177,12.06697648104004,12.055861232689898,12.041142463684082,12.065460600620344,12.069998056029275,12.067089091061408,671
11.6148681640625,11.634727478027344,11.643693923950195,11.633034696330595,11.658767899964706,11.68272778103293,11.637662385100182,11.629615783691406,11.638652093769592,11.641527800658828,11.647890757160908,672
12.09075927734375,12.070030212402344,12.070115089416504,12.08402648589168,12.086744048247075,12.07060437298195,12.051470950514878,12.01107406616211,12.05363696241066,12.065384607263441,12.063472895842484,673
12.503571510314941,12.503443717956543,12.498162269592285,12.449987750836996,12.430985575467366,12.407613787471641,12.427309399365342,12.391559600830078,12.389341807038896,12.444663935430453,12.439562649268314,674
11.910632133483887,11.923073768615723,11.927910804748535,11.915296037182122,11.910977489220096,11.924226847402435,11.894551997476514,11.923571586608887,11.93747049808006,11.918634573646473,11.921521969037506,675
11.866286277770996,11.85098648071289,11.848732948303223,11.840277410147928,11.900398108908801,11.897996661225612,11.893674848542537,11.910901069641113,11.895766720475825,11.87833561396988,11.885757602922702,676
11.627665519714355,11.69338607788086,11.691771507263184,11.626223337334949,11.599441515760427,11.674079013691074,11.720141703409281,11.697343826293945,11.623793340060098,11.661538426823132,11.658086886348618,677
11.506773948669434,11.518439292907715,11.519335746765137,11.546376128343784,11.57610039843909,11.617885008445763,11.550985668125373,11.573769569396973,11.557743481651912,11.551934360305019,11.561776659159657,678
12.683796882629395,12.68529224395752,12.678421974182129,12.677412514402501,12.723235075447556,12.73524572590351,12.77657759539395,12.743121147155762,12.784206427543253,12.72081217629062,12.722723837191209,679
11.728240013122559,11.738795280456543,11.73979377746582,11.737297263345468,11.764735762234762,11.769940306183294,11.74387775814813,11.765167236328125,11.757344189823375,11.749465731900896,11.756646629888426,680
11.759075164794922,11.764326095581055,11.761223793029785,11.745414281545003,11.769948077009206,11.722929625996528,11.691706453483617,11.772374153137207,11.769983358161648,11.750775666970997,11.761747871370503,681
11.61799430847168,11.625617027282715,11.628644943237305,11.636167332942552,11.637880109027545,11.607253789826455,11.60915226127449,11.636340141296387,11.68148084934703,11.63117008474513,11.633940679185512,682
12.033008575439453,12.041507720947266,12.039106369018555,12.054739099437127,12.06264655555165,12.07370906713627,12.090634008341944,12.073705673217773,12.078766369146347,12.060869270915155,12.06110889625121,683
12.55707836151123,12.553740501403809,12.556733131408691,12.572957864044243,12.525370726651053,12.514382283275264,12.455537496149374,12.513006210327148,12.53534737681491,12.531572661287303,12.531732013292842,684
12.337753295898438,12.328399658203125,12.318046569824219,12.283215328111394,12.336103978641153,12.28654673293133,12.294412418104049,12.273955345153809,12.264038114317355,12.30249682679832,12.308866552458369,685
12.219535827636719,12.225173950195312,12.219675064086914,12.215846364592608,12.204021057466539,12.245168439869568,12.28081623165428,12.252602577209473,12.245812269372857,12.23429464245381,12.228871399162808,686
12.33141803741455,12.332868576049805,12.330541610717773,12.302929842832953,12.312048661702132,12.316764475154303,12.361988531116232,12.34139347076416,12.315800337938175,12.327305949298898,12.324385570397732,687
11.98843765258789,11.978978157043457,11.98341178894043,11.995790005752596,11.951034086055506,11.910817651700125,11.966213913357416,11.907611846923828,11.941766699906603,11.958229089140874,11.945980136571743,688
12.428215980529785,12.460760116577148,12.458454132080078,12.413600573110616,12.444666068804446,12.31999394558819,12.294945931299154,12.346148490905762,12.358962158045362,12.39174971077117,12.406678564085023,689
12.190832138061523,12.169903755187988,12.159584045410156,12.175688840716532,12.162975853199478,12.17068188033464,12.14817937937901,12.073400497436523,12.104620730485658,12.150651902245725,12.145677009787011,690
11.907352447509766,11.900811195373535,11.900781631469727,11.918510511980266,11.90940374438278,11.919969527614569,11.912174875394513,11.898599624633789,11.907445193655512,11.908338750223827,11.90629737851355,691
13.35631275177002,13.35735034942627,13.348114967346191,13.327521833642805,13.371703991125035,13.24493610291796,13.251396835468373,13.223856925964355,13.267693494804384,13.305431916940599,13.313985130029915,692
12.60200309753418,12.597793579101562,12.598645210266113,12.607119573820619,12.598353923531944,12.62300665375398,12.609135955314368,12.659311294555664,12.615446738225181,12.61231289178929,12.613384275798163,693
11.500903129577637,11.528139114379883,11.529006004333496,11.537535214455879,11.510573349360495,11.528335022999256,11.526040637461131,11.4940824508667,11.53074183322145,11.520595195183994,11.518135688942888,694
11.756401062011719,11.751494407653809,11.749329566955566,11.735743022809135,11.82998638975745,11.737293708814123,11.707259879264026,11.715730667114258,11.731401065777526,11.74607108557307,11.763090174112119,695
12.061598777770996,12.067717552185059,12.067883491516113,12.069315655929831,12.038144718491457,12.070775899270139,12.028865031993336,12.057785034179688,12.052295191949266,12.057153483698432,12.056817318691666,696
11.467671394348145,11.450600624084473,11.454337120056152,11.450803002519063,11.461572555145027,11.509525732194373,11.511963377672837,11.374136924743652,11.468322547439142,11.460992586466986,11.45172818074521,697
11.77005672454834,11.76530647277832,11.76655387878418,11.78035830811039,11.794897126868529,11.780097173182751,11.751694389001102,11.72763442993164,11.76298711234765,11.766620623950322,11.769263423906487,698
11.800029754638672,11.807485580444336,11.806156158447266,11.799905963610856,11.842643050315898,11.851258695966356,11.860474177653883,11.832937240600586,11.822893268064718,11.824864876638063,11.829221415305208,699
12.232748031616211,12.20883846282959,12.19863224029541,12.228156002016894,12.202956868109359,12.14557256274601,12.154486601348138,12.16456127166748,12.149278627089174,12.187247851968698,12.184610220525212,700
12.647149085998535,12.639556884765625,12.64222240447998,12.647720936119352,12.642201230859184,12.656426900055513,12.602017440171638,12.642993927001953,12.675684292889585,12.643997011371262,12.647102389624969,701
11.892505645751953,11.913973808288574,11.91422176361084,11.874569972492079,11.885834050164613,11.906555830236243,11.889036174659072,11.889270782470703,11.864062707747108,11.892225637269021,11.895923536733768,702
12.80148983001709,12.796011924743652,12.787934303283691,12.749213910436133,12.806645258410997,12.792921186452634,12.689815807539926,12.75792121887207,12.7699014398428,12.772428319955445,12.789588254840847,703
11.713655471801758,11.762497901916504,11.762102127075195,11.733204759452097,11.78036249151362,11.883469437348648,11.836699176092884,11.819084167480469,11.842268179813987,11.792593745832795,11.802516380556773,704
12.27546501159668,12.263923645019531,12.266056060791016,12.287568530563458,12.30793947999803,12.272963506837385,12.293952399786289,12.226102828979492,12.251679057510774,12.27173894678696,12.269931893321642,705
11.121955871582031,11.161864280700684,11.16244125366211,11.197102279614228,11.202539227072394,11.072827270371066,11.006403994921243,11.066455841064453,11.099065638574455,11.121183961951408,11.138090438944602,706
12.644794464111328,12.61336898803711,12.616177558898926,12.615734987536062,12.670518560197198,12.551211172491922,12.597074845897446,12.587181091308594,12.591729646806364,12.609754590587215,12.613518470017507,707
12.295150756835938,12.292269706726074,12.290047645568848,12.288441282693325,12.267474849054103,12.245953226473139,12.300095350386771,12.272665977478027,12.265598787972985,12.279744175909913,12.27276092997643,708
12.170478820800781,12.17882251739502,12.184643745422363,12.203783587701567,12.122982996344728,12.104013111456434,12.16576105814208,12.201264381408691,12.170996903762456,12.166971902492682,12.155416374559795,709
11.497068405151367,11.510910987854004,11.52170181274414,11.542463650414629,11.55349875225142,11.649498352834998,11.562531276934333,11.581512451171875,11.610257344111057,11.55882700371865,11.564598958772432,710
11.150370597839355,11.181351661682129,11.175848960876465,11.025926699280262,11.162938098134655,11.178203593752489,11.150095096663645,11.219293594360352,11.159506735295826,11.155948337542798,11.179645712974326,711
11.469803810119629,11.320921897888184,11.333632469177246,11.587330850477956,11.575678292228801,11.420631927223008,11.435381493309789,11.146000862121582,11.266272883987774,11.395072720725997,11.371379379486358,712
12.201982498168945,12.200031280517578,12.196727752685547,12.210203200749863,12.171806026267722,12.153311976372219,12.161554750614139,12.176485061645508,12.18407919826529,12.184020193920757,12.18001932312534,713
11.663420677185059,11.687359809875488,11.667733192443848,11.614477986604122,11.72563413650195,11.700989943024053,11.69894250952491,11.67509937286377,11.63659995998774,11.674473065334547,11.692509526928191,714
12.09481143951416,12.1116304397583,12.108508110046387,12.09070695786393,12.116068770707141,12.10945235773002,12.114980662089726,12.07374382019043,12.100097576566956,12.102222237163005,12.105211402626905,715
11.866412162780762,11.879426956176758,11.883028030395508,11.864046434124484,11.896792085035246,11.896058600753525,11.960336197680247,11.865533828735352,11.897162668706473,11.889866329376483,11.88624422599186,716
12.140789031982422,12.130791664123535,12.133471488952637,12.168747493392624,12.21082088874091,12.164297153688567,12.251741229752788,12.271218299865723,12.199279073413013,12.185684035990246,12.187475758336753,717
11.938549041748047,11.951560974121094,11.960219383239746,11.970281280273621,11.94878010929503,11.979801643254023,11.962706340223423,11.97848129272461,11.978354135925128,11.963192688978303,11.962066765892313,718
12.620682716369629,12.6157865524292,12.613731384277344,12.635861496211653,12.652874676619202,12.661155839827492,12.679531376192147,12.638622283935547,12.659519068019721,12.641973932653547,12.640853785536006,719
11.81025505065918,11.802026748657227,11.80133056640625,11.792751365213002,11.823656800455904,11.830042484190104,11.853369734947124,11.80894947052002,11.823958550656956,11.816260085745084,11.815464750143457,720
12.475797653198242,12.517762184143066,12.50870132446289,12.443877629574345,12.434496068547459,12.486445540573332,12.457701239753826,12.48593521118164,12.402654068971678,12.468152324489608,12.47307816182285,721
11.834054946899414,11.828659057617188,11.828765869140625,11.845593168273584,11.856545032524464,11.87413918351253,11.873657052048358,11.89210033416748,11.863108657255522,11.855180366826573,11.856777450466666,722
11.670491218566895,11.658656120300293,11.651012420654297,11.65854909355736,11.705464649490617,11.690620209869847,11.646469999799672,11.657666206359863,11.679720642315488,11.668738951212704,11.678211782849965,723
11.845361709594727,11.851311683654785,11.847273826599121,11.832492643605699,11.828310975142353,11.731982316179492,11.73263688317463,11.758622169494629,11.778517018220708,11.80072324729624,11.805043276794292,724
12.654996871948242,12.659688949584961,12.66768741607666,12.667809003120636,12.66063235920413,12.671963131727885,12.613352578331888,12.639386177062988,12.718659330206656,12.661575090807114,12.664687957916692,725
11.586579322814941,11.609777450561523,11.609511375427246,11.585226545232857,11.622392403110682,11.664987615308977,11.650879873407396,11.702339172363281,11.675176963661904,11.634096746876534,11.64307749970383,726
12.3989896774292,12.447893142700195,12.438211441040039,12.320469954349308,12.42662190108127,12.381819073148522,12.33830689342432,12.375431060791016,12.313035820239481,12.382308773800371,12.40654208178512,727
12.154610633850098,12.176730155944824,12.178474426269531,12.16062046551226,12.165699297239087,12.170575575095707,12.159501817114114,12.125425338745117,12.158927225094324,12.161173881651674,12.16266437025774,728
11.936965942382812,11.941336631774902,11.941678047180176,11.923897415291279,11.934426105234014,11.781579694383733,11.688501291118484,11.827393531799316,11.791559343044236,11.863037555800995,11.882057346111974,729
11.392982482910156,11.426067352294922,11.421480178833008,11.37792796361693,11.423873949448135,11.43400885772417,11.439574367437,11.473697662353516,11.461051236575956,11.427851561243754,11.437985787543349,730
12.367164611816406,12.386693954467773,12.383137702941895,12.339132306140545,12.38740438827598,12.447983355358664,12.480676540100387,12.448667526245117,12.44974109119015,12.410066830726324,12.41243460512747,731
12.229740142822266,12.212440490722656,12.21236801147461,12.222805247227189,12.170734513970572,12.15698187821427,12.039888017743602,12.06456184387207,12.12962720070241,12.15990526074996,12.160371106894845,732
12.371786117553711,12.363181114196777,12.364103317260742,12.391573098306486,12.35188185868905,12.364886496542251,12.33540837611863,12.339536666870117,12.351248346826196,12.35928948804044,12.355259151590356,733
11.800539016723633,11.804169654846191,11.802854537963867,11.790142660576599,11.819536827001908,11.810332901447358,11.806564329901425,11.795774459838867,11.795731904833142,11.802849588125888,11.807039328958679,734
11.615147590637207,11.620957374572754,11.618752479553223,11.61350072272593,11.65657766325672,11.694311326135006,11.709238505044516,11.65990161895752,11.668505928616534,11.6507659121666,11.65268568586706,735
12.036452293395996,12.037630081176758,12.025688171386719,11.995627211581326,12.036536257087187,12.085156324685068,12.046603950019225,12.083335876464844,12.03129767550762,12.042036426811638,12.05092913037523,736
11.305814743041992,11.302536964416504,11.302990913391113,11.31164409103464,11.270045569506571,11.299535368713899,11.311038301485516,11.335381507873535,11.304426268181485,11.304823747516139,11.29867384940275,737
12.355141639709473,12.353023529052734,12.357234001159668,12.377680766737093,12.338972293989096,12.366038518838158,12.263312184023237,12.331367492675781,12.338610734225718,12.342375684490106,12.346048003232298,738
11.85682201385498,11.888972282409668,11.884087562561035,12.003811502140934,11.96783620214298,11.926971192765523,11.886912553355547,11.94884204864502,11.862313961883086,11.914063257750975,11.922966260390469,739
12.164382934570312,12.175394058227539,12.17780876159668,12.165285687423744,12.164399802515625,12.208981756057225,12.226023527740864,12.190207481384277,12.194114567623032,12.185177619682143,12.18162001574575,740
11.663705825805664,11.678948402404785,11.680591583251953,11.666689986215573,11.732199560007226,11.65990457204566,11.670686346041354,11.653986930847168,11.703696170455313,11.67893437523052,11.68938831448518,741
11.83586311340332,11.827339172363281,11.826406478881836,11.839673465526893,11.826484556995489,11.834851357897456,11.838072330491734,11.838021278381348,11.838024816125515,11.83385961889632,11.831045197737089,742
12.059202194213867,12.087157249450684,12.091569900512695,12.044182540230805,12.059020126170388,12.066401869665025,12.075393739306445,12.116045951843262,12.072690471948015,12.074629338149022,12.079545162804477,743
11.954216003417969,11.946910858154297,11.947074890136719,11.946300391794253,11.933941114955397,12.00973718407973,11.970096490638172,11.963492393493652,11.980387694062987,11.961350780081464,11.958686057593692,744
12.285579681396484,12.282319068908691,12.27602481842041,12.267477540185899,12.268883516841974,12.219682443810123,12.249830501982467,12.254402160644531,12.25232469991408,12.26183604801163,12.261866439412717,745
12.64309024810791,12.638306617736816,12.626380920410156,12.62024683336849,12.617668687467848,12.689316457684333,12.692894636044615,12.709906578063965,12.7540022670921,12.665757027330692,12.66380478574635,746
12.298447608947754,12.300394058227539,12.303182601928711,12.314575319365481,12.312795339725476,12.350489978341699,12.39748714856839,12.407161712646484,12.360620908416681,12.338350519574245,12.334634457558108,747
12.217979431152344,12.171480178833008,12.158902168273926,12.227346628533585,12.239935553937762,12.315657343036845,12.50310845126413,12.362563133239746,12.22812456263534,12.269455272322965,12.247977721825457,748
12.428799629211426,12.43177318572998,12.427714347839355,12.422206694982018,12.438768570048778,12.430771297839629,12.433594465695782,12.395660400390625,12.39043616088242,12.422191639180001,12.42336535039651,749
11.376789093017578,11.344844818115234,11.3541259765625,11.422409342179524,11.376254916387568,11.356767895299242,11.355448064891018,11.2796630859375,11.254234288142783,11.346726386725884,11.335129950088668,750
11.352823257446289,11.345641136169434,11.343958854675293,11.227450012605118,11.282458022935499,11.299363984944586,11.359958661329166,11.373603820800781,11.36336207219727,11.327624424789272,11.327952242003715,751
11.955205917358398,11.95734977722168,11.961942672729492,11.96016659345758,11.944078883259492,11.994315379282748,11.975999379044183,12.0138521194458,11.962065332235854,11.969441783781692,11.968678158359472,752
12.262248992919922,12.26492977142334,12.266959190368652,12.257194902616398,12.258739690568353,12.24974581641212,12.205087434040555,12.193105697631836,12.207898131630444,12.240656625290178,12.243432882453588,753
12.509222984313965,12.507588386535645,12.506511688232422,12.503044983308309,12.543573983618996,12.516107726054921,12.536760903661657,12.518763542175293,12.47935969184034,12.513437098860173,12.517521602440205,754
11.916544914245605,11.928998947143555,11.929598808288574,11.90586307047214,11.941033935265583,11.903032890327083,11.947602015944621,11.888251304626465,11.918403290977373,11.919925464143445,11.920846483774968,755
11.98613166809082,11.972660064697266,11.964276313781738,11.946506160743013,12.031493035653053,12.04731068266899,12.005331226995251,11.990837097167969,11.984891677134495,11.992159769659178,12.003872864381574,756
12.277016639709473,12.28573989868164,12.290709495544434,12.288596513422394,12.26865033681047,12.25928856985715,12.246722892156898,12.285006523132324,12.269812165871775,12.274615892798504,12.275406315774363,757
11.880660057067871,11.88265323638916,11.891495704650879,11.914549130910647,11.947577503787036,11.986420239144884,11.940981385329682,11.92304515838623,11.940648366995706,11.923114531406899,11.928179234540163,758
12.01678466796875,12.023397445678711,12.018091201782227,11.969200008297554,12.008432237906867,12.05958590411557,12.03356623452623,12.074369430541992,12.033797525783244,12.026358295177905,12.033857338561988,759
12.53654956817627,12.545166015625,12.541911125183105,12.518705817609707,12.55504558113618,12.609028401104867,12.60394844038614,12.64438247680664,12.616370975288932,12.574567600146317,12.580657506358293,760
11.731671333312988,11.668612480163574,11.668421745300293,11.698658114123221,11.764940272311893,11.756723901272135,11.709447041016048,11.742897033691406,11.761968374342574,11.722593366170459,11.729675689823077,761
11.53696060180664,11.539143562316895,11.54727840423584,11.598823470349359,11.563602480945612,11.574821717385214,11.728072359765909,11.614492416381836,11.62641560228762,11.59217895727499,11.572393111560523,762
12.236235618591309,12.20398235321045,12.199359893798828,12.203270086210278,12.235978727944836,12.230630867645823,12.189603126907977,12.234683990478516,12.227961099734188,12.217967307169136,12.22411316924062,763
12.620408058166504,12.623098373413086,12.623652458190918,12.633095157504648,12.654031304829457,12.680613440531877,12.669395685611239,12.650616645812988,12.636986458004753,12.643544175785053,12.645843942386692,764
12.476428985595703,12.474715232849121,12.478468894958496,12.408083107272942,12.443191160255493,12.475484563626463,12.42591045921334,12.46789264678955,12.470069906758281,12.45780499525771,12.46458585906517,765
12.45700740814209,12.448478698730469,12.453861236572266,12.462179154359895,12.496152826352645,12.540465111031466,12.525016558991625,12.538763999938965,12.54653114812324,12.496495126915852,12.4998255208875,766
12.157102584838867,12.167397499084473,12.171531677246094,12.158061632061777,12.212469184269475,12.151631184441932,12.101909805703459,12.129136085510254,12.148524526911629,12.155307131118661,12.169320268609649,767
12.005955696105957,11.994000434875488,12.005866050720215,12.09225520402094,12.034403630233458,12.074975871029038,12.134213657421023,12.047979354858398,12.080355135468514,12.052222781637004,12.034668376663026,768
12.336831092834473,12.332873344421387,12.33327579498291,12.350340042578525,12.299921627059815,12.327472930251732,12.383908920514843,12.382160186767578,12.394196793174045,12.348997859176144,12.337459901718969,769
13.181744575500488,13.156900405883789,13.149248123168945,13.185698644511707,13.223552763979349,13.153577021706685,13.008858938019534,13.253149032592773,13.10629193131461,13.157669048519764,13.184869729125113,770
11.758639335632324,11.760381698608398,11.75726318359375,11.747709933838129,11.79734612603142,11.794666371794085,11.77329331282811,11.781993865966797,11.798684978907279,11.774442089688922,11.783033985235747,771
11.711380958557129,11.71679401397705,11.709776878356934,11.652151837191722,11.675879054564678,11.69945760072884,11.705165695638778,11.725089073181152,11.676635698060938,11.696925645584136,11.700141713852343,772
11.80075454711914,11.809704780578613,11.808168411254883,11.816188967926227,11.83486909830981,11.833740093015823,11.859925681591287,11.846144676208496,11.853404158477867,11.829211157164684,11.830587615663498,773
11.624610900878906,11.653541564941406,11.649890899658203,11.609678566046398,11.624482140084078,11.69042216794592,11.72019847349711,11.708582878112793,11.689747675892873,11.663461696339743,11.663614439307544,774
12.580561637878418,12.56605052947998,12.563495635986328,12.591752756126922,12.578540009113178,12.572213702264868,12.531380020426498,12.599320411682129,12.53292993706731,12.568471626669513,12.572235465216504,775
11.982802391052246,11.982715606689453,11.984976768493652,11.9819264259576,11.993274544009408,11.989168386438141,11.979877920361977,11.974356651306152,11.9779094215626,11.983000901763468,11.984697068124946,776
12.3607759475708,12.360486030578613,12.359901428222656,12.377301821310505,12.368985167159225,12.305583196567321,12.29288692483813,12.312809944152832,12.304740143671657,12.338163400452414,12.341274913370363,777
11.792733192443848,11.796854019165039,11.796116828918457,11.791960964192924,11.839261943648262,11.891763301016413,11.8405762888797,11.849605560302734,11.84285044230018,11.826858060096395,11.83563736069818,778
11.8364896774292,11.848898887634277,11.846888542175293,11.811814518473684,11.845284767921024,11.832711404029366,11.819061224552218,11.820133209228516,11.867458004187256,11.836526692847869,11.842881124732108,779
11.86457347869873,11.850736618041992,11.846909523010254,11.862924969180535,11.870367439469184,11.848698700878424,11.870983253186765,11.850225448608398,11.851234387054118,11.857405979792045,11.855798321488262,780
11.994227409362793,11.99956226348877,12.00125503540039,11.985026014988179,11.974602995417952,12.04579172028963,12.062482026103979,12.04752254486084,12.046714068529656,12.017464897604688,12.012134002739362,781
12.067994117736816,12.071022987365723,12.075722694396973,12.076156649906775,12.070070992087466,12.079834521775688,12.098269050398024,12.06070327758789,12.072765841445195,12.074726681411171,12.070563765584769,782
12.160207748413086,12.154409408569336,12.154321670532227,12.152025661405634,12.15218074512848,12.188210091015815,12.174401445722305,12.134343147277832,12.119281970770114,12.154375765426092,12.151767402733341,783
11.982315063476562,11.969841003417969,11.973860740661621,12.029276276301244,11.994667425962719,11.993279640458892,11.999325795220148,11.961445808410645,12.011660228355588,11.99063022025171,11.98312378809694,784
11.750381469726562,11.750410079956055,11.75170612335205,11.855227109383577,11.758003633299603,11.820753169081271,11.848950673985385,11.878357887268066,11.834730124738654,11.805391141199024,11.792228810511883,785
12.01286506652832,12.021431922912598,12.01192569732666,11.960658848635774,12.030827081760815,12.0519461425976,12.007887393570975,12.006329536437988,11.987584818573572,12.010161834260478,12.022437282744562,786
11.7584810256958,11.762738227844238,11.767350196838379,11.728730910744396,11.730778057312229,11.686211752783983,11.700607038819909,11.704469680786133,11.795958965894311,11.737258428524378,11.736969592494424,787
12.346813201904297,12.347550392150879,12.348458290100098,12.349562927976514,12.351404939527013,12.341733955607072,12.366258837673096,12.346872329711914,12.32462669966998,12.347031286035651,12.345233249457658,788
11.570267677307129,11.564042091369629,11.558066368103027,11.553032287420699,11.555333701791302,11.613303167755182,11.61334436679182,11.62555980682373,11.614421233009272,11.58526341115242,11.584038946668443,789
12.273765563964844,12.297738075256348,12.290609359741211,12.243378693913845,12.279617455727005,12.310919233564972,12.302420207423152,12.27083683013916,12.236169930244712,12.278383927775028,12.283845545712165,790
11.99252700805664,11.985331535339355,11.984384536743164,11.993259427530013,11.999707915253266,12.049001336664995,12.037101434440789,11.995697975158691,12.014417933871192,12.005714344784232,12.003269566139739,791
11.93244457244873,11.928290367126465,11.93093204498291,11.938208540466224,11.900981742354082,11.944325329417312,11.968012418929042,11.952543258666992,11.949006385154366,11.938304962171792,11.929219735825683,792
12.48260498046875,12.48164176940918,12.474773406982422,12.446262943894995,12.477531275459254,12.40338757324951,12.378919122688455,12.385361671447754,12.400574102560395,12.43678409401786,12.445073967035839,793
12.345359802246094,12.339369773864746,12.342050552368164,12.332027520959546,12.331659762202323,12.300352668244427,12.383381137534084,12.352059364318848,12.324946012205482,12.339022954882635,12.332105552019229,794
12.22903060913086,12.223005294799805,12.224143981933594,12.228453335601781,12.151880173183141,12.193127364757487,12.192445730411483,12.189064979553223,12.210650113432012,12.204644620311488,12.19237224726532,795
11.995230674743652,12.001742362976074,12.000322341918945,11.993529151767671,12.027292957483601,12.00134310724984,12.057039208279125,12.028990745544434,11.998984592361259,12.011608349147178,12.012794584893799,796
11.86185073852539,11.8777494430542,11.876932144165039,11.842321528665762,11.880861134445277,11.8257314283214,11.751012329227999,11.77701473236084,11.780969425769948,11.83049365605954,11.844599150039423,797
11.46861457824707,11.443258285522461,11.4420747756958,11.496186887275952,11.513914580346986,11.576303724097674,11.46354827622917,11.562034606933594,11.544773145530907,11.501189873319959,11.511833335686967,798
13.0177640914917,13.001852035522461,12.99439811706543,13.01800516823558,13.039248118243842,13.1498148972486,13.08216799503262,13.122173309326172,13.035169643937213,13.051177041789291,13.056513978005722,799
11.967679977416992,11.945239067077637,11.942950248718262,11.940710109026263,11.9490196532865,11.980555292118584,11.933954325407251,11.957181930541992,11.907307460620496,11.947177562690444,11.949326435495061,800
12.228747367858887,12.187646865844727,12.179957389831543,12.208704432639301,12.199407994714646,12.223093868184495,12.169535303299929,12.217719078063965,12.17734406507975,12.199128485057471,12.199781248189684,801
11.709166526794434,11.753045082092285,11.745957374572754,11.707663724467187,11.722552293495808,11.721633870606853,11.719481227305677,11.757104873657227,11.715380073280722,11.727998338474773,11.736789087606587,802
12.20176887512207,12.201359748840332,12.205096244812012,12.207334332480944,12.191595655340084,12.113737694142557,12.125253878883628,12.124016761779785,12.121252287960347,12.165712831040194,12.16503099058938,803
13.041958808898926,13.025527954101562,13.017763137817383,13.038740298444711,13.058487792712215,13.099317261128485,13.000460096503852,13.146474838256836,13.088505425170464,13.057470623670493,13.07142767700116,804
11.52696704864502,11.516561508178711,11.528833389282227,11.598171382247212,11.623303300678991,11.643517205209067,11.605636479332402,11.580842971801758,11.570382109611144,11.577135043887393,11.580340804688289,805
12.296128273010254,12.286275863647461,12.2869873046875,12.291979922177196,12.322687395689252,12.247228488222634,12.15228324851401,12.224922180175781,12.234060873970769,12.260283727788318,12.27519863118455,806
11.781498908996582,11.759639739990234,11.758408546447754,11.764443760869291,11.73374347645147,11.801799149375096,11.832797163087488,11.787955284118652,11.808518170374319,11.78097824441232,11.768380875631859,807
12.28140640258789,12.240005493164062,12.23499584197998,12.273352133531215,12.326184075049914,12.260239111122686,12.184602453102833,12.310046195983887,12.189154082375012,12.255553976544165,12.27250929173563,808
11.818560600280762,11.832130432128906,11.830695152282715,11.834075351086817,11.854010769122999,11.881950296778829,11.896201662977832,11.865653038024902,11.884839050232907,11.855346261435185,11.856339921065182,809
11.885538101196289,11.846333503723145,11.84061336517334,11.825517282244324,11.791135450164427,11.68139608996245,11.624240601609777,11.683283805847168,11.71582719488028,11.76598726608902,11.767173995577354,810
12.173680305480957,12.180558204650879,12.171548843383789,12.152612482566278,12.135312523271116,12.024642800612996,12.077633219878537,12.123554229736328,12.141550803607453,12.13123260146537,12.13218486289445,811
11.93842887878418,11.916509628295898,11.908866882324219,11.940369477228213,11.936474288831615,11.897562080040519,11.88267030271246,11.94267463684082,11.905867263366655,11.91882482649162,11.922326647013096,812
11.414823532104492,11.320371627807617,11.330780982971191,11.488147013211544,11.434557518699256,11.533850479421123,11.38508551653071,11.334259986877441,11.274218690208567,11.390677260870216,11.38009159071769,813
11.943455696105957,11.946358680725098,11.944446563720703,11.919607747015883,11.956801149923967,11.881871052693525,11.877518268853954,11.925007820129395,11.926366724292146,11.92460374482896,11.934304196887004,814
11.705753326416016,11.663045883178711,11.659600257873535,11.67495632246884,11.703892372193744,11.6333229156001,11.641059576256566,11.610032081604004,11.638839181494276,11.658944657453977,11.658841607699188,815
12.238689422607422,12.238609313964844,12.239457130432129,12.217160501319555,12.242537359261645,12.222716392994656,12.241706357335339,12.22512435913086,12.227761127681006,12.23264021830305,12.234060403341433,816
11.806971549987793,11.810099601745605,11.80706787109375,11.791809540691942,11.832089232432688,11.859207973473985,11.829125545051635,11.83594036102295,11.84592667432304,11.824248705535933,11.831215680801149,817
12.50924015045166,12.51114559173584,12.521535873413086,12.561194718597811,12.513049494302463,12.556400643510353,12.5307112904715,12.55252742767334,12.580329444151033,12.537348292700788,12.532215061377677,818
11.924749374389648,11.916502952575684,11.913247108459473,11.898789916310845,11.944780470499824,11.902539156122547,11.90462034075175,11.885976791381836,11.867450167235596,11.906517364191911,11.912137677321594,819
12.330795288085938,12.326811790466309,12.321435928344727,12.324618228188807,12.336674538882944,12.301721474966014,12.297000620508003,12.307279586791992,12.339928130899464,12.320696176348244,12.32411170989192,820
12.122660636901855,12.126446723937988,12.128593444824219,12.131429847382366,12.115342328856629,12.156167082464526,12.161178776205755,12.130191802978516,12.152783181822771,12.136088202819401,12.131101842059238,821
11.36355209350586,11.363518714904785,11.35120677947998,11.362334694570647,11.38381545830704,11.432548901296967,11.420852299563379,11.401191711425781,11.438616386541204,11.39084855995507,11.393117607700423,822
12.226724624633789,12.248032569885254,12.253671646118164,12.233611941581412,12.215548815044285,12.214681459585737,12.206100530099299,12.087532043457031,12.102797563340767,12.19874457708286,12.193081779800917,823
11.917938232421875,11.909982681274414,11.90341567993164,11.879852640538374,11.91492926026667,11.90410416791666,11.874430253562474,11.895418167114258,11.87078632930286,11.896761934703248,11.90400104897372,824
12.372666358947754,12.372645378112793,12.372777938842773,12.357845166264543,12.345233210550708,12.368324890675485,12.381951036578544,12.353857040405273,12.377137049555113,12.366937563325887,12.361942320842097,825
12.954675674438477,12.959041595458984,12.963700294494629,12.964224525360585,12.974815623077832,13.034102365897764,12.96175339131352,12.975775718688965,12.99004408547839,12.975348141578795,12.980246362190485,826
11.602892875671387,11.558106422424316,11.55002212524414,11.625530623428858,11.557962021629047,11.592226690075575,11.609949654985623,11.591653823852539,11.561773265607536,11.583346389213226,11.568815537033782,827
12.168752670288086,12.1619234085083,12.163802146911621,12.173571593886116,12.146189253098894,12.15507099246777,12.179760846163507,12.202699661254883,12.191702856940887,12.17149704772445,12.1663224546861,828
12.210954666137695,12.201805114746094,12.188713073730469,12.18490087162948,12.255702599158722,12.184175677135213,11.985567758061498,12.107211112976074,12.086404146488798,12.156159446673783,12.18661228337346,829
11.917196273803711,11.932502746582031,11.929815292358398,11.899110642788003,11.922959676284037,11.920822364268531,11.911174315980649,11.953068733215332,11.921991550981199,11.923182399584654,11.930389378066238,830
12.082757949829102,12.077564239501953,12.082732200622559,12.065299887668658,12.04793689353401,12.03830295186318,12.047945616809047,12.035736083984375,12.040266729012352,12.057615839202803,12.053052270795472,831
11.9085693359375,11.917576789855957,11.915254592895508,11.889955269302668,11.912464445259209,11.90171972984587,11.903447471293953,11.929648399353027,11.912837973044855,11.91016377853206,11.915313798526519,832
12.360285758972168,12.366604804992676,12.365487098693848,12.356490527300856,12.366148746711206,12.362259906019668,12.346670056926945,12.309253692626953,12.330158512750131,12.351484344999383,12.352761564173464,833
11.963566780090332,12.003132820129395,12.011425018310547,11.963457945373715,11.980594214958392,11.9962294928932,11.947017079349912,11.974400520324707,11.97217984956883,11.97911152455545,11.98804740350814,834
11.803692817687988,11.82713794708252,11.824684143066406,11.804808562360385,11.797362435067154,11.845527252310015,11.826672548901994,11.849371910095215,11.847936693593564,11.825243812240583,11.827415901453096,835
11.749011039733887,11.736531257629395,11.732195854187012,11.750568678637046,11.80524315422237,11.760126188019823,11.819302524004975,11.829257011413574,11.799279411173671,11.77572390211353,11.780379602966496,836
11.858778953552246,11.85108470916748,11.857337951660156,11.912481960944143,11.923390257929336,11.823282472961628,11.750672877688318,11.78753662109375,11.853686937467492,11.846472526940504,11.856927359020634,837
11.496755599975586,11.501897811889648,11.507080078125,11.503930740609487,11.497370125328205,11.430754520008898,11.450279942869821,11.46187686920166,11.452931088361742,11.478097419596672,11.478700746992256,838
11.910782814025879,11.906088829040527,11.901406288146973,11.899545428887244,11.888165050686984,11.89945604250285,11.913394362220853,11.869911193847656,11.878733396572173,11.89638704510346,11.891489824274231,839
11.798385620117188,11.780176162719727,11.780426025390625,11.782503811277811,11.770482643762145,11.76034446903154,11.75732273778471,11.74853801727295,11.777882012470226,11.77289572220299,11.769295707362984,840
11.813398361206055,11.807957649230957,11.795849800109863,11.761133306412258,11.77606738567368,11.758949574025303,11.721455811160611,11.727200508117676,11.712936135529851,11.763883170162918,11.769042270672935,841
11.938411712646484,11.895668983459473,11.891404151916504,11.921470133516522,12.001376423522162,11.921119109803644,11.84777847261092,11.778182029724121,11.792103908519984,11.887501658413312,11.898516846290157,842
12.057511329650879,12.019707679748535,12.013916969299316,12.000819595062952,12.015083914481488,11.971167378055755,11.967016642661441,11.955595016479492,11.9473934840363,11.994245778830683,11.993422350589961,843
11.65496826171875,11.683751106262207,11.69452953338623,11.735454935375856,11.811775818880728,11.695638960354183,11.703092430163164,11.590896606445312,11.648581449297387,11.690965455764868,11.701943349263948,844
11.803742408752441,11.80911922454834,11.810843467712402,11.831505473255579,11.836479335702313,11.847903844976392,11.82949940153546,11.783905029296875,11.808614530417033,11.817956968466314,11.818148685297723,845
12.121116638183594,12.123675346374512,12.131572723388672,12.110279441071059,12.12349214864888,12.180790694441392,12.117382101801976,12.037860870361328,12.065702959880966,12.11243032490582,12.111979213828496,846
12.228259086608887,12.23558521270752,12.238509178161621,12.246700178109853,12.221130451554071,12.228013046492805,12.199144171209875,12.220531463623047,12.204720531209714,12.224732591075266,12.224833866270396,847
11.726716995239258,11.750487327575684,11.746753692626953,11.704571461756736,11.70786164319095,11.772007019929834,11.735338158032373,11.75531005859375,11.780558750316798,11.742178345251371,11.745867995466986,848
12.304113388061523,12.27220344543457,12.26669979095459,12.28121193812873,12.355279149761676,12.28028896337773,12.214998308299192,12.231386184692383,12.258397292415987,12.273842051236265,12.288145267675244,849
12.073478698730469,12.068770408630371,12.075238227844238,12.072135136330196,12.104743204111509,12.051109364680425,12.045702959394458,12.085742950439453,12.094986908169107,12.074656428703358,12.081579137506843,850
11.800403594970703,11.802704811096191,11.803778648376465,11.810032259389716,11.820624880820978,11.855611245117942,11.864472052431596,11.880033493041992,11.858549460699196,11.83291227177164,11.833663382864836,851
12.179671287536621,12.168524742126465,12.169122695922852,12.180865611476225,12.180148901486229,12.17308035226089,12.210125524373447,12.18889045715332,12.20987269847234,12.18447803008982,12.180023585279693,852
12.1126708984375,12.097687721252441,12.092970848083496,12.04182358899019,12.067358643612195,12.026879491579232,12.028519394133506,12.075163841247559,12.07278321776883,12.068428627233883,12.072817585862092,853
12.091672897338867,12.088600158691406,12.085455894470215,12.071095867947431,12.078388261873927,12.032280468567643,12.06195062560225,12.051172256469727,12.051300519557529,12.06799077227989,12.067646651883122,854
12.046046257019043,12.021012306213379,12.022439002990723,12.091113313216262,12.07916860585215,12.054282910665005,11.978063457465884,12.009241104125977,12.057263147543273,12.039847789454633,12.043739105513858,855
11.88237476348877,11.874807357788086,11.87081241607666,11.834206199698112,11.885852916757441,11.889862865866268,11.89000443921612,11.864277839660645,11.827165312606537,11.868818234573181,11.8732994153364,856
11.891408920288086,11.903133392333984,11.90819263458252,11.903898255170477,11.917115197589242,11.878036169980138,11.899552882006287,11.862473487854004,11.87493491434401,11.893193983794305,11.893796810204393,857
11.915899276733398,11.923227310180664,11.925557136535645,11.901428391220795,11.921736355825738,11.926883825731938,11.946388092801987,11.90320873260498,11.947958859156275,11.923587553421267,11.922736359340263,858
11.954338073730469,11.96910285949707,11.972406387329102,11.949843718762983,11.964520054723454,11.984902398039193,12.004966493964394,11.989754676818848,11.986964959801483,11.97519995807411,11.975353593225089,859
12.337736129760742,12.340208053588867,12.343445777893066,12.360760153372503,12.362848448400987,12.378328830400866,12.381490595257235,12.330000877380371,12.387869261436974,12.358076458610178,12.35534922907538,860
12.015380859375,12.007880210876465,12.004276275634766,12.00639591966636,12.000957844566607,12.042704701244464,12.120067812196302,12.091840744018555,12.062325622700689,12.039092221142134,12.030314084090831,861
11.81308364868164,11.832711219787598,11.833183288574219,11.779406090729763,11.739607808772034,11.792492100457729,11.806178796463263,11.839426040649414,11.821952041829794,11.80644900399394,11.80126105258006,862
11.888718605041504,11.885953903198242,11.883047103881836,11.87544497929778,11.887881988876751,11.896888376976683,11.905072814804036,11.848936080932617,11.858553540970469,11.88116637710888,11.879215601929339,863
11.854899406433105,11.850947380065918,11.846792221069336,11.826955221716299,11.879646413782174,11.877285544631842,11.871696910127003,11.841774940490723,11.870453892786852,11.857827992344806,11.863232953909414,864
12.239020347595215,12.24351978302002,12.238428115844727,12.220129362237708,12.247301224037647,12.226152389422316,12.220680642506068,12.233345985412598,12.238414888616228,12.23411030429917,12.239856229687078,865
11.806100845336914,11.805150032043457,11.806974411010742,11.804959271973104,11.846762120377013,11.822953090141151,11.820417501027917,11.795690536499023,11.825312395226502,11.814924467070647,11.819762396960142,866
12.426982879638672,12.42356014251709,12.427306175231934,12.448453017658249,12.419306227941679,12.475697015817657,12.427247647033136,12.511594772338867,12.507222159563927,12.451930004193468,12.452983276187942,867
11.778629302978516,11.764732360839844,11.75994873046875,11.760334090273417,11.803761106403948,11.787081386725443,11.783809562395767,11.804436683654785,11.806387220229832,11.783235604885588,11.789485151971352,868
12.038656234741211,12.058353424072266,12.05245590209961,12.024564796180913,12.055963320173824,12.034787634808353,12.099571761746084,12.04387092590332,12.002497002395168,12.045635666902307,12.046042275907919,869
12.36022663116455,12.346324920654297,12.34765625,12.380956422183719,12.372982887900815,12.312033132809429,12.342686094008126,12.362832069396973,12.331065078220117,12.350751498482005,12.349706076842043,870
11.454581260681152,11.442342758178711,11.439830780029297,11.449237986479384,11.46370990438315,11.527414160670453,11.49804789921171,11.483912467956543,11.476989592471641,11.470674090006893,11.470922451005084,871
12.111466407775879,12.116802215576172,12.117283821105957,12.105651235717644,12.15222321843922,12.139286778076157,12.119469094678594,12.090348243713379,12.10917049947623,12.117966834951027,12.124723255985682,872
11.61845874786377,11.637011528015137,11.642838478088379,11.624233775516487,11.614061957548214,11.713570923534295,11.698900954651657,11.821779251098633,11.750910442534336,11.680196228761211,11.683627090520297,873
11.713987350463867,11.789966583251953,11.792594909667969,11.714868171619923,11.732172894227519,11.772691874704154,11.750051366680868,11.771933555603027,11.687472636108986,11.747304371369808,11.757867603480218,874
11.442429542541504,11.433361053466797,11.437000274658203,11.473427655198769,11.469396844637366,11.434754211819522,11.455164359825176,11.37593936920166,11.432724852701636,11.439355351561183,11.43413661707075,875
12.680045127868652,12.684331893920898,12.682141304016113,12.663822416773847,12.670009115084982,12.655857673498023,12.695134760360293,12.725151062011719,12.723812161073763,12.686700612734255,12.687007909278114,876
11.84398078918457,11.845277786254883,11.845229148864746,11.840502558451796,11.837764462477221,11.823226326174808,11.835687430215874,11.85250186920166,11.847949075720242,11.841346605171754,11.841457441383998,877
12.7671480178833,12.757845878601074,12.755826950073242,12.752704173204567,12.766917266848967,12.665227550504381,12.707921386454883,12.718713760375977,12.734547170014292,12.736316905995631,12.738114300778967,878
11.910451889038086,11.90359115600586,11.90358829498291,11.90665513487831,11.946539781999538,11.905639778667323,11.871620253307968,11.90673542022705,11.907604452281172,11.906936240154247,11.916606149465217,879
11.805535316467285,11.80107307434082,11.799946784973145,11.815984466661165,11.858696499287058,11.868999474502564,11.805279811787527,11.801706314086914,11.813483209253118,11.818967216817732,11.828169766681746,880
11.971830368041992,11.96572208404541,11.968777656555176,11.954167305246735,11.963760006303973,12.001338044052154,11.980209295894994,11.944292068481445,11.967778415388947,11.968652804890091,11.96712378743328,881
12.301445960998535,12.299365043640137,12.301236152648926,12.283985967748977,12.256389644744983,12.27594804504006,12.275258273117315,12.258768081665039,12.278552103177784,12.28121658586464,12.275430971960413,882
12.050936698913574,12.03713321685791,12.03372859954834,12.039718807458968,12.06825819424901,12.053622921922726,12.057357821320261,12.06505298614502,12.058914247680582,12.051635943788488,12.054868625816571,883
11.792492866516113,11.748879432678223,11.73503589630127,11.729060776038203,11.66786390881209,11.77499132017369,11.740686765206473,11.69828987121582,11.690932828251245,11.730914851688125,11.716171201391163,884
11.565964698791504,11.574098587036133,11.579259872436523,11.601704283558854,11.623461445129278,11.660360857069511,11.637913577754011,11.627442359924316,11.648907233935647,11.613234768403975,11.616672119344292,885
12.446321487426758,12.438922882080078,12.440025329589844,12.464277424065742,12.434586734430926,12.459147990395053,12.515983857383132,12.503676414489746,12.51274833026303,12.46841005001381,12.458897806922797,886
11.965853691101074,11.96545696258545,11.97747802734375,11.976560132042117,11.943346650912483,12.072928676540096,12.035427481799221,11.982756614685059,11.95215165276049,11.985773321085526,11.976386233067945,887
11.889181137084961,11.899916648864746,11.898320198059082,11.886242129377031,11.876678092512213,11.81167391007823,11.835411409447365,11.851475715637207,11.82837378695875,11.864141447557731,11.865359659661278,888
12.562383651733398,12.574848175048828,12.602337837219238,12.604305388223793,12.47692674008664,12.630195870868983,12.763594598003406,12.607612609863281,12.588075820716043,12.601142299084847,12.562690637940172,889
12.019633293151855,12.026659965515137,12.025793075561523,12.020927744626352,12.032668343441864,11.960239106948508,11.90723739226766,11.997688293457031,11.981839444500258,11.996965184385576,12.009258298661607,890
11.66915512084961,11.669013023376465,11.67304515838623,11.664130162920891,11.65348713436629,11.683990344944325,11.625064910377663,11.604159355163574,11.655133269436826,11.655242053313541,11.655015881077274,891
12.013654708862305,12.02111530303955,12.020891189575195,12.009706150892939,12.066897436328972,12.032522880977078,11.985365403459483,12.032712936401367,12.00424593396961,12.020790215945167,12.035424350179833,892
11.895316123962402,11.903956413269043,11.90269947052002,11.868198603723974,11.92983553388291,11.871597253797455,11.908568703598567,11.870208740234375,11.876251925117014,11.891848085345083,11.89799542600055,893
11.914947509765625,11.871284484863281,11.869884490966797,11.940743586920036,11.931463778062144,11.935724176561418,11.966592627116707,11.934414863586426,11.952825516705285,11.924209003838635,11.915943058712141,894
11.656475067138672,11.685514450073242,11.692817687988281,11.655557514257826,11.724370046208001,11.734969523207306,11.702010726678697,11.715229034423828,11.716793009931264,11.698193006656346,11.711453388273405,895
11.975817680358887,11.986244201660156,11.985885620117188,11.971780842054978,11.9655520139092,12.029067615839017,12.020075119780271,12.035750389099121,12.009721902925508,11.99776615397159,11.997241246023133,896
11.378212928771973,11.41545581817627,11.414679527282715,11.397739159966541,11.481768369588593,11.370936425739295,11.30910491598513,11.371315002441406,11.365954387396759,11.389462948372076,11.414848907585041,897
11.80888843536377,11.829846382141113,11.830004692077637,11.780606900172137,11.843863333891635,11.846718109377568,11.883422979270154,11.87198543548584,11.83401399387086,11.836594473516746,11.843372627028456,898
13.052414894104004,13.051365852355957,13.050017356872559,13.052309497629327,13.081604311143677,13.046477454880431,13.14017169782568,13.06159496307373,13.080054693825122,13.06844563574561,13.063631520386249,899
11.806351661682129,11.804442405700684,11.80478286743164,11.779348888105504,11.79279558612671,11.860955593754204,11.817799974033269,11.851612091064453,11.83824317287116,11.817370248974417,11.820624750372772,900
11.6097412109375,11.598038673400879,11.595443725585938,11.60850126986437,11.653475250548796,11.680084932765126,11.682144586334902,11.66273307800293,11.6354667105592,11.636181048666627,11.639547648010518,901
11.94161605834961,11.940409660339355,11.94104290008545,11.934700823347928,11.965288883811658,11.90328107552821,11.889065909809263,11.920587539672852,11.882524667108676,11.92427972422811,11.932537455394382,902
12.105018615722656,12.110795974731445,12.112727165222168,12.123766313914707,12.080017721917004,12.093688901952603,12.0698834604833,12.112687110900879,12.090626499394936,12.099912418248854,12.098038164276185,903
12.421324729919434,12.410572052001953,12.412053108215332,12.421321935483629,12.408102154188013,12.427864296501014,12.39406482944788,12.388836860656738,12.38765515555309,12.407977235774121,12.406485709209875,904
11.655019760131836,11.632264137268066,11.633106231689453,11.669579296965848,11.693511738022995,11.71921705141156,11.751913781428117,11.742976188659668,11.712935726371217,11.69005821243875,11.688059779979593,905
11.677252769470215,11.680524826049805,11.679434776306152,11.673759276530056,11.71810320906767,11.790939009808708,11.824285412734595,11.767181396484375,11.758832773349557,11.73003482775568,11.729109018249778,906
12.490336418151855,12.452725410461426,12.451674461364746,12.503613282590969,12.516118410342916,12.44772302452448,12.462691042218934,12.47164249420166,12.48616290496168,12.475854160979852,12.47597453796257,907
12.29280948638916,12.32685375213623,12.329127311706543,12.259301556235782,12.257629887155954,12.351675205337427,12.389321113540118,12.34727954864502,12.409827962923888,12.329313980452236,12.323514100794805,908
11.751541137695312,11.744709968566895,11.749731063842773,11.78817014583593,11.763426949293963,11.799744160289913,11.801045031036084,11.820273399353027,11.808379152044438,11.780780111995371,11.776738304785821,909
12.090864181518555,12.091525077819824,12.092020034790039,12.117818765910215,12.069677548030409,12.079161786690438,12.053641209027145,12.140355110168457,12.123300348531783,12.095373784720763,12.094953665242093,910
11.982454299926758,11.987348556518555,11.986360549926758,11.941304421789674,11.963283175761802,11.917488571677978,11.857837168225792,11.914209365844727,11.948498535009488,11.944309404964615,11.954709486652975,911
11.950982093811035,11.941326141357422,11.936951637268066,11.922674889357316,11.8853741293772,11.927288734316576,11.916504778624354,11.927403450012207,11.908966822592483,11.924163630746294,11.918271022015933,912
11.49077033996582,11.48900318145752,11.488128662109375,11.520976821940422,11.578823906571374,11.536590924941981,11.562001713750403,11.464622497558594,11.446906127608784,11.50864713065603,11.512196048394737,913
11.989243507385254,12.020219802856445,12.016631126403809,11.904466654238405,11.895058326781616,11.892360224479589,11.89164493451072,11.950873374938965,11.89670565185688,11.939689289272408,11.943078737051804,914
11.995583534240723,11.992918968200684,11.988434791564941,11.983233493348768,12.019064235737128,12.06856804614225,12.004138976763105,12.024497032165527,12.045298174948423,12.013526361456838,12.02170393136392,915
11.358513832092285,11.40183162689209,11.406720161437988,11.387692667127475,11.363060807257984,11.35195251255149,11.350090502312357,11.383427619934082,11.405565965538058,11.378761743904867,11.381373486128135,916
10.82801342010498,10.667786598205566,10.68578815460205,10.979187828586593,10.96024707840546,11.106373352937423,11.181747929431092,10.85314655303955,10.948242848544913,10.912281529317514,10.871250975976096,917
11.793159484863281,11.787272453308105,11.782815933227539,11.753611889378753,11.817467022353553,11.751197380112151,11.730496031476193,11.775675773620605,11.78077591979215,11.77471909868137,11.78776347926443,918
12.480171203613281,12.449137687683105,12.447555541992188,12.468549954247951,12.469807693199849,12.475939262275423,12.469553276083648,12.472607612609863,12.4521678748902,12.465054456288389,12.462805294721958,919
12.162997245788574,12.14494514465332,12.14582633972168,12.162002242043808,12.129017902526032,12.097114479229617,12.045787268428175,12.08764934539795,12.070375222274567,12.116190576673747,12.116520608975726,920
12.165201187133789,12.156791687011719,12.161675453186035,12.190194004779961,12.18161307346313,12.171210845770199,12.165549993852215,12.176445960998535,12.156336680601331,12.169446542977434,12.168816799491104,921
12.003931999206543,11.991832733154297,11.991683959960938,12.408316196249416,12.171850999466374,11.986822007636619,12.059690071688136,12.059992790222168,12.010982733091545,12.076122610075114,12.053511336211873,922
12.120543479919434,12.11379623413086,12.113466262817383,12.124718977400974,12.100496735670047,12.075176301909458,12.038076299468042,12.059211730957031,12.075277767179472,12.091195976605855,12.091674825412259,923
12.14668083190918,12.174052238464355,12.180035591125488,12.175721433779241,12.177679281582495,12.193120161473434,12.156828829585763,12.166476249694824,12.15446844714489,12.169451451639965,12.17452992246948,924
12.243428230285645,12.239818572998047,12.239412307739258,12.22854054000333,12.25721761221338,12.171249990353031,12.122244592162236,12.167583465576172,12.182438856290004,12.20577046306901,12.216935836232068,925
11.967180252075195,11.966130256652832,11.965198516845703,11.979213937959646,11.99834227975855,11.958446325350366,11.92478508334587,11.951590538024902,11.963073560443712,11.96377341671742,11.971189375339662,926
12.615445137023926,12.5990571975708,12.594046592712402,12.599854257054723,12.6315459489897,12.558046428071473,12.518649958411435,12.541448593139648,12.572103207896328,12.581133035652272,12.589888817248278,927
12.099370002746582,12.107890129089355,12.110950469970703,12.116587402696634,12.109018448242109,12.163059504952868,12.137373006005543,12.1259126663208,12.135257459663714,12.122824343298703,12.122008898482868,928
12.417325019836426,12.42927074432373,12.429594039916992,12.394440405383442,12.412765344250541,12.444013179965511,12.401891572232236,12.399397850036621,12.43126595256965,12.417773789835016,12.422281723450359,929
12.270384788513184,12.278002738952637,12.281599998474121,12.260844542237056,12.245957649096772,12.3160762556377,12.357664330959274,12.314133644104004,12.35998378682149,12.298294192755138,12.289217087727247,930
12.281865119934082,12.28085994720459,12.282103538513184,12.309664762782509,12.26856100633192,12.22525725701953,12.25866708671044,12.292670249938965,12.25953037044422,12.273242148764384,12.269055557694,931
11.719494819641113,11.730316162109375,11.727124214172363,11.744305070257354,11.73242956257229,11.726698442928212,11.749297024430794,11.732293128967285,11.741359138900807,11.733701951553288,11.731855066062074,932
12.649527549743652,12.612405776977539,12.614189147949219,12.618099281184607,12.641836361908563,12.615658559686743,12.701999885919736,12.553831100463867,12.63722709144162,12.627197195030616,12.614141264225484,933
12.174728393554688,12.180512428283691,12.18439769744873,12.18471582778049,12.155825296710166,12.21015524823696,12.23670388257695,12.228347778320312,12.197006084269622,12.194710293020178,12.187491303826173,934
12.385214805603027,12.382715225219727,12.403727531433105,12.422330965653622,12.340012742465179,12.414786448334134,12.372947725016363,12.34388542175293,12.3314340804391,12.377450549546353,12.363985850942706,935
11.465320587158203,11.44864559173584,11.44489860534668,11.47234201181395,11.507626167699621,11.446360448697767,11.40977245379645,11.402934074401855,11.385222033374877,11.442569108225026,11.450439976775106,936
12.148675918579102,12.146430969238281,12.14969539642334,12.139631668038263,12.15283401985434,12.130399608295932,12.114301090951747,12.085407257080078,12.126394405331226,12.132641148199145,12.133913348675865,937
12.341901779174805,12.317753791809082,12.319221496582031,12.349743704858865,12.37831662097697,12.393650729616837,12.372027615793986,12.30588150024414,12.330326875991984,12.345424901672077,12.344818116172712,938
12.434991836547852,12.431678771972656,12.43253231048584,12.42120878925057,12.411763624137599,12.37600093651878,12.409127035371169,12.3949613571167,12.387853324535014,12.411124220659577,12.40758085943703,939
12.355732917785645,12.327181816101074,12.322647094726562,12.296664791003337,12.34869235646601,12.30645196522864,12.45985264096941,12.35544490814209,12.247484212134552,12.33557252250637,12.326210124140028,940
12.09607219696045,12.099339485168457,12.10882568359375,12.086995739831325,12.053732828961168,12.017393261853403,12.13948252149412,12.103180885314941,12.077130094416958,12.086905855288286,12.073189671047933,941
12.304086685180664,12.27363395690918,12.27704906463623,12.338923763584525,12.318306552877624,12.283984660703013,12.322360861051788,12.322951316833496,12.307808217507212,12.305456119920414,12.298950871820033,942
11.705156326293945,11.645644187927246,11.654295921325684,11.674850276099505,11.75981252478534,11.798504247549754,11.676295000468118,11.760872840881348,11.75677003720902,11.714689040282217,11.729483417282504,943
11.87435531616211,11.891403198242188,11.895224571228027,11.87673319866959,11.815001027993572,11.805181920313244,11.818990718922723,11.871158599853516,11.890734142996925,11.859864743820209,11.854575303406238,944
11.969736099243164,11.962992668151855,11.954425811767578,11.96373036235026,11.939417747894565,11.967608366921773,11.961044031700345,11.993961334228516,11.959115678668125,11.96355912232513,11.961772369806548,945
11.884759902954102,11.898488998413086,11.896594047546387,11.929975911413536,11.898803072690368,11.8700148813853,11.859204050879375,11.949549674987793,11.887029520723763,11.897157784554857,11.901452722925086,946
11.875977516174316,11.881148338317871,11.881804466247559,11.86612389053784,11.890865654786333,11.921455237292378,11.89045034015723,11.915923118591309,11.934963208811817,11.89541241899074,11.90095601995435,947
12.489724159240723,12.493246078491211,12.497614860534668,12.50984409060391,12.481257081759837,12.568965221811654,12.541678730008885,12.592100143432617,12.576613909013107,12.527893808321844,12.525684608962354,948
12.260760307312012,12.255463600158691,12.258157730102539,12.264039962747713,12.254777881294478,12.237240678565009,12.229071586387184,12.24629020690918,12.214583496180657,12.246709494406383,12.24683317047909,949
12.110122680664062,12.118556022644043,12.123870849609375,12.092263563832931,12.064291929119868,12.05992947915519,12.11155955908355,12.07913589477539,12.058368232495432,12.090899801264426,12.082439592191335,950
11.788054466247559,11.795592308044434,11.792561531066895,11.780414683494286,11.80251895535724,11.850085696139951,11.837546369183578,11.789392471313477,11.839274938759795,11.808382379956358,11.80902524807163,951
11.656586647033691,11.657502174377441,11.656587600708008,11.657805583883963,11.636467687064652,11.679545285951841,11.705812723380213,11.654083251953125,11.679418249989727,11.664867689371405,11.656695755904034,952
11.732549667358398,11.724649429321289,11.721970558166504,11.690386689408498,11.751725532600995,11.767006225654137,11.760167017714894,11.734529495239258,11.75435389837023,11.737482057092688,11.742962973132265,953
12.035492897033691,12.013016700744629,12.011627197265625,12.030237401380045,12.03447970818681,12.012664938087095,11.996407774157367,11.97728443145752,11.995449547306922,12.011851177291078,12.011245202407215,954
11.736772537231445,11.698970794677734,11.682084083557129,12.01391189315018,11.802541617494898,11.785437945619597,11.76007621738577,11.78535270690918,11.779925362189234,11.782785906468352,11.762422031967592,955
11.993220329284668,12.014800071716309,12.011960983276367,11.957943725825256,11.94527127827873,11.996169360909674,12.025639709885244,12.040121078491211,12.01920672932627,12.000481474110414,11.997555214699602,956
11.677216529846191,11.668413162231445,11.668530464172363,11.714206622675983,11.712599529972705,11.77823625567773,11.817766946493174,11.757076263427734,11.753979604968118,11.727558375496162,11.719814683245339,957
11.717799186706543,11.729496955871582,11.726865768432617,11.718666377827857,11.735162070462001,11.73150602017868,11.738398458922592,11.748326301574707,11.750844303211625,11.733007271465356,11.736630885753213,958
12.19008731842041,12.196566581726074,12.198243141174316,12.181321534035373,12.1563072829156,12.150261744426357,12.177742345229962,12.150595664978027,12.169638220490233,12.174529314821816,12.168540911473405,959
12.030254364013672,12.055617332458496,12.059531211853027,12.034516347817236,12.018434374016344,12.03315069744388,12.010832153729078,12.073769569396973,12.050623868571808,12.040747768811169,12.044544914577083,960
11.74887466430664,11.781585693359375,11.779576301574707,11.659395078949501,11.548742075062103,11.706536167944348,11.687447555515263,11.764128684997559,11.755007742310115,11.7145882182244,11.701159554832788,961
12.465389251708984,12.44347095489502,12.440897941589355,12.479205708803942,12.475043608350726,12.46399427491795,12.377409090426424,12.47588062286377,12.489621099714347,12.4567680614745,12.465211833057117,962
11.965664863586426,11.950400352478027,11.946592330932617,11.937874322994649,11.947151435962311,11.970569186336496,11.963859268559148,11.985429763793945,11.978295382941118,11.960648545287192,11.961027422220178,963
12.5308837890625,12.539620399475098,12.543659210205078,12.532608769687315,12.527803530303304,12.481773556673424,12.526161223593347,12.57474422454834,12.498281169412326,12.528392874773415,12.529264661231647,964
12.301568984985352,12.29736042022705,12.297861099243164,12.307709485787765,12.299042044176423,12.337463934998599,12.267834840521276,12.261034965515137,12.299459861380576,12.29659284853726,12.298019344521494,965
12.062056541442871,12.065540313720703,12.064393997192383,12.07898261802847,12.051789719162572,12.021451617987607,12.010153950523419,12.035197257995605,12.052659890249608,12.04913621181147,12.04911260407679,966
11.878555297851562,11.87083911895752,11.867714881896973,11.896391209915308,11.865167106749745,11.849843239565004,11.73113605872778,11.836783409118652,11.863062383999699,11.851054745198027,11.859924828178432,967
11.803628921508789,11.797174453735352,11.794818878173828,11.797348521577403,11.833099431991515,11.812914649674083,11.776726734030898,11.819701194763184,11.818589300377482,11.806000231759171,11.815210915243487,968
11.158356666564941,11.19868278503418,11.191740036010742,11.075984494004388,11.196275719595283,11.078890250244273,11.02249208679936,11.029546737670898,11.118195362880668,11.11890712653386,11.144872501535932,969
11.762150764465332,11.7827787399292,11.783904075622559,11.726774011049525,11.762289064910371,11.717507733494951,11.717924437630199,11.734777450561523,11.740258762050361,11.74759611552378,11.755449493182738,970
11.314066886901855,11.342744827270508,11.34716796875,11.341257704960753,11.499705898100443,11.217751730228983,11.139491836760351,11.254212379455566,11.24101256832105,11.299712422305502,11.3426571100353,971
12.085734367370605,12.103326797485352,12.099448204040527,12.092049697006535,12.116247235941573,12.088013467207498,12.09587497952744,12.096885681152344,12.104053593931825,12.097959335962633,12.103686925231527,972
11.68632984161377,11.675519943237305,11.671655654907227,11.66143892436078,11.708752954292736,11.737378937795643,11.758122853559927,11.716134071350098,11.718837655004231,11.70379675956908,11.70474508060078,973
12.24618148803711,12.244695663452148,12.2421236038208,12.219176093272916,12.2270497917533,12.190028149343833,12.19126127638999,12.193575859069824,12.210648718990736,12.21830451601452,12.220079963575566,974
12.008594512939453,12.059426307678223,12.061188697814941,12.011342962404356,12.01874391407767,12.07242197270636,12.16183015310917,12.132811546325684,12.096873977691564,12.069248227194157,12.065924780114209,975
12.076325416564941,12.09460735321045,12.099019050598145,12.090817120675062,12.040638011241706,12.033912142131712,11.978857127229741,12.041025161743164,12.043162996053656,12.05537381993873,12.056913270106012,976
11.42933464050293,11.414488792419434,11.41037654876709,11.644818987939061,11.391480478801705,11.314949980641552,11.393429249937004,11.397128105163574,11.382097235003638,11.419789335463998,11.387494330046882,977
12.203981399536133,12.204519271850586,12.202696800231934,12.201634448078108,12.234483432354848,12.192955715849976,12.17442477374886,12.204880714416504,12.208479680301785,12.203117359596527,12.211539036615978,978
11.527922630310059,11.529915809631348,11.530823707580566,11.549591554624431,11.561397474447585,11.569493528730666,11.475849438645318,11.581214904785156,11.562788380548861,11.543221936589331,11.556040997916096,979
11.82516860961914,11.83601188659668,11.830904960632324,11.8073160837478,11.835016057879644,11.843794784578588,11.820481507386432,11.839137077331543,11.816921329567426,11.828305810815507,11.835356965465216,980
12.217506408691406,12.239501953125,12.23035717010498,12.155127188138064,12.180829690542692,12.057375627700953,12.030770393609451,12.03210735321045,12.085312244282246,12.136543114378362,12.147247410437402,981
12.630435943603516,12.631319046020508,12.628320693969727,12.621888473947084,12.663081043697055,12.726362192125947,12.694750562967002,12.671256065368652,12.687504676004776,12.661657633078251,12.666211875104512,982
12.009814262390137,12.014298439025879,12.017334938049316,12.026232209858899,12.020217546661838,12.07479763393087,12.036244519293055,12.040918350219727,12.080743890077716,12.035622421056381,12.036017814187005,983
12.423968315124512,12.426852226257324,12.43155574798584,12.427097335064163,12.40083946888472,12.46026522489734,12.448296979028823,12.480113983154297,12.484097231365968,12.442565167973664,12.439192372352199,984
11.748290061950684,11.742650032043457,11.74735164642334,11.744542251361375,11.71133064578671,11.701535117349318,11.76468756669303,11.743345260620117,11.731004791979961,11.737193041578665,11.726962847321436,985
11.758804321289062,11.763021469116211,11.757858276367188,11.700829278624877,11.733083853567337,11.753901359634023,11.810552692976001,11.751768112182617,11.733254483053496,11.751452649645648,11.74852408921342,986
11.747482299804688,11.781045913696289,11.782233238220215,11.741592572301325,11.713009465350993,11.73800421288646,11.793744800241882,11.863045692443848,11.807718647387698,11.774208538037046,11.772144781418751,987
12.873881340026855,12.861892700195312,12.860617637634277,12.862729789621111,12.86957621978772,12.918461343915459,12.970164188573213,12.917141914367676,12.893893559185374,12.892039854811888,12.88449962315383,988
12.104876518249512,12.117375373840332,12.12326717376709,12.125869106460915,12.145884358706104,12.183009515901842,12.204106899346883,12.170553207397461,12.174898165190154,12.149982257651143,12.149376329378086,989
12.19748592376709,12.212820053100586,12.213486671447754,12.170645139140253,12.176379364753524,12.166532720427286,12.118147087164443,12.174823760986328,12.163776139682223,12.177121873385499,12.184794171948852,990
12.616973876953125,12.617987632751465,12.616617202758789,12.602966693383518,12.641633951425074,12.62929942914326,12.612035312344117,12.629231452941895,12.642799394782395,12.623282771831517,12.630552059104879,991
12.01537036895752,12.004912376403809,12.011178016662598,12.07612621210614,11.994095941656296,12.153932134261174,12.06588459224774,12.088191986083984,12.131951695612914,12.060182591554685,12.050426112808731,992
12.186788558959961,12.194141387939453,12.194245338439941,12.180145350647322,12.214867609897574,12.154734454030221,12.152613434336907,12.170207023620605,12.186200603184798,12.181549306784088,12.189409873351815,993
12.075183868408203,12.083003997802734,12.083209037780762,12.048677234448196,12.060687563781483,12.059440751221999,12.01853611700539,12.061973571777344,12.040159755088295,12.058985766368266,12.06554381519147,994
12.816473960876465,12.835978507995605,12.840324401855469,12.804729057915747,12.811364404235457,12.73635780356434,12.735259303160571,12.803305625915527,12.768505989371594,12.794699894987865,12.80236052857258,995
11.669925689697266,11.671747207641602,11.667454719543457,11.657257146033599,11.681422424155482,11.687165676010244,11.710028684037104,11.654879570007324,11.65840028229642,11.67314237771361,11.672516398531663,996
11.771489143371582,11.775728225708008,11.779966354370117,11.780015243433136,11.791898897107716,11.804473180555744,11.84384880473519,11.82597827911377,11.820552602683025,11.799327859008697,11.797170457986876,997
11.930936813354492,11.971687316894531,11.973773002624512,11.946111618382993,11.963037301820789,12.006638474425346,11.94366640910736,11.939546585083008,11.995156884165336,11.963394933984265,11.971692810304727,998
11.217338562011719,11.27305793762207,11.27431583404541,11.293534394376483,11.333123884882458,11.409744570833237,11.376019673917883,11.335495948791504,11.367216347574693,11.319983017117274,11.329403736245288,999
12.149452209472656,12.157780647277832,12.159103393554688,12.16273521196975,12.159931520779645,12.158071057649869,12.146209819543344,12.126798629760742,12.149810750931563,12.152210360104455,12.152580936518612,1000
11.111992835998535,11.070337295532227,11.093527793884277,11.225056456981337,11.255900969187751,11.139510835690045,11.107686964432492,10.935751914978027,10.799463281742078,11.082136483158529,11.08103297564288,1001
11.3361177444458,11.346017837524414,11.343921661376953,11.378393654015294,11.451658799987671,11.421555226713782,11.393432282454178,11.396086692810059,11.406963009108859,11.386016323159668,11.40048685758131,1002
12.380637168884277,12.359004020690918,12.362099647521973,12.40933481574327,12.421972103368324,12.41366985652334,12.388705745450471,12.40878963470459,12.398110681951032,12.393591519426467,12.396377327952,1003
11.949877738952637,11.95063304901123,11.950750350952148,11.936269770706904,11.884361907070355,11.91550088447018,11.933875452328515,11.904675483703613,11.891280516349358,11.92413612817166,11.913670224690676,1004
12.14826488494873,12.133794784545898,12.131997108459473,12.150961142112397,12.162719058502349,12.155582441531042,12.121411120968162,12.143988609313965,12.161496897056931,12.14557956082655,12.14946594475403,1005
11.83232307434082,11.839842796325684,11.832329750061035,11.788129033632593,11.829470377814049,11.828199689677232,11.804772602125611,11.816790580749512,11.814518396066793,11.820708477865924,11.82891695178393,1006
12.081864356994629,12.055183410644531,12.064390182495117,12.100867465767159,12.036489873331167,11.959178549607538,12.071192695999834,11.983540534973145,12.020692741105366,12.041488867879833,12.020921115106052,1007
11.3771333694458,11.390670776367188,11.396154403686523,11.418758458549302,11.4014987162581,11.335964642583884,11.379980453346906,11.406533241271973,11.40292809546455,11.38995801744158,11.389543096713613,1008
12.380227088928223,12.375696182250977,12.37494945526123,12.399729615187514,12.367612601007757,12.341376307649478,12.346498433574451,12.309723854064941,12.30876013954893,12.3560637419415,12.35079591179867,1009
11.536172866821289,11.541258811950684,11.537358283996582,11.604271284234073,11.532248474664685,11.52569428558449,11.51230016908382,11.505757331848145,11.492354556217308,11.531935118266786,11.525641719759829,1010
11.756210327148438,11.744860649108887,11.738921165466309,11.737366113620165,11.796286988042725,11.785071405607034,11.681138814372993,11.717682838439941,11.769755001997236,11.74747703375597,11.76306793507142,1011
11.595608711242676,11.58841323852539,11.59272289276123,11.46135640596981,11.631524409446003,11.597029231175002,11.701748115484794,11.585970878601074,11.615176527118459,11.596616712258271,11.603929494409215,1012
12.056107521057129,12.057027816772461,12.058157920837402,12.021059261194942,12.05237298981371,12.052675387468406,11.966317545635194,12.055619239807129,12.045480742240438,12.040535380536314,12.05367168956589,1013
11.43472671508789,11.44527530670166,11.451993942260742,11.498384903660781,11.479392673325032,11.482879524197571,11.549225167662843,11.44903564453125,11.415138680266288,11.467339173077116,11.457525984605049,1014
11.635128021240234,11.63486385345459,11.638779640197754,11.663865279011299,11.632487700177224,11.645156155315771,11.633805377933676,11.681514739990234,11.661098132524117,11.647410988871654,11.645992014902841,1015
12.236574172973633,12.258960723876953,12.267355918884277,12.264031759048084,12.243958475806325,12.239743980706262,12.210671852376578,12.24272632598877,12.277398633053597,12.24904687141272,12.251383139923135,1016
12.332967758178711,12.330270767211914,12.331243515014648,12.32064285048256,12.306706417512403,12.317589749005407,12.299833277425723,12.309103965759277,12.285360847924945,12.314857683168398,12.313809197655251,1017
12.136341094970703,12.157865524291992,12.157764434814453,12.12106835688598,12.164737970503053,12.099246198426185,12.117150748643873,12.128135681152344,12.145207698401842,12.13639085645449,12.145108690924136,1018
12.009725570678711,12.017951011657715,12.025395393371582,12.027145235827884,11.99046192218328,12.044497871174691,12.040943459028052,12.04488468170166,12.03358093383102,12.0260651199394,12.020252986886018,1019
12.162013053894043,12.15333366394043,12.152008056640625,12.155990391025043,12.167709678021449,12.164401321909336,12.169841697686085,12.162044525146484,12.169542547784049,12.161876104005282,12.162001981453866,1020
11.932034492492676,11.922192573547363,11.921431541442871,11.946641554539072,11.93887697079664,11.980717161407577,11.958344490989331,11.951655387878418,11.946515173479055,11.944267705174779,11.94258945271757,1021
12.213709831237793,12.218181610107422,12.219619750976562,12.22706062160881,12.215977973588364,12.190038321222918,12.191407229410224,12.16717529296875,12.20258659427456,12.205084136155046,12.203624676524916,1022
11.597485542297363,11.608681678771973,11.60930061340332,11.612908281227,11.62138890901093,11.63017879396932,11.68018694547285,11.648731231689453,11.59121803860613,11.622231114938705,11.619899793162094,1023
12.133673667907715,12.119819641113281,12.119073867797852,12.151100253721909,12.129594524441647,12.16337395119856,12.162592060228077,12.14098072052002,12.146824247512171,12.140781437160136,12.135091004286435,1024
12.593757629394531,12.573917388916016,12.571579933166504,12.607252181968105,12.554464778810647,12.606243617238295,12.631596404884874,12.622366905212402,12.617831818138043,12.597667850858825,12.585717212581159,1025
11.694816589355469,11.696821212768555,11.6944580078125,11.683247704921644,11.722101688582443,11.736859359369134,11.777640898133034,11.711615562438965,11.725840523017402,11.715933505155459,11.71502430160622,1026
11.841538429260254,11.869772911071777,11.87037181854248,11.836929166048128,11.86806469767774,11.860776098190385,11.849834764184735,11.887475967407227,11.877510646682023,11.862474944340528,11.871665559631777,1027
12.599348068237305,12.592052459716797,12.594305038452148,12.615783202148311,12.590666553674112,12.73542902186095,12.745541283038074,12.735482215881348,12.720210503665712,12.658757594074974,12.649141584069522,1028
11.654489517211914,11.669697761535645,11.675044059753418,11.66838807335625,11.652986167023862,11.735369718011492,11.731951132003962,11.71605110168457,11.697179956475425,11.689017498561837,11.68502216047637,1029
11.702683448791504,11.694314956665039,11.694084167480469,11.687494069872567,11.681292737115937,11.713686070674928,11.695604030039648,11.695693969726562,11.670677221605747,11.692836741330266,11.69128177927341,1030
11.79096794128418,11.811120986938477,11.807120323181152,11.556152319793,11.652137940051135,11.787904054069655,11.860808960872099,11.804201126098633,11.794885971215802,11.762811069278236,11.761286358733175,1031
12.375605583190918,12.297714233398438,12.304420471191406,12.393874003572197,12.28645634436582,12.280360162286588,12.408922996911123,12.2568998336792,12.279809713700738,12.32045148247738,12.283637929066268,1032
12.681099891662598,12.691720962524414,12.690815925598145,12.682638450476823,12.692744974214841,12.671731625473372,12.716482939224695,12.664382934570312,12.673895766687608,12.685057052270311,12.682811629607933,1033
12.356273651123047,12.366249084472656,12.366708755493164,12.349735321810149,12.402926531496185,12.386417248155439,12.375399056448243,12.377141952514648,12.356018831023338,12.370763381392985,12.379919848638638,1034
11.675806045532227,11.728355407714844,11.728139877319336,11.652195685842834,11.676352539987912,11.685427278085788,11.68012149949624,11.722955703735352,11.693877787031015,11.693692424971726,11.703335485311289,1035
11.265514373779297,11.233366012573242,11.240182876586914,11.326221774835227,11.307400505594362,11.241506322871349,11.22488030371457,11.244410514831543,11.337273538847205,11.268972913737079,11.267618525533154,1036
12.68577766418457,12.678108215332031,12.681432723999023,12.680061425888383,12.694822058428956,12.694233337202792,12.66379584885573,12.70265007019043,12.731858618435986,12.690304440279768,12.69466730139914,1037
12.408363342285156,12.415878295898438,12.418976783752441,12.435646962574332,12.432651172184174,12.447773658283742,12.428076209705727,12.459774017333984,12.471541664483789,12.435409122944641,12.438064548950184,1038
11.431641578674316,11.447103500366211,11.44973087310791,11.645083222852008,11.523214143461596,11.56231919661985,11.49411503448956,11.604835510253906,11.574457927763328,11.52583344306541,11.523588381714289,1039
11.237948417663574,11.22183895111084,11.22184944152832,11.254343481982122,11.210074227276154,11.283896128691616,11.227947394976196,11.276510238647461,11.271475971270695,11.245098250349663,11.241675093745453,1040
11.8537015914917,11.894780158996582,11.911538124084473,11.950508932658224,11.90239807557528,11.945247375863255,11.969322396472409,11.973020553588867,11.940904908892875,11.926824679735963,11.921677407930275,1041
11.995698928833008,12.014188766479492,12.015871047973633,11.991805461064283,11.992362699387995,12.006829810310377,12.06154795755312,12.027660369873047,12.019644353769085,12.013956599471559,12.009875548843333,1042
12.181239128112793,12.179431915283203,12.1752290725708,12.17768642221052,12.187385977587976,12.187507535805562,12.14482369604948,12.116069793701172,12.132573430243038,12.164660774618284,12.167633755245477,1043
12.46200942993164,12.4464693069458,12.448636054992676,12.47538446011334,12.450464826670833,12.433715402832796,12.420454746697887,12.514802932739258,12.481304296335145,12.459249050806598,12.460398400498654,1044
12.68124008178711,12.67978286743164,12.649310111999512,12.659066463199995,12.612197569320308,12.600166200249433,12.556822663501984,12.627397537231445,12.612663430332642,12.630960769450454,12.634140214589415,1045
11.787679672241211,11.742179870605469,11.729202270507812,11.715944911527368,11.79046100225368,11.746938764616226,11.753500515514661,11.74447250366211,11.734458330698349,11.74942642684743,11.755675815693124,1046
13.012146949768066,13.012681007385254,13.000984191894531,13.006673239002103,13.035201346775745,13.034721563151288,13.013060192520872,13.068944931030273,13.011192260788443,13.021733964701843,13.030969961458482,1047
11.898608207702637,11.891708374023438,11.884438514709473,11.87805993694517,11.89971558244361,11.879402208805708,11.871948042227215,11.86438274383545,11.89830696067287,11.885174507929507,11.888412969276656,1048
11.820116996765137,11.79404067993164,11.791115760803223,11.842116469437247,11.890240973719228,11.809039311103518,11.760060407938969,11.790582656860352,11.8076046349792,11.811657543504278,11.823497006076202,1049
11.487480163574219,11.511065483093262,11.508403778076172,11.521604472004784,11.489245245450755,11.544729269680987,11.598553008729958,11.569131851196289,11.550056175068324,11.531141049652751,11.523439034863229,1050
12.125520706176758,12.134610176086426,12.139151573181152,12.130130245913236,12.08411415954992,12.107111420002827,12.100505606274583,12.126158714294434,12.122356769929702,12.118851041267671,12.114100906918683,1051
12.171701431274414,12.179548263549805,12.183772087097168,12.181537791637318,12.122558988975278,12.116240949121496,12.179326307772474,12.197603225708008,12.140809540707485,12.16367762064927,12.153526885352772,1052
12.035661697387695,12.062211990356445,12.072864532470703,12.064818733271416,12.042097365466612,12.052054805056317,12.060770556998445,12.024580955505371,12.018580139037024,12.048182308394448,12.044546779681513,1053
11.847399711608887,11.864409446716309,11.875576972961426,11.881983534839721,11.85819012475957,11.871783336004317,11.811662965231912,11.850690841674805,11.879195979345136,11.860099212571344,11.8631256040049,1054
12.463112831115723,12.46200180053711,12.465643882751465,12.475499551659786,12.443309141881326,12.480156545738401,12.50351319104061,12.530136108398438,12.498180860381245,12.48017265705601,12.474305088313226,1055
12.042828559875488,12.049664497375488,12.046562194824219,12.047379369182,12.033506214303895,12.020434163925772,11.993649210697198,12.00063705444336,12.013998102352755,12.027628818553353,12.029319125633142,1056
12.299707412719727,12.286067962646484,12.281489372253418,12.29129910878783,12.291716507562024,12.23857917827343,12.243607783505793,12.21890640258789,12.231622453800858,12.264777353570828,12.264150352789889,1057
12.459068298339844,12.45356273651123,12.453607559204102,12.436852281297615,12.422075282542275,12.331060597937904,12.332724560500901,12.329659461975098,12.34439399896277,12.39588941969686,12.39563527118564,1058
12.77143669128418,12.77121639251709,12.769966125488281,12.777470249812676,12.809174726037236,12.747295375592897,12.821315939816548,12.75554370880127,12.7849232847771,12.778704721569698,12.777080974421061,1059
12.241150856018066,12.25557804107666,12.250396728515625,12.178702605127139,12.194998064892244,12.161307443002526,12.168887274475415,12.186750411987305,12.179870880759212,12.201960256206021,12.206173372230941,1060
12.240777969360352,12.267242431640625,12.261436462402344,12.19822515856278,12.229255076294406,12.20411423351534,12.20585167064579,12.229180335998535,12.214044170997235,12.227791945490823,12.235895806720542,1061
11.357403755187988,11.239777565002441,11.2457857131958,11.471491485884291,11.575328735315884,11.539695743783508,11.400948766138507,11.26780891418457,11.269105866853117,11.374149616171792,11.383058601244347,1062
11.716650009155273,11.71078109741211,11.713303565979004,11.74486673869244,11.76833018136409,11.670216296980568,11.766663371707068,11.730127334594727,11.734712865328135,11.728405717912601,11.7263245142808,1063
11.695733070373535,11.684591293334961,11.691465377807617,11.768280345613004,11.666564989812107,11.786648272820374,11.780107522232937,11.7974271774292,11.78388913929825,11.739411909858,11.723134164675532,1064
11.911919593811035,11.918242454528809,11.917073249816895,11.91085741021989,11.938002689246792,11.940898288566387,11.963885840187244,11.894598960876465,11.933729293460742,11.925467531190474,11.924784296630476,1065
12.550442695617676,12.532909393310547,12.528938293457031,12.519084045926009,12.596919299425766,12.579655043428291,12.580865402454288,12.59333610534668,12.584271038594517,12.5629357019512,12.572425975041783,1066
12.076089859008789,12.085517883300781,12.082404136657715,12.080328729430356,12.078371963773419,12.084582749645637,12.111011979698318,12.057257652282715,12.072655166978207,12.080913346752883,12.077510402805128,1067
12.159810066223145,12.146085739135742,12.139177322387695,12.10984670604605,12.124619815397116,12.09762137850336,12.046210337604723,12.069578170776367,12.070411602202809,12.107040126475223,12.112837808611594,1068
12.042487144470215,12.065104484558105,12.0703763961792,12.109039293796673,12.01396796734572,12.083021459576432,12.049534741145882,11.997910499572754,12.115304414041697,12.060749600076297,12.04815088062395,1069
11.797456741333008,11.762019157409668,11.75546646118164,11.763552289813582,11.76954699207224,11.755512803571952,11.817617350494212,11.760408401489258,11.793699039863473,11.775031026358782,11.766225570888235,1070
11.780533790588379,11.773797988891602,11.773831367492676,11.770337448657585,11.74704610706477,11.820928156913137,11.81200731708306,11.799481391906738,11.788793479297311,11.785195227543916,11.77902466379432,1071
11.92691707611084,11.9442720413208,11.949929237365723,11.93162675256665,11.930212478406608,11.956936774549831,11.94973498667828,11.971914291381836,11.943688669606725,11.945025811998589,11.946644689162266,1072
11.60281753540039,11.587471961975098,11.593156814575195,11.632242433340135,11.538866050978813,11.583604809931517,11.53685564291577,11.60778522491455,11.554653224711249,11.581939299860302,11.573376939839623,1073
11.880748748779297,11.877633094787598,11.883711814880371,11.901771814375138,11.904596488546858,11.939506873643108,11.887300736654343,11.919092178344727,11.908993634605746,11.90037282051302,11.904013187749566,1074
12.14010238647461,12.147415161132812,12.149142265319824,12.137118535455667,12.150482017498273,12.170015102878514,12.181042851826824,12.161198616027832,12.134747626816981,12.152362729270148,12.152423239152691,1075
12.20971965789795,12.178016662597656,12.178872108459473,12.146469574419847,12.194529740655305,12.182509960337281,12.221406407206842,12.196475982666016,12.18102157268975,12.187669074103347,12.186492234124877,1076
11.944167137145996,11.903127670288086,11.900009155273438,11.918100183987306,12.015785986523161,11.986652971524988,11.942456952091874,11.92896842956543,11.964010223513831,11.94480874554601,11.956773920002034,1077
11.813725471496582,11.80984115600586,11.806641578674316,11.807646302770653,11.801712380341352,11.809218428836402,11.842234529424886,11.810765266418457,11.828219215140765,11.814444925456584,11.80960927506015,1078
11.88140869140625,11.873044967651367,11.874593734741211,11.89592300123401,11.881501657032201,11.860370563805636,11.84145838427733,11.877435684204102,11.878403706826848,11.87379337679766,11.874797394478035,1079
11.774825096130371,11.76319694519043,11.760578155517578,11.756445017628966,11.806713564823855,11.814800289786202,11.79628708904429,11.843249320983887,11.833952442525256,11.794449769070091,11.803004298386444,1080
12.0888090133667,12.101844787597656,12.100478172302246,12.097421854800688,12.107731187865797,12.027765278464296,12.062863346928141,12.05770492553711,12.049190831111378,12.077089933108223,12.080026351337589,1081
11.714329719543457,11.70146656036377,11.699793815612793,11.726374362028038,11.744712256950779,11.80388091541033,11.789767186842967,11.784225463867188,11.786365682716863,11.75010177370402,11.750511904649072,1082
12.161892890930176,12.172286033630371,12.17388916015625,12.167006273100759,12.158291933488973,12.192535599419834,12.161015789039233,12.18584156036377,12.200653614391308,12.174823650502297,12.176566730261253,1083
11.911717414855957,11.906227111816406,11.909346580505371,11.920693353483493,11.918912372555612,11.895273986216857,11.892378693106005,11.913851737976074,11.910030973018454,11.908714691503803,11.90974688609637,1084
12.122901916503906,12.11007308959961,12.108441352844238,12.097224927259376,12.100487707113484,12.12111549455481,12.138241483705034,12.115503311157227,12.137206822080579,12.11679956720203,12.112786812283188,1085
11.975339889526367,11.98953914642334,11.991930961608887,11.974589983671219,11.997021422919872,11.951495195648386,11.926705242559128,11.944330215454102,11.963228380048326,11.968242270873292,11.976004205253545,1086
11.458368301391602,11.464759826660156,11.462113380432129,11.488495708986338,11.470968602732928,11.4196117056874,11.403600280342108,11.470963478088379,11.407605948660956,11.449609692553555,11.45486781989033,1087
12.487845420837402,12.485748291015625,12.484150886535645,12.492156373799643,12.496672446197847,12.475761054341518,12.453648381778905,12.472701072692871,12.489293011303726,12.481997437611465,12.485567875596024,1088
11.882587432861328,11.912662506103516,11.919330596923828,11.91529177508119,11.82084659622881,11.79565855363737,11.782382550455067,11.873085021972656,11.808170445411845,11.856668386519512,11.853054179257661,1089
12.238497734069824,12.230984687805176,12.231499671936035,12.244678965384074,12.244290163514224,12.232387114174216,12.244772485559393,12.236772537231445,12.24062442580239,12.238278642830753,12.236790320484749,1090
11.337041854858398,11.334538459777832,11.339672088623047,11.333030081440686,11.351790869464338,11.352681190229353,11.410314211422827,11.379622459411621,11.360819798132702,11.355501223706755,11.351946836773632,1091
11.959033966064453,11.969911575317383,11.96953296661377,11.960148091836775,11.98959403973588,12.007022925056894,11.969411043686534,11.954870223999023,11.983058478852637,11.973620367907039,11.979671020702362,1092
12.029642105102539,12.005472183227539,11.999279975891113,12.01386840663563,11.967676399610957,12.024132926986596,11.995101000266192,12.04539680480957,12.023384734280738,12.011550504090097,12.006133308718278,1093
12.01005744934082,11.996011734008789,11.991331100463867,11.997492090164549,12.004452437996676,11.964539617756014,11.965901264427636,11.9442777633667,11.940379114655704,11.979382508020082,11.97954738669167,1094
11.769684791564941,11.762099266052246,11.761051177978516,11.768781452348222,11.762271818435025,11.79224343143379,11.782500265336896,11.747220993041992,11.754321357324127,11.766686061501751,11.763308659091031,1095
12.068493843078613,12.052521705627441,12.051161766052246,12.072694478930627,12.06360432408411,12.101766520367653,12.064124474425325,12.041908264160156,12.070354895419376,12.065181141349505,12.062892065576822,1096
11.709891319274902,11.712486267089844,11.713488578796387,11.85495940016449,11.661726269126119,11.694209570734557,11.675172148113528,11.697530746459961,11.651435205774476,11.707877722837141,11.687043997311626,1097
11.959490776062012,11.98067569732666,11.976734161376953,11.952153055795225,11.932872973409841,11.965261120260026,11.98371031103803,11.983339309692383,11.927616187601735,11.962428176951429,11.96014289002009,1098
11.662814140319824,11.651521682739258,11.640677452087402,11.62065093996458,11.685784183083099,11.651372832483556,11.613262697877442,11.642634391784668,11.658389384208776,11.647456411616512,11.6601968728056,1099
11.99808406829834,12.018030166625977,12.021950721740723,12.017215009006659,12.038472552581085,12.068138482093389,11.915745284800751,12.012970924377441,11.987949631919394,12.008728537938195,12.026929914534398,1100
10.914339065551758,10.933281898498535,10.924620628356934,10.94177099602006,11.012771297083809,10.97832646096123,10.909121249804672,10.9976806640625,10.957478061501122,10.952154480204513,10.974570842806399,1101
11.669608116149902,11.655463218688965,11.65524673461914,11.687130970442038,11.70436681331052,11.690888378625639,11.709589267016023,11.692033767700195,11.685819000884884,11.683349585270813,11.683128156392517,1102
11.756952285766602,11.787592887878418,11.789359092712402,11.78844401045001,11.816567290060723,11.795431897936039,11.768081002990051,11.79764175415039,11.717493612958076,11.77972931498919,11.790900267588384,1103
11.935138702392578,11.959973335266113,11.96764087677002,11.925920409325308,11.91845114706355,11.892872477192148,11.891767660152205,11.906023025512695,11.883892216557669,11.92018665002581,11.922103731990195,1104
11.596073150634766,11.586194038391113,11.585278511047363,11.572538920961275,11.614160028492716,11.672863520465665,11.671858207914688,11.60682487487793,11.64270160507216,11.616499206428632,11.615752508413257,1105
12.693432807922363,12.715433120727539,12.716261863708496,12.676281530347264,12.704266490577867,12.610138631967722,12.600000841402318,12.642032623291016,12.670147335860745,12.669777249533928,12.680463722590709,1106
12.175013542175293,12.175045013427734,12.179908752441406,12.20464225166276,12.145630965383138,12.206707097313581,12.188096886583066,12.174095153808594,12.182661349274,12.181311223563286,12.1722242258538,1107
12.453940391540527,12.45193099975586,12.44727897644043,12.440879088270368,12.414384815527495,12.391473395467889,12.337739032079648,12.401665687561035,12.383415408671231,12.413634199479386,12.417510334035008,1108
12.039933204650879,12.047850608825684,12.048518180847168,12.052553411974149,12.061347023289734,12.04690136902287,12.03076369078373,12.07548713684082,12.067311504507723,12.052296236749195,12.057923429029863,1109
12.627206802368164,12.620806694030762,12.619698524475098,12.634999560398605,12.625740247174077,12.669549261123214,12.62905740758768,12.618120193481445,12.639739929272638,12.63165762443463,12.630809534040132,1110
12.095560073852539,12.099990844726562,12.099225044250488,12.08767554620218,12.089660455501972,12.10944481250056,12.076123672700895,12.080076217651367,12.084834356671113,12.091399002673073,12.09372104716234,1111
12.132219314575195,12.152695655822754,12.155952453613281,12.146056886374772,12.172560280352508,12.167593159940449,12.113184357565295,12.15545654296875,12.16630345067249,12.15133578909839,12.162193683527583,1112
11.717439651489258,11.703880310058594,11.695073127746582,11.677237500033227,11.687788567664333,11.727398430039809,11.690886347657953,11.714188575744629,11.709601129791402,11.702610404469532,11.705145759250286,1113
11.837212562561035,11.823366165161133,11.8223295211792,11.83362443967086,11.836680812770515,11.775128050315594,11.792024525165479,11.786131858825684,11.813308814048986,11.813311861077608,11.812951533094681,1114
11.681658744812012,11.66732406616211,11.666915893554688,11.696542380641585,11.698831378640257,11.731907444015139,11.725522323581297,11.680706977844238,11.685923923444545,11.692814792521766,11.689474906486353,1115
12.681857109069824,12.684529304504395,12.68189811706543,12.645800647736444,12.678369233392658,12.634975709905634,12.60528731177292,12.632858276367188,12.638733479449952,12.653812132140494,12.662479458559067,1116
12.170951843261719,12.173615455627441,12.176025390625,12.178979648933964,12.13379074838546,12.12101870981569,12.162288374572977,12.146742820739746,12.150250272579447,12.15707369606016,12.14824746846513,1117
11.779106140136719,11.793569564819336,11.796854019165039,11.803472063873505,11.78569176740808,11.83080806356389,11.856608237155044,11.844490051269531,11.849127881323907,11.815525309857229,11.81088737437852,1118
11.817819595336914,11.783211708068848,11.772907257080078,11.80742565080488,11.87172340701134,11.822946756127392,11.864788222508315,11.819005966186523,11.829956851919944,11.821087268338248,11.82397874786303,1119
11.723085403442383,11.734408378601074,11.735822677612305,11.71593381230741,11.778526016401823,11.684962106192893,11.694737003049848,11.718393325805664,11.6744364679917,11.717811687933901,11.730419180746681,1120
11.598734855651855,11.640813827514648,11.640583038330078,11.620765382102757,11.68491826493703,11.605410816870176,11.53228293530002,11.575533866882324,11.659130452018507,11.617574826623043,11.639192819529871,1121
12.334906578063965,12.332576751708984,12.33214282989502,12.33549680171085,12.340293266161689,12.284205149748495,12.289221233082388,12.309152603149414,12.301719796492366,12.317746112223684,12.320634539128594,1122
11.37005615234375,11.341575622558594,11.35925579071045,11.42762830015306,11.391025484496685,11.370362738250703,11.407892369515366,11.38654899597168,11.322987622632878,11.375259230737019,11.364611234099192,1123
11.47839069366455,11.483182907104492,11.474502563476562,11.154613543585015,11.285901064491101,11.477807730558185,11.494381521049856,11.508333206176758,11.462000410992058,11.424345960122064,11.430073221236288,1124
12.004998207092285,12.006627082824707,12.012465476989746,12.028555922723985,12.004563154569206,12.037057787574309,12.105466290889382,12.08382797241211,12.060869507564771,12.038270155848943,12.028645628544638,1125
11.533829689025879,11.564255714416504,11.570688247680664,11.552816276106633,11.607223263381071,11.616813954361758,11.589189396046633,11.634133338928223,11.621734535315827,11.587853823918131,11.601010199953743,1126
12.179487228393555,12.165573120117188,12.164684295654297,12.18338195857293,12.215565536202716,12.223423319462162,12.179199061447695,12.202500343322754,12.174646237798564,12.187606788996874,12.19460533598875,1127
12.354026794433594,12.365509033203125,12.373601913452148,12.395468576917418,12.367636837765717,12.42778698988944,12.426444150336048,12.314269065856934,12.209809368366006,12.35939474780227,12.350446954267225,1128
12.27902889251709,12.284303665161133,12.288013458251953,12.294893677548128,12.271901070417933,12.302756465834133,12.289282560895648,12.256815910339355,12.286341656008341,12.283704150774858,12.279368476963098,1129
11.787376403808594,11.763863563537598,11.757763862609863,11.759658901679204,11.796953366961167,11.772594278245203,11.799748586279788,11.77204704284668,11.78797496187697,11.777553440871674,11.778077761096673,1130
11.843266487121582,11.767176628112793,11.766881942749023,11.880341818362577,11.811650806426469,11.90610550295472,11.885773893862467,11.893195152282715,11.880039948459816,11.848270242259128,11.831785914097917,1131
11.63995361328125,11.606657028198242,11.5995454788208,11.39885238044792,11.51877782155456,11.565246331458292,11.458840458903572,11.593939781188965,11.582871874498245,11.551631640927983,11.571961854241467,1132
11.86312198638916,11.841336250305176,11.827188491821289,11.862438499114624,11.87444911776714,11.825637356401131,11.756670126961993,11.789169311523438,11.819179323936655,11.828798940468957,11.837400083133975,1133
12.339872360229492,12.340433120727539,12.346193313598633,12.362272466866015,12.342112740398699,12.34240909302395,12.398582606323108,12.44277572631836,12.42183752183378,12.370720994368842,12.36626263249709,1134
12.09009838104248,12.076085090637207,12.073147773742676,12.08840931858878,12.08918231524706,12.07937079111199,12.090175451528983,12.102437019348145,12.081743732439072,12.08562776374293,12.084999305252737,1135
11.540327072143555,11.526182174682617,11.523109436035156,11.53035871419358,11.587670188155338,11.534147479133429,11.53201725443506,11.507872581481934,11.53879375955059,11.535608739979029,11.542597052653464,1136
11.721064567565918,11.716326713562012,11.709633827209473,11.723396433694717,11.726624342635793,11.751540893092756,11.75064959943096,11.75644588470459,11.722946709092113,11.73095877455426,11.731430971128626,1137
11.360557556152344,11.397247314453125,11.386351585388184,11.411819266609314,11.38440121968159,11.39238175547747,11.279041536584758,11.385869026184082,11.363780520917272,11.373494420160904,11.387648004752254,1138
12.290271759033203,12.268672943115234,12.273478507995605,12.274861013548378,12.261467793382893,12.223170548016048,12.181203903363004,12.148513793945312,12.194912581862065,12.235172538251303,12.232939838666484,1139
11.647706031799316,11.64989948272705,11.659380912780762,11.71890106949752,11.699245577384875,11.759453445112918,11.719226397056362,11.74235725402832,11.700646617687033,11.699646309786017,11.699612429774554,1140
11.743840217590332,11.762299537658691,11.762746810913086,11.733456064528898,11.743932176997445,11.671668676066535,11.755420745601961,11.736319541931152,11.702402037570257,11.73467620098426,11.733580166462259,1141
12.128211975097656,12.133289337158203,12.131806373596191,12.125923527452539,12.10036641934396,12.102200333349234,12.099613057440541,12.098077774047852,12.095365968314239,12.11276164064449,12.11006006943892,1142
12.840080261230469,12.83474063873291,12.83448600769043,12.835624053921741,12.862206043458205,12.909478364623018,12.953516688213531,12.8817138671875,12.873496579428911,12.869482500498524,12.864796793230912,1143
11.543939590454102,11.475838661193848,11.477141380310059,11.454121272447992,11.58183670657541,11.469506853432998,11.53510507512316,11.446366310119629,11.444996541272817,11.492094710103334,11.49600509162719,1144
11.393964767456055,11.41556167602539,11.419574737548828,11.457722826381335,11.453593997729667,11.415254768174307,11.259705196859331,11.372857093811035,11.428768720784207,11.401889309418907,11.4204705965133,1145
11.73745346069336,11.735611915588379,11.732084274291992,11.725640746017502,11.745659483853514,11.81707128441576,11.832636416712582,11.795921325683594,11.828024685127604,11.772233732487143,11.769678637368518,1146
12.11077880859375,12.087996482849121,12.093971252441406,12.099115023344526,12.13082950593292,12.106816037313513,12.030149042351228,12.039271354675293,12.054292101477985,12.083691067664414,12.09107855960405,1147
12.101787567138672,12.09915542602539,12.08965015411377,12.059925096815292,12.117238542979239,12.117014401290241,12.18911986726857,12.100783348083496,12.13173643383252,12.111823426394132,12.110415827798228,1148
11.62259292602539,11.652599334716797,11.65693187713623,11.666428380655567,11.655027682486933,11.602932387185962,11.755666091019757,11.628401756286621,11.636027824281829,11.652956473310565,11.640401496267074,1149
11.984108924865723,12.011786460876465,12.0087251663208,11.930941414339337,11.954013494884471,11.851322047964576,11.798608165802257,11.898786544799805,11.927366952293259,11.929517685794075,11.945498864482518,1150
11.65195369720459,11.684106826782227,11.690384864807129,11.66172281002773,11.667475177620373,11.734908149684985,11.73725161713722,11.729870796203613,11.707631046534669,11.696144998444726,11.69677957339308,1151
11.932576179504395,11.917552947998047,11.921855926513672,11.98122495890059,11.922261347628995,11.890118372056564,11.978633193287154,11.96764087677002,11.925475305604987,11.93748212314049,11.923763675819956,1152
12.333294868469238,12.346944808959961,12.344986915588379,12.295947915756113,12.37511328605409,12.207384887593712,12.317566778659579,12.290590286254883,12.272522152650474,12.309372433331825,12.317461015493965,1153
11.631970405578613,11.648508071899414,11.65481948852539,11.675037664820696,11.699370262750422,11.697329081442195,11.684662504987713,11.62661361694336,11.690183188011972,11.66761047610664,11.670434634852334,1154
12.341926574707031,12.325175285339355,12.326678276062012,12.377446743842782,12.316865518355003,12.274631347722504,12.342456081617426,12.318814277648926,12.28213346439079,12.322903063298426,12.309980964515571,1155
12.264791488647461,12.263346672058105,12.261407852172852,12.2261884932981,12.256498427412309,12.19027716733176,12.156664115750889,12.16083812713623,12.165552123972757,12.216173829753384,12.22401126657037,1156
12.10684585571289,12.128046035766602,12.123839378356934,12.091879004149044,12.142077679256042,12.119697745497517,12.083429251883882,12.127462387084961,12.092136954075395,12.112823810198142,12.126798074067649,1157
12.240699768066406,12.236795425415039,12.238048553466797,12.245791437884318,12.244986951146808,12.23821122103191,12.253633449512995,12.208727836608887,12.220005309271864,12.236322216933893,12.232955142132187,1158
12.316427230834961,12.283016204833984,12.279080390930176,12.328962607323469,12.36919930121141,12.36782471784049,12.403513772394335,12.397322654724121,12.379591707307673,12.347215398600067,12.34760208044995,1159
12.140536308288574,12.11292839050293,12.116429328918457,12.14779063425047,12.150927308524777,12.086674796069996,12.104683725597585,12.117862701416016,12.11677693907323,12.121623348071337,12.120743579541388,1160
11.86581039428711,11.849298477172852,11.848005294799805,11.84248642028756,11.890620891842813,11.888204410111635,11.902730359120303,11.890503883361816,11.90188458333763,11.875504968257948,11.878482574551194,1161
12.331174850463867,12.333342552185059,12.330118179321289,12.320234948152683,12.303730539441597,12.248490458484069,12.279135322800528,12.241079330444336,12.30103556649789,12.298704638643478,12.294613274046977,1162
11.711729049682617,11.697988510131836,11.696930885314941,11.713196352728554,11.745805824158246,11.774755135003234,11.786563689588588,11.745885848999023,11.756847176571702,11.73663360801986,11.736196580592882,1163
11.74913501739502,11.783214569091797,11.800697326660156,11.787508479113397,11.778573568366502,11.832129620016515,11.82866174164949,11.802812576293945,11.809136413140319,11.796874367969682,11.794942358833085,1164
12.179965019226074,12.181997299194336,12.182581901550293,12.16727379888925,12.148513731800277,12.174348215986786,12.19262287965497,12.14954948425293,12.148219396073424,12.169452414069816,12.162902927234668,1165
12.248044967651367,12.259115219116211,12.25716495513916,12.25185488412706,12.249936586098949,12.317907879931559,12.302624751025204,12.288285255432129,12.286847114304459,12.273531290314011,12.272765903860888,1166
12.36827278137207,12.378578186035156,12.38137149810791,12.368665581985393,12.392446152229939,12.475565807066769,12.457208322727805,12.49058723449707,12.387278947831083,12.4111082790948,12.415437832224402,1167
12.157611846923828,12.167093276977539,12.167501449584961,12.156078700269319,12.187200529924649,12.14330505961327,12.181037065661618,12.16090202331543,12.157979072349125,12.164301002735526,12.167195465788675,1168
12.2730712890625,12.238899230957031,12.23875904083252,12.248854847057311,12.222671201822587,12.200919539272869,12.26567650058244,12.220118522644043,12.20752546143119,12.235166181518055,12.222588891565698,1169
13.15456771850586,13.15475845336914,13.157090187072754,13.173381326498983,13.214967913061711,13.216814915731625,13.159571035722836,13.255553245544434,13.227271295389134,13.190441787877386,13.204192703036417,1170
12.053079605102539,12.022130012512207,12.019241333007812,12.014971933545656,12.037214340681324,11.88013125308042,11.883900608783884,11.975488662719727,11.994413417108529,11.986730129615788,11.995197553547623,1171
12.019323348999023,12.017312049865723,12.016885757446289,12.008709503075472,11.992958947489797,11.990698749518211,12.013799622769511,12.015777587890625,11.993366658070167,12.00764802501387,12.003985813089031,1172
11.998268127441406,12.001436233520508,12.000812530517578,11.99896585143272,11.981607510357433,12.00619783551114,12.024769990888538,11.989917755126953,12.003039672788605,12.000557278620542,11.995000100772295,1173
12.325862884521484,12.270694732666016,12.264631271362305,12.07602773944825,12.001325355012222,12.3661063087924,12.46309898450981,12.27825927734375,12.281394583566408,12.258600126358072,12.212979226511923,1174
12.296034812927246,12.300642967224121,12.290374755859375,12.242140448750845,12.336832986706247,12.379042617854783,12.322628287040382,12.263111114501953,12.316677441665874,12.305276159170093,12.317614169182374,1175
12.613186836242676,12.612222671508789,12.609170913696289,12.592504696986385,12.602398216842257,12.604338600676448,12.579045840365259,12.639959335327148,12.607908978604565,12.606748454472202,12.612393176168627,1176
11.706893920898438,11.708978652954102,11.711381912231445,11.713277526842495,11.733475819453835,11.789905317637713,11.799988371199738,11.809192657470703,11.794252469582382,11.751927405363428,11.752607627816152,1177
11.605202674865723,11.613434791564941,11.616690635681152,11.60171851515237,11.632014736979535,11.640720134592945,11.682719209666589,11.630621910095215,11.597034049516157,11.624461850901625,11.623535211863004,1178
11.771736145019531,11.78388786315918,11.78369140625,11.773278809541516,11.777571344337114,11.774839189500701,11.779087443810218,11.809540748596191,11.822535319658632,11.786240918874785,11.789052759565426,1179
11.43412971496582,11.413799285888672,11.41135025024414,11.518111835687932,11.417701558034294,11.528758004721835,11.516405554786404,11.500760078430176,11.490562098788432,11.470175375727523,11.453687387645527,1180
12.33877182006836,12.376550674438477,12.377148628234863,12.357463041339699,12.322718509278697,12.357130724250686,12.415453011197792,12.34606647491455,12.284523218593382,12.352869566924056,12.344326785406075,1181
12.609609603881836,12.615859985351562,12.610458374023438,12.573851976763846,12.618922094424091,12.603233188194976,12.622383769699516,12.590149879455566,12.57935855771188,12.602647492167414,12.60686987004417,1182
13.233564376831055,13.266311645507812,13.267942428588867,13.289387861471631,13.27162974814595,13.182353145591229,13.133189550872217,13.111918449401855,13.207839287539809,13.218237388216714,13.224527699592198,1183
11.895431518554688,11.878534317016602,11.871192932128906,11.872738624220727,11.898443720553319,11.907144762261124,11.924783750486055,11.928001403808594,11.898487522002801,11.897195394559201,11.898230663939835,1184
12.26601791381836,12.299969673156738,12.317334175109863,12.273512016573788,12.243596191161265,12.221283149444144,12.192850519105605,12.222746849060059,12.207567133257465,12.249430846743032,12.25086855763484,1185
11.701583862304688,11.689898490905762,11.691293716430664,11.691850143177549,11.641344046075565,11.763491451408761,11.734278253745744,11.717935562133789,11.730787274044072,11.706940311136288,11.696099967446221,1186
11.465112686157227,11.534991264343262,11.553178787231445,11.578289393577837,11.519982210353858,11.593947014382653,11.575396798642407,11.61082935333252,11.552010532700974,11.553748671191352,11.55345163972444,1187
12.52919864654541,12.53618049621582,12.53724479675293,12.497421018445674,12.508460370069171,12.503136083764083,12.512282023264275,12.524284362792969,12.533503565514948,12.520190151485032,12.52157254872201,1188
12.134697914123535,12.141561508178711,12.145071983337402,12.156260451078051,12.140287929322275,12.131331605563142,12.122648845198945,12.152981758117676,12.151187993452767,12.141781109819167,12.142581675369932,1189
12.159302711486816,12.168561935424805,12.167863845825195,12.157208957172656,12.167410837221416,12.187863235889695,12.206467833075076,12.19874382019043,12.19594588027322,12.178818784062146,12.178803875795678,1190
12.160497665405273,12.19680404663086,12.197028160095215,12.144095651618038,12.174362857493058,12.06055835341825,12.014118491774196,12.054265975952148,11.94793700205635,12.105518689382599,12.121609037628447,1191
12.056872367858887,12.069202423095703,12.06978988647461,12.041083920580657,12.052366940505658,12.056930482624804,12.087392403814864,12.101507186889648,12.06846803524542,12.067068183010027,12.067925017920704,1192
11.707688331604004,11.748144149780273,11.754043579101562,11.743049421602418,11.794130058839746,11.784492954612162,11.721162169880902,11.744781494140625,11.71340153574229,11.745654855033775,11.761835930582135,1193
11.994978904724121,11.986763000488281,11.992203712463379,12.004187799142198,11.984892513544974,11.981903145097363,11.97820875580655,11.987640380859375,12.004281941711477,11.990562239315302,11.98753477536521,1194
11.956464767456055,11.949580192565918,11.942167282104492,11.916965072420393,11.969880488333024,11.924951335453507,11.896888908475725,11.874648094177246,11.884719055883947,11.924029466318924,11.932653712189333,1195
12.008613586425781,12.019861221313477,12.02208423614502,12.02432821555427,12.009160018341527,12.017427849183367,12.045265817994718,12.006451606750488,11.989606382171203,12.015866548208871,12.011215927079121,1196
12.3663330078125,12.372000694274902,12.375055313110352,12.369315606441411,12.347809706791297,12.315896939437991,12.290133822280623,12.361992835998535,12.359659398737653,12.350910813876139,12.354294416336513,1197
11.943309783935547,11.940241813659668,11.940221786499023,11.940672793565062,11.907189347735143,11.932448909792956,11.966938968613976,11.931452751159668,11.982580352018866,11.942784056331101,11.933093432412532,1198
12.037405967712402,12.039730072021484,12.041145324707031,12.027719215525284,12.020904926941775,12.09689351930389,12.08040888222252,12.094106674194336,12.059533012759367,12.055316399487566,12.05371962237163,1199
11.877015113830566,11.860227584838867,11.855860710144043,11.851366665268595,11.895741677608163,11.865241829051907,11.853353931502328,11.844555854797363,11.831302452184264,11.859407313247344,11.865124041419165,1200
11.476887702941895,11.477123260498047,11.468055725097656,11.47813941803172,11.505116680104939,11.532694998345855,11.541367249661606,11.543277740478516,11.526953399017234,11.50551290824194,11.508798627115953,1201
12.178951263427734,12.195169448852539,12.197270393371582,12.164209505069362,12.17988705065794,12.204352872927268,12.19020268616363,12.202617645263672,12.193034979162615,12.18952176054404,12.193283990382039,1202
11.763343811035156,11.785266876220703,11.778413772583008,11.724766954124545,11.805916632619857,11.81392787073989,11.765908077030522,11.812925338745117,11.79294395761462,11.782601476745935,11.800364488307983,1203
12.213977813720703,12.220272064208984,12.221284866333008,12.205986760243146,12.205636775689507,12.279104021269438,12.28722085305898,12.254950523376465,12.255224760228849,12.238184270903231,12.234080694751583,1204
11.895706176757812,11.899391174316406,11.900928497314453,11.906592850423316,11.919244392572962,11.910809917458966,11.911117702669587,11.90381908416748,11.930438741708201,11.90867205970991,11.910490703407719,1205
12.541589736938477,12.537574768066406,12.538458824157715,12.542392798019348,12.52942672046647,12.487087634588686,12.469128667808194,12.550323486328125,12.500698226765907,12.521853429237702,12.52616232777858,1206
11.695655822753906,11.726475715637207,11.721672058105469,11.679553328040218,11.73346342488148,11.62903220618646,11.672170180077723,11.679094314575195,11.705977449670849,11.693677166658723,11.704438093172627,1207
12.277172088623047,12.268173217773438,12.266165733337402,12.277616904805612,12.281390125546745,12.260844336316344,12.223250293497387,12.182616233825684,12.209597161046517,12.249647343863575,12.250768639971982,1208
11.850029945373535,11.882305145263672,11.882018089294434,11.84826337952897,11.877677435364694,11.860358347888349,11.876115802573969,11.889126777648926,11.862172229872206,11.869785239200972,11.876819089943442,1209
12.616903305053711,12.58857250213623,12.587605476379395,12.613929304217276,12.600651027500964,12.645831344263947,12.645930182592771,12.600470542907715,12.603823493540382,12.61152413095471,12.603734128848522,1210
12.194212913513184,12.172329902648926,12.167604446411133,12.197797609484287,12.220744853817385,12.17219186473134,12.146338213181856,12.153820991516113,12.152173670567864,12.175246051763565,12.180487258535003,1211
12.290811538696289,12.317215919494629,12.322421073913574,12.306568401319105,12.306550590978144,12.202467866523728,12.221451750604862,12.308955192565918,12.251972921310577,12.280935028378536,12.289395871996398,1212
11.326492309570312,11.354424476623535,11.357989311218262,11.334954226485195,11.38010928356311,11.361855333327407,11.267893158133507,11.315913200378418,11.278487027028078,11.330902036258646,11.348331130639325,1213
11.845109939575195,11.876752853393555,11.862791061401367,11.788090977192901,11.844198292880508,11.712890410436124,11.714260562228025,11.754743576049805,11.744082134247364,11.793657756378316,11.810346224192575,1214
11.783180236816406,11.763776779174805,11.762287139892578,11.775387091521399,11.775443244403007,11.766915894116234,11.790484646772102,11.762866973876953,11.771948382203298,11.772476709864087,11.76815103999467,1215
11.607877731323242,11.597559928894043,11.595163345336914,11.64813594835008,11.679942074889471,11.663429652286828,11.667889986985607,11.65301513671875,11.632909451590717,11.638435917375073,11.642405793748706,1216
11.77730941772461,11.764933586120605,11.781631469726562,11.789354633802391,11.784208451771212,11.759695077225231,11.771378879952898,11.80575180053711,11.750016708362125,11.776031113913639,11.774462205117814,1217
12.339570999145508,12.352542877197266,12.354968070983887,12.339013947756246,12.349818373866517,12.335688160451047,12.482924307918909,12.394082069396973,12.411129693920588,12.373304277848549,12.362223865463827,1218
11.246964454650879,11.25737190246582,11.258007049560547,11.034582757304634,11.08063729807706,11.15347404440753,11.091143748581445,11.192291259765625,11.165110949807826,11.164398162735706,11.173545823903025,1219
11.385899543762207,11.396817207336426,11.395733833312988,11.368307425212151,11.48635724293815,11.466161787685042,11.482872212229497,11.470563888549805,11.483311856312255,11.43733611081539,11.452479555448308,1220
11.518989562988281,11.509746551513672,11.514944076538086,11.583215309183643,11.631321827870561,11.65657831552506,11.600980922719847,11.652069091796875,11.64389974345218,11.5901939335098,11.60153857651748,1221
11.737485885620117,11.735527992248535,11.732398986816406,11.73120405600488,11.77670486097162,11.776280578265869,11.743353834867685,11.741022109985352,11.761964052133614,11.74843803965712,11.756426711217282,1222
11.931617736816406,11.94559097290039,11.95655632019043,11.969270917710068,11.925515156379534,11.959158021915504,11.97126985403611,11.962472915649414,11.928800993781412,11.950028098819919,11.942998958193327,1223
11.865446090698242,11.846367835998535,11.857490539550781,11.922022764335194,11.870326075944929,11.718787122221663,11.776066226274816,11.745789527893066,11.669343689389787,11.807959985811891,11.799511218075397,1224
12.234304428100586,12.242424964904785,12.245779991149902,12.261137151802473,12.226424475511482,12.161915760840811,12.183852705340499,12.183948516845703,12.193916671845153,12.214856074037932,12.211793945985917,1225
11.85444164276123,11.865666389465332,11.862631797790527,11.828819086991386,11.866051020841427,11.890286699519045,11.833184253509502,11.820669174194336,11.826862659166121,11.849845858248768,11.858003572541355,1226
12.349784851074219,12.326476097106934,12.322589874267578,12.358712011111749,12.36478928986377,12.304369819567524,12.183407252005251,12.26892375946045,12.26704548085971,12.305122048368576,12.318232699006817,1227
11.907243728637695,11.895010948181152,11.890128135681152,11.866050072240114,11.895947921955388,11.888499893305815,11.89048121154574,11.83765697479248,11.880455608352296,11.883497166076872,11.883546413226913,1228
12.807770729064941,12.795319557189941,12.791009902954102,12.776122752903726,12.765589207415644,12.761478952057242,12.84380759859383,12.830102920532227,12.82284131716138,12.799338104208113,12.790752270454139,1229
11.870023727416992,11.866562843322754,11.861311912536621,11.846551908430154,11.879103574453154,11.869074276344284,11.863499846055133,11.858440399169922,11.85906147146521,11.863736662132691,11.868269016026074,1230
12.208048820495605,12.231082916259766,12.223580360412598,12.203116203559102,12.207269884334664,12.207736184021899,12.153572905753578,12.196703910827637,12.225382995267879,12.206277131214748,12.215015550530959,1231
11.80057144165039,11.794771194458008,11.793267250061035,11.821098186077744,11.840546763704717,11.87135768197989,11.831242028604612,11.901200294494629,11.880384006895447,11.837159871991831,11.844646232507351,1232
11.501157760620117,11.530365943908691,11.53827953338623,11.504368990268848,11.467996879316498,11.531541809725791,11.59270985226346,11.529212951660156,11.548547403573586,11.527131236080375,11.515154053102147,1233
11.751054763793945,11.79202938079834,11.794690132141113,11.78730707487419,11.823109326348868,11.8313759524877,11.831875408360721,11.840374946594238,11.814339256582747,11.80735069355354,11.81641959645506,1234
11.617681503295898,11.643068313598633,11.637781143188477,11.291827903720332,11.478396853267979,11.545536267835564,11.646076957968695,11.665499687194824,11.601506761041408,11.5697083767902,11.582928049969121,1235
11.885951042175293,11.864520072937012,11.860727310180664,11.853802841243931,11.933691356848977,11.90148039244253,11.81795117794793,11.876834869384766,11.910267919299123,11.878358553606692,11.895688646568102,1236
12.019180297851562,12.048580169677734,12.047172546386719,12.008133102835846,12.008864063292007,12.001583326238842,11.989129559245665,12.042880058288574,11.998945959255837,12.018274342563643,12.024692241499512,1237
12.262927055358887,12.268299102783203,12.27363109588623,12.269347494705855,12.22519847238701,12.270709912706517,12.278170422772433,12.252751350402832,12.273595557519114,12.263847829391343,12.254875456551158,1238
11.832627296447754,11.825685501098633,11.837480545043945,11.858635110986938,11.859751145288238,11.877618788303158,11.86329220667927,11.832711219787598,11.825476254765672,11.845919785377912,11.843690209332042,1239
12.357943534851074,12.360655784606934,12.366133689880371,12.366572726754384,12.352808985186586,12.290502932362116,12.29542281274312,12.315889358520508,12.30961067649926,12.335060055711596,12.335707838769643,1240
12.245733261108398,12.244126319885254,12.244576454162598,12.255135928063961,12.264533214486924,12.24242217095595,12.237992054116972,12.207578659057617,12.251243480841339,12.243704615853225,12.24434369649092,1241
12.467541694641113,12.45242691040039,12.450887680053711,12.435394805984226,12.447107406289826,12.376116616293805,12.426587198586013,12.373493194580078,12.387456948133064,12.424112494995804,12.420303778070117,1242
12.054189682006836,12.07021713256836,12.076520919799805,12.073809349944856,12.087674206439877,12.055888755879668,12.02843283007686,11.929558753967285,11.879391992886184,12.028409291507748,12.030118445343886,1243
13.000933647155762,13.008485794067383,13.010383605957031,12.987958565584812,12.992160138270965,12.975275886783022,13.009150127113736,12.97524642944336,12.970429006833864,12.992224800134439,12.989806997605095,1244
12.24090576171875,12.234333992004395,12.232268333435059,12.18720284625363,12.209580481904522,12.207517355049573,12.24473977878562,12.278407096862793,12.231694999058663,12.229627849452555,12.230464706271345,1245
12.208686828613281,12.200398445129395,12.195733070373535,12.208785841198026,12.224590259072212,12.162915330080306,12.15085425241975,12.1196870803833,12.164006223091553,12.181739703373484,12.184747520523231,1246
12.195472717285156,12.202459335327148,12.20205020904541,12.16607296646607,12.183219518323217,12.200969032457357,12.211232594956678,12.173050880432129,12.189607534727243,12.19157053211338,12.190868268086584,1247
11.899090766906738,11.883316040039062,11.88292407989502,11.909016677167653,11.957691670005318,11.890163004395628,11.876455584337728,11.866281509399414,11.913526002579621,11.897607259414022,11.905169079371818,1248
11.842487335205078,11.86298942565918,11.860815048217773,11.84569984234145,11.816140077446548,11.930230821225809,11.87089552728056,11.922719955444336,11.76466718608922,11.857405024323327,11.859141049721979,1249
11.688353538513184,11.687390327453613,11.684778213500977,11.6939486182311,11.701674856196869,11.739341572010217,11.774005282041648,11.763985633850098,11.725121522547207,11.717622173816101,11.715181509144168,1250
12.5564546585083,12.54773998260498,12.540277481079102,12.500769954682536,12.490071740551258,12.503847622764294,12.455413051500779,12.4175443649292,12.450971007816696,12.49589887382635,12.49434514334602,1251
12.13471794128418,12.121097564697266,12.123108863830566,12.148649661778549,12.119383424473082,12.14640791695952,12.060883217309517,12.061084747314453,12.099618467004493,12.112772422739068,12.112369697388697,1252
11.56893253326416,11.59673023223877,11.605815887451172,11.619915110057104,11.65592903036318,11.6743399457746,11.694401846970868,11.699555397033691,11.677032530551129,11.643628057078297,11.6492965954439,1253
12.529365539550781,12.495952606201172,12.495059967041016,12.551948540813882,12.52284028429914,12.498722314521167,12.498610015890934,12.432796478271484,12.503973710206722,12.503252161866254,12.494407991852437,1254
12.149674415588379,12.128151893615723,12.13040542602539,12.16689047245226,12.139960344803075,12.11816845609409,12.126840156788477,12.118498802185059,12.149512183046815,12.13645579451103,12.1306427050102,1255
11.76913070678711,11.810050964355469,11.814453125,11.78757829107272,11.765018780775053,11.770108428705607,11.804026056985059,11.789408683776855,11.80861596810273,11.79093233395118,11.788411804820477,1256
12.63619327545166,12.641746520996094,12.638583183288574,12.625509378868252,12.623774349888023,12.668240619737738,12.58290675457843,12.67099666595459,12.61993049242759,12.634209026798993,12.643071700226017,1257
11.334977149963379,11.330889701843262,11.331117630004883,11.212663562936314,11.185030409235791,11.396746042109157,11.426008081933917,11.380816459655762,11.356735952637,11.328331665591051,11.311199745241803,1258
12.181116104125977,12.171682357788086,12.175065040588379,12.184906800066694,12.176571269209832,12.147797698236952,12.120052712399918,12.120244026184082,12.149530152749078,12.158551795705444,12.158928720191243,1259
11.996963500976562,12.006746292114258,12.007057189941406,11.970906593024782,11.952792781967958,11.949936975621554,11.881327996717621,11.91722583770752,11.923844611866068,11.95631130888197,11.960510433820092,1260
12.168562889099121,12.147672653198242,12.143865585327148,12.142164195680339,12.173527082497126,12.143183476653485,12.161431362969301,12.119281768798828,12.119392864138897,12.146564653151387,12.1465565382974,1261
11.731245040893555,11.72459602355957,11.721168518066406,11.732527804396007,11.73704149821686,11.732435112838687,11.733033370544838,11.752450942993164,11.722580593124018,11.731897656070347,11.73342472914761,1262
11.850936889648438,11.829560279846191,11.822453498840332,11.820633592631241,11.86917344226192,11.801468180122013,11.829017509565606,11.837319374084473,11.802278163288317,11.829204547809836,11.83471909817309,1263
12.050867080688477,12.067887306213379,12.057674407958984,12.020176302636168,12.105415310327734,12.035155180628683,12.016699977931015,12.058616638183594,12.034917454929047,12.049712184388563,12.068455890162427,1264
12.005579948425293,12.0018949508667,12.000752449035645,12.014888107795404,11.959330672622329,12.06651339671469,12.035980377705298,12.002869606018066,12.04352022027928,12.014592192162521,12.004154928898853,1265
12.10094928741455,12.113142013549805,12.11524772644043,12.103246130362406,12.080713155076387,12.048676370266524,12.033175839785516,12.058173179626465,12.060224286040004,12.079283109840231,12.08043283017528,1266
11.706595420837402,11.737689018249512,11.752973556518555,11.760946727447287,11.723947774768545,11.849146873261066,11.919227415219819,11.811017990112305,11.857180687723343,11.790969496015315,11.774542431108777,1267
12.734635353088379,12.736002922058105,12.735152244567871,12.719684374133841,12.748135194564382,12.715495601889723,12.815908931625904,12.755755424499512,12.742368051656365,12.744793122009343,12.740206733060534,1268
12.784151077270508,12.825291633605957,12.817997932434082,12.741968673268458,12.80469994066509,12.785408697149625,12.834178176128816,13.047740936279297,12.85142893125231,12.83254066645046,12.852437685859398,1269
11.835260391235352,11.825752258300781,11.820930480957031,11.81103366706223,11.84882309903965,11.82329254087104,11.841729197345503,11.818916320800781,11.841776125235372,11.829723786760859,11.832317466781893,1270
12.327223777770996,12.38467025756836,12.38138198852539,12.370368870236987,12.362208810702938,12.378377206355674,12.343864280726779,12.34861946105957,12.268553810792762,12.351696495971051,12.359522889858436,1271
12.063398361206055,12.05536937713623,12.05190372467041,12.040555737319188,12.017104041602686,12.082238509175914,12.07545438292136,12.044448852539062,12.069025268069353,12.05549980607114,12.048454643625037,1272
11.774842262268066,11.756879806518555,11.75623893737793,11.791519490205326,11.830935719237726,11.832022894653848,11.829887263549365,11.803377151489258,11.812589813504719,11.798699259867199,11.801495043644563,1273
12.030932426452637,12.073705673217773,12.08838939666748,12.075284305212671,12.018017846450375,11.965286219635487,12.013904527264517,12.009544372558594,12.033705341821376,12.0343077899201,12.028109955828628,1274
11.82148265838623,11.884111404418945,11.877923965454102,11.813653875411044,11.771868538988423,11.768239859420957,11.761869685535203,11.756022453308105,11.789003363213421,11.804908422681827,11.805794927839012,1275
11.866740226745605,11.812198638916016,11.815394401550293,11.804851329159852,11.774791569962522,11.859867203965777,11.859663421050236,11.853547096252441,11.809186319572467,11.828471134130577,11.815201063760604,1276
11.998200416564941,11.999794960021973,12.000932693481445,11.998274011205474,12.012320067565168,11.98810318415654,12.033285055844063,11.996967315673828,11.975684628967452,12.00039581483121,11.998532162975437,1277
12.164509773254395,12.155838966369629,12.156119346618652,12.181496657840771,12.155028833288743,12.10583270290267,12.133793308510567,12.112903594970703,12.124036413528996,12.143284399698347,12.138076397231327,1278
12.414051055908203,12.420668601989746,12.426040649414062,12.429817394030213,12.413587965032635,12.436450341352245,12.487747685188467,12.513562202453613,12.497364159455769,12.44881000609166,12.444080593940996,1279
11.353964805603027,11.225869178771973,11.246533393859863,11.460372443756032,11.474234562309775,11.491835776266678,11.505685611168953,11.225473403930664,11.340085571822577,11.369339416387728,11.344674065394148,1280
12.252134323120117,12.262348175048828,12.266514778137207,12.255021943555619,12.257644287738913,12.244405890632217,12.266738461649838,12.263863563537598,12.272367658589024,12.260115453556596,12.259752310636921,1281
12.204689979553223,12.183414459228516,12.173901557922363,12.190037491889601,12.166805498928255,12.105703192278776,12.105291778997376,12.137950897216797,12.127785091190335,12.15506443857836,12.154367161228986,1282
11.917464256286621,11.943970680236816,11.94621467590332,11.893837604804844,11.871368129993536,11.876110112893182,11.88294308742726,11.937631607055664,11.926760718519413,11.910700097013407,11.911346655186708,1283
11.833271026611328,11.844846725463867,11.85140323638916,12.210784970021223,11.9119362497849,11.804569981220626,11.914081817908817,11.87992000579834,11.850763463418266,11.900175275179613,11.863681339914933,1284
12.116191864013672,12.099491119384766,12.093632698059082,12.146681194371403,12.113753859226192,12.074169224215542,12.150705891236997,12.125802040100098,12.128061637175014,12.116498836420307,12.106981306368356,1285
11.781676292419434,11.786348342895508,11.784245491027832,11.746164195164047,11.800546225098381,11.769010131337446,11.774114674162435,11.805013656616211,11.786952108737026,11.781563457495368,11.790796021249289,1286
11.922607421875,11.931286811828613,11.933110237121582,11.929789062681689,11.949789758999119,11.976838873471022,11.998521904762379,11.964234352111816,11.99492812811293,11.955678505662684,11.955011095438294,1287
12.081742286682129,12.086318969726562,12.090569496154785,12.082339236668977,12.18567317176805,12.08685761085281,12.093338904620582,12.09031867980957,12.11588031068508,12.101448740774284,12.117430389268801,1288
12.439765930175781,12.456172943115234,12.453994750976562,12.402039465177383,12.429198152925062,12.499521094288077,12.486861675157439,12.448307037353516,12.49719949625772,12.457006727269642,12.458133533991653,1289
12.558728218078613,12.555450439453125,12.556057929992676,12.563151043659351,12.571300941462342,12.525660260358881,12.533906331949538,12.558372497558594,12.540610458372317,12.551470902320604,12.554375656356713,1290
11.961807250976562,11.977432250976562,11.98205852508545,11.951952937679511,11.99665645983364,12.026005701496521,11.973356264431072,11.972516059875488,11.979884472547838,11.980185546989183,11.989233033415305,1291
11.66444206237793,11.678539276123047,11.676658630371094,11.626772863417852,11.672253548210422,11.682251369534624,11.66188222909912,11.660456657409668,11.675979428913124,11.666581785050765,11.674170478448115,1292
11.766888618469238,11.72121810913086,11.70888614654541,11.772270268114099,11.758262624742015,11.68279027843844,11.674722458579549,11.699975967407227,11.756928610244834,11.726882564630184,11.726150411926724,1293
12.077325820922852,12.094708442687988,12.105377197265625,12.115945958714258,12.086447044661016,12.082248876247176,12.08598961324823,12.119097709655762,12.136521308917866,12.100406885813419,12.09897468132155,1294
11.675485610961914,11.65870475769043,11.658355712890625,11.657322597636526,11.680345829726786,11.71123384089461,11.734182608612892,11.67621898651123,11.679226940831455,11.681230765084052,11.677264824896831,1295
11.731258392333984,11.751446723937988,11.75870418548584,11.753528729690863,11.756425610511846,11.801543002542285,11.816361237472506,11.821310043334961,11.846216207168233,11.781866014719835,11.781353110653919,1296
11.928658485412598,11.91391372680664,11.91047477722168,11.915825396916198,11.89265760313163,11.921791016481686,11.883963076116775,11.924164772033691,11.892274692344209,11.9093026162739,11.908590904412678,1297
11.906665802001953,11.899712562561035,11.902326583862305,11.89248940933808,11.87541852279289,11.917283637059944,11.859324192090853,11.883848190307617,11.886270435077424,11.891482148343567,11.891623371966972,1298
12.019177436828613,12.051837921142578,12.049613952636719,11.990765108609923,12.007362021092751,12.048903605512912,12.074989027533626,12.05176067352295,12.035420880531403,12.036647847490164,12.037459333984474,1300
12.322977066040039,12.322277069091797,12.323614120483398,12.34022449299935,12.34938889909384,12.308262383043374,12.334946842222498,12.345902442932129,12.345227200335424,12.33253561291576,12.333910492516804,1301
11.939678192138672,11.970894813537598,11.974209785461426,11.973060560895465,12.007072773537987,12.022334420063167,11.965728453478375,12.032465934753418,12.020948901876434,11.989599315082506,12.003501346094279,1302
12.59511947631836,12.605119705200195,12.602826118469238,12.580432838799382,12.614947964428914,12.643016090701218,12.6522323276642,12.629181861877441,12.624328021503379,12.616356044995813,12.619227668962404,1303
12.313797950744629,12.304285049438477,12.305924415588379,12.302712585466278,12.354911380450678,12.337279087055506,12.303980943382243,12.314223289489746,12.289706880140779,12.314091286861858,12.323034732341739,1304
11.895352363586426,11.911937713623047,11.920564651489258,11.948579699980282,11.873609612445904,11.841674165777407,11.82734140548068,11.928096771240234,11.888103803318268,11.892806687437947,11.89129556247287,1305
12.688848495483398,12.690386772155762,12.693599700927734,12.68555237543585,12.69133867910104,12.660850073849426,12.623518475686023,12.655936241149902,12.680236822500252,12.674474181809932,12.679735201043325,1306
12.209616661071777,12.214012145996094,12.209278106689453,12.20250836021141,12.194385065186866,12.17746171696978,12.198987423218572,12.182194709777832,12.185348331484509,12.197088057845143,12.195162815683137,1307
11.871537208557129,11.874587059020996,11.875283241271973,11.854582169868678,11.879784073670464,11.869107320155099,11.860045928399307,11.889643669128418,11.877875311249602,11.872493997924629,11.87798970865561,1308
11.913634300231934,11.897613525390625,11.90091609954834,11.956916792848654,11.979030229728076,11.88779700841368,11.867229044098805,11.898741722106934,11.90969450338403,11.912397025083454,11.919989065708432,1309
12.066601753234863,12.065136909484863,12.065861701965332,12.070494830537136,12.056140152872883,12.054549753437774,12.03264268324949,12.051700592041016,12.044531275789403,12.056406628068085,12.05678926132333,1310
12.649558067321777,12.708890914916992,12.702107429504395,12.585975974456037,12.672456695102456,12.701554819936124,12.667013879495832,12.647002220153809,12.615447248883136,12.661111916641172,12.677989389031808,1311
12.242582321166992,12.242459297180176,12.244726181030273,12.232781841690155,12.230448624112787,12.23897200694129,12.215480394475966,12.22960090637207,12.242340890449878,12.235488051491066,12.236572570775683,1312
12.67219352722168,12.631322860717773,12.628251075744629,12.628425364542165,12.682206397474369,12.684715293242567,12.63809172944871,12.653790473937988,12.620409830872651,12.648822950355836,12.655512297400264,1313
12.688809394836426,12.682318687438965,12.679483413696289,12.68586494904779,12.705952042580924,12.642173065823677,12.740635795637989,12.722247123718262,12.68369207697826,12.692352949973177,12.68954831688017,1314
11.637221336364746,11.628049850463867,11.628402709960938,11.635777337733842,11.633003602077302,11.673364553863854,11.734675213849089,11.708229064941406,11.65906341093716,11.659754120021356,11.65218389343397,1315
12.212976455688477,12.198280334472656,12.199764251708984,12.173906611606155,12.180850678581962,12.181548027155864,12.141930826974116,12.168251037597656,12.138710514977024,12.177357637640322,12.179938142096185,1316
12.539998054504395,12.577656745910645,12.576139450073242,12.520661100127661,12.531113487036205,12.608911140130473,12.550206745566086,12.570089340209961,12.587949013048455,12.562525008511903,12.569292292389266,1317
12.206561088562012,12.20136547088623,12.192570686340332,12.165053011930105,12.198487677852421,12.176026102497168,12.152885900610574,12.173118591308594,12.183605326290301,12.18329709514197,12.190468413542828,1318
12.512600898742676,12.503467559814453,12.502483367919922,12.497769337176129,12.472743912873915,12.518312374298878,12.460907310829498,12.50536823272705,12.49477284993882,12.496491760480149,12.496580585979832,1319
11.564051628112793,11.566946029663086,11.568070411682129,11.577194698068386,11.597232850014462,11.66754490029772,11.656082879064753,11.626254081726074,11.65980916767623,11.609242960700627,11.609234559232334,1320
12.046297073364258,12.010529518127441,12.014618873596191,12.058806401992225,11.985715747295414,11.968428105891125,11.90181408646661,12.000971794128418,11.995838080733101,11.998113297954976,11.994511209204582,1321
11.208842277526855,11.244758605957031,11.235041618347168,11.24586660127282,11.28436618160037,11.26417707509499,11.185397879992427,11.238511085510254,11.21160347310315,11.235396088711674,11.253942830999149,1322
12.377403259277344,12.373090744018555,12.372655868530273,12.36865959278379,12.369770881138491,12.343860846890125,12.27777050867233,12.289460182189941,12.302402363104601,12.341674916289495,12.346996792109362,1323
11.37315845489502,11.373687744140625,11.36754322052002,11.326096887977428,11.357273600443454,11.209582473533105,11.164781375229989,11.21623420715332,11.220328660789505,11.289854069409165,11.30378148902761,1324
12.55465316772461,12.565278053283691,12.56624698638916,12.530854089117732,12.557815606040478,12.564368070456828,12.55132086597833,12.559642791748047,12.592743823639676,12.560324828264283,12.565090341097282,1325
10.97573471069336,11.060145378112793,11.064268112182617,10.924345318390806,11.11083450004748,11.007530411037049,11.142224016758298,11.107065200805664,11.091632610681783,11.053753362078872,11.077294623425622,1326
11.381980895996094,11.3580961227417,11.35429859161377,11.354263265387544,11.422483053868392,11.359538210393291,11.324273227737688,11.300938606262207,11.285452065553445,11.349036004394904,11.359098444191543,1327
11.792708396911621,11.81060791015625,11.807992935180664,11.762458935691992,11.754976839824355,11.844147068502132,11.689595249603428,11.810359001159668,11.854244551592478,11.79189898762473,11.804781230972317,1328
12.221282958984375,12.179943084716797,12.191948890686035,12.268802677371536,12.30904532927162,12.298944286597278,12.231146130693762,12.10830020904541,12.205130334144519,12.223838211279038,12.22378491297392,1329
12.114596366882324,12.11137866973877,12.111618995666504,12.11553433475905,12.09476904672138,12.089287637496396,12.100307523779778,12.13818359375,12.12731465095613,12.111443424416702,12.109610937947101,1330
12.42375373840332,12.405548095703125,12.404932022094727,12.406739944528207,12.417528908109611,12.431169235127676,12.440599390174008,12.417545318603516,12.438016196970903,12.42064809441279,12.417919968515132,1331
11.778989791870117,11.763996124267578,11.758665084838867,11.77019267103315,11.788404541241032,11.775989115184137,11.810631781283561,11.77781867980957,11.770787787704206,11.777275064136912,11.775381216538197,1332
11.598586082458496,11.584840774536133,11.591706275939941,11.618520388384347,11.578250668888414,11.63124685544671,11.675386120521978,11.661545753479004,11.623669742670007,11.618194740258337,11.60623087822642,1333
11.767857551574707,11.761085510253906,11.759713172912598,11.802715612743937,11.817553247638024,11.746169756793487,11.778385010649654,11.813538551330566,11.766833976039,11.779316932215098,11.783471767325956,1334
11.639384269714355,11.612404823303223,11.606892585754395,11.662825284393815,11.68685163614449,11.669130297835169,11.714288228873494,11.667648315429688,11.667326254885076,11.658527966259303,11.655776821453443,1335
11.985095977783203,11.994196891784668,11.997572898864746,11.970708702632287,12.015380753900454,11.99950726276201,11.9714725460141,11.96545696258545,11.981525813092174,11.98676864549101,11.994814833517701,1336
11.829902648925781,11.840150833129883,11.845793724060059,11.843977709427088,11.83637088310212,11.887621582507434,11.904909750813134,11.880346298217773,11.885202050336755,11.861586164502224,11.857242923255775,1337
11.040254592895508,11.046375274658203,11.041242599487305,10.936197428141554,11.000078039423725,10.966350467980925,10.92152985813062,11.021947860717773,10.974195918002357,10.99424133771533,11.010484914724612,1338
12.390300750732422,12.37621021270752,12.373575210571289,12.378077985211863,12.358870975449891,12.291218991606165,12.28311927345424,12.299888610839844,12.283481375340754,12.337193709546,12.337016509418003,1339
11.75742244720459,11.746601104736328,11.741804122924805,11.744631908956057,11.741966990564942,11.747656896101411,11.75990730472043,11.736523628234863,11.732575765827047,11.745454463252274,11.742378388727854,1340
11.59989070892334,11.583003044128418,11.575897216796875,11.591216135915289,11.680654040559922,11.588013488045613,11.597514542691961,11.59514331817627,11.618350984176514,11.603298164379355,11.616219114125194,1341
12.001691818237305,12.009265899658203,12.028009414672852,12.041599755131093,12.020549147139514,11.97662824054009,12.019160439316412,11.974163055419922,11.97608110063149,12.00523876341632,11.99846168255997,1342
12.40456485748291,12.411521911621094,12.415722846984863,12.4147691643945,12.405329397868915,12.379807896899226,12.41131845849538,12.487045288085938,12.46719039914419,12.421918913441889,12.423258100461867,1343
12.006534576416016,12.048209190368652,12.045214653015137,11.974042250248443,12.001597174481338,12.058926361589691,12.108485498247953,12.072615623474121,12.105103630789834,12.046747662070134,12.04691318460166,1344
12.205918312072754,12.197898864746094,12.19770336151123,12.196237324657899,12.127024338568377,12.110628529814747,12.137963192453542,12.14980697631836,12.131434974456088,12.161623986066566,12.151002231768638,1345
11.407966613769531,11.384937286376953,11.380904197692871,11.441085672804476,11.376270493137637,11.40528690819996,11.3828146197488,11.384782791137695,11.428481091852582,11.399169963857835,11.390088702077408,1346
12.477005004882812,12.428115844726562,12.424978256225586,12.413389526019532,12.433076931398128,12.509977089100888,12.501179931672162,12.485296249389648,12.465856060556982,12.459874988219145,12.454567766357314,1347
12.649680137634277,12.621594429016113,12.6182222366333,12.632840001022984,12.592306542376633,12.561849624142425,12.492033282662076,12.568561553955078,12.582601250333049,12.591076561975106,12.592215435288429,1348
12.373778343200684,12.399374961853027,12.404926300048828,12.378481486106889,12.361433579108992,12.4107940714135,12.44976278626663,12.430325508117676,12.457552775918677,12.407381090226101,12.401750216182059,1349
11.80077838897705,11.83296012878418,11.836167335510254,11.801485002127038,11.777718533399412,11.822509011648398,12.075792643813351,11.919224739074707,11.883418014292623,11.861117088625223,11.835504515550497,1350
12.133594512939453,12.116823196411133,12.127737045288086,12.147868286166545,12.12671735373477,12.094623743853472,12.140526436085848,12.040750503540039,12.079326890239733,12.111996440917673,12.100099682250416,1351
12.03245735168457,12.050524711608887,12.053276062011719,12.058358653684856,12.028166483410528,11.994965795009998,11.991880134701523,12.019305229187012,12.02003747791488,12.027663544357107,12.02806766128268,1352
11.78066635131836,11.833463668823242,11.827936172485352,11.746749371346269,11.827163314544107,11.758241898907569,11.671760747647902,11.753671646118164,11.780768805978935,11.775602441907767,11.802387455043705,1353
12.806695938110352,12.814993858337402,12.81261920928955,12.80059490612631,12.846217429585353,12.854242343258337,12.849673615738196,12.869647026062012,12.87763161291837,12.836923993269542,12.844683740298711,1354
12.375523567199707,12.369401931762695,12.372944831848145,12.388272338140151,12.390018410278254,12.389893685417755,12.38157819199293,12.354981422424316,12.392020163279325,12.379403838038142,12.378103019185147,1355
12.13296890258789,12.12265682220459,12.123917579650879,12.149829628630169,12.144227502011715,12.154318381933559,12.18859842554512,12.167362213134766,12.1716265622794,12.150611779775344,12.145549440769106,1356
11.570918083190918,11.57643985748291,11.577821731567383,11.597393697877571,11.61418652890461,11.657029778589793,11.619508576558156,11.633902549743652,11.642766245731293,11.609996338849589,11.614768971023967,1357
12.01144790649414,12.006206512451172,12.001279830932617,11.991034205782999,12.012871086184262,11.965457430358697,11.947171686803024,11.984577178955078,11.979365242596021,11.988823453395334,11.995796306371194,1358
11.993205070495605,12.000924110412598,11.997261047363281,11.9929622099838,12.013513582244196,12.068916384656479,12.057176378516399,12.018919944763184,12.030231954179984,12.019234520290615,12.02025212407029,1359
12.799344062805176,12.802486419677734,12.802461624145508,12.800447248115386,12.800291895075127,12.872930515536895,12.916800994062212,12.825264930725098,12.845024406777204,12.829450232991148,12.82028073231811,1360
12.14719009399414,12.106709480285645,12.104809761047363,12.099820979726505,12.20730482848945,12.186894268497275,12.254544420827498,12.152473449707031,12.180652387082546,12.160044407739717,12.161148097755898,1361
12.492557525634766,12.531365394592285,12.523199081420898,12.47273519728353,12.43957430678154,12.426164828867956,12.452547529921857,12.432328224182129,12.43378096892181,12.467139228622974,12.464630509196585,1362
11.685891151428223,11.695991516113281,11.702808380126953,11.72072200530543,11.694936620886084,11.747139120886631,11.725976210839692,11.73293685913086,11.754311233935713,11.71785701096143,11.715243302730556,1363
12.038453102111816,12.042359352111816,12.044163703918457,12.03116115615697,12.037207683784095,12.019275021353009,12.017468807742487,11.999906539916992,12.042279906785756,12.030252808209044,12.030744604151035,1364
11.830251693725586,11.851696968078613,11.85287094116211,11.852272812907056,11.860827038540359,11.85560931330896,11.854681249838062,11.912970542907715,11.89085348779801,11.862448227585164,11.86877592611254,1365
12.255427360534668,12.264616012573242,12.263815879821777,12.243382000901425,12.267835134221324,12.275729835231886,12.24484554224932,12.234210014343262,12.264276988700704,12.257126529841956,12.262180700490424,1366
12.193611145019531,12.199499130249023,12.20208740234375,12.216725333424375,12.223790898973636,12.255982217468885,12.274253772768379,12.209135055541992,12.233422368120094,12.223167480434405,12.219507241474433,1367
11.801273345947266,11.813338279724121,11.815195083618164,11.811176412833085,11.768022572437593,11.829569328268972,11.84993040468231,11.832052230834961,11.81149699826939,11.814672739623985,11.806079996100655,1368
11.80993938446045,11.799442291259766,11.799958229064941,11.834380648864936,11.827966236624695,11.847755417641887,11.849540272059002,11.871053695678711,11.853090605359014,11.832569642334823,11.831490770111044,1369
12.393478393554688,12.389774322509766,12.39462947845459,12.410426301665842,12.35967912483653,12.417117586870539,12.432756284953893,12.452801704406738,12.401269441229543,12.405770293164682,12.396854174266352,1370
11.59182357788086,11.606995582580566,11.604264259338379,11.603247864483656,11.563081517191689,11.646830965132713,11.716678013355931,11.644272804260254,11.609316044176568,11.620723403155624,11.606981348332996,1371
12.148282051086426,12.117756843566895,12.118978500366211,12.111527923399649,12.021223596737014,12.050359808127174,12.149993400248954,12.091651916503906,12.031983546980259,12.09352862077961,12.068208573963403,1372
12.463179588317871,12.467275619506836,12.467647552490234,12.449988471094267,12.440718032057836,12.418395901303546,12.439833668890094,12.433063507080078,12.436324851984555,12.446269688080589,12.444105561153728,1373
13.099047660827637,13.12043571472168,13.12033462524414,13.07148693492304,13.123464824098379,13.044896200441702,13.050834977252851,13.067818641662598,13.031895540458425,13.081135013292272,13.092466006561875,1374
12.413252830505371,12.412078857421875,12.411402702331543,12.423559691812873,12.432523423337434,12.445580474377493,12.400100998179449,12.416231155395508,12.442338582129304,12.42189652394343,12.42642174195757,1375
12.430299758911133,12.425689697265625,12.428875923156738,12.433813584304787,12.386040722929598,12.411849220532249,12.451550338259555,12.492921829223633,12.495685506944275,12.439636286836398,12.431018290496981,1376
11.4410400390625,11.440818786621094,11.4452543258667,11.459321525216023,11.482357986114218,11.443941283321532,11.435698259612963,11.484963417053223,11.442339103211381,11.452859414008849,11.459944136033503,1377
11.780138969421387,11.773538589477539,11.782425880432129,11.809916453395331,11.821397477857738,11.808974936959137,11.826687036279601,11.796051979064941,11.793821944614633,11.799217029722492,11.797590487253485,1378
11.50827693939209,11.512393951416016,11.516242027282715,11.499636324425712,11.511146959045108,11.46427713202847,11.43595679606862,11.49882984161377,11.481774424837466,11.492059377345551,11.499642101308655,1379
11.921886444091797,11.918685913085938,11.916897773742676,11.918344724361859,11.914560280269956,11.968321557033585,11.93917615030663,11.896476745605469,11.899361913711848,11.921523500245527,11.91914771926773,1380
11.158842086791992,11.140802383422852,11.153606414794922,11.18702199678355,11.237433379078519,11.210999551833515,11.101581205514428,11.1432523727417,11.19705253452504,11.170065769498501,11.183856450183063,1381
12.397560119628906,12.40585994720459,12.401607513427734,12.338009064624602,12.372096579636837,12.313130614226425,12.249067406933445,12.274333953857422,12.288963683477931,12.337847653668655,12.349589997998338,1382
11.98689079284668,11.99190902709961,11.993569374084473,11.985976091838703,11.965126939934406,11.921469603460514,11.971955545042727,11.96150016784668,11.99478257019711,11.974797790261212,11.96972906728227,1383
11.917739868164062,11.92341136932373,11.925982475280762,11.925719629203684,11.957393903512514,11.907620584499675,11.860298677044913,11.831868171691895,11.876267364728765,11.90292244927222,11.910719220641834,1384
11.632139205932617,11.6323881149292,11.641101837158203,11.628465591703186,11.65000453004202,11.548048755582256,11.649215038451704,11.660794258117676,11.598272419333485,11.626714416805592,11.625941520705538,1385
11.581894874572754,11.621011734008789,11.61772632598877,11.597915166233472,11.675082464277954,11.61936962338186,11.580921672840784,11.662888526916504,11.614610579002743,11.61904677413596,11.64168222431771,1386
12.621607780456543,12.601503372192383,12.594502449035645,12.62590458847338,12.53658343815462,12.539054962942746,12.593247489096926,12.639233589172363,12.615142734685385,12.596308933801112,12.582130490155379,1387
11.977645874023438,11.981755256652832,11.983650207519531,11.947342874974645,11.940314924696347,11.930192617815592,11.876737256864486,11.912013053894043,11.943218731379957,11.943652310868986,11.947586616314796,1388
12.768430709838867,12.772196769714355,12.775721549987793,12.743501269126496,12.770033280700288,12.74916625180142,12.849848972590342,12.771193504333496,12.792820793100155,12.776990344577023,12.77027287405258,1389
11.817192077636719,11.816180229187012,11.815102577209473,11.809064313768424,11.81604114114387,11.864503923609192,11.855088343529513,11.825757026672363,11.819510126340063,11.826493306566293,11.825057776507673,1390
12.292089462280273,12.300042152404785,12.304072380065918,12.300168228170367,12.308578719123108,12.331911381820715,12.355434445981578,12.360488891601562,12.350964546329699,12.322638911975332,12.322129616721126,1391
11.784826278686523,11.801628112792969,11.802617073059082,11.80190490438956,11.828804717032616,11.734292090596243,11.717171854298286,11.725831031799316,11.77521832490768,11.774699376395809,11.784304413241596,1392
11.691469192504883,11.707427978515625,11.708229064941406,11.676718150897377,11.702995378852991,11.78623951076208,11.769340583276135,11.767101287841797,11.746245872680015,11.728418557808034,11.731374078710928,1393
11.9004487991333,11.887587547302246,11.890656471252441,11.908884392407652,11.93673143963307,11.894047835696561,11.82403043152641,11.850078582763672,11.885348214038562,11.886423745972657,11.895735103756952,1394
12.3135986328125,12.319585800170898,12.322580337524414,12.329011017521784,12.321598783153162,12.261942047238405,12.351070587964003,12.290816307067871,12.34195255451982,12.316906229774762,12.309490212631761,1395
12.522061347961426,12.550847053527832,12.555411338806152,12.54910881473441,12.510446327521162,12.599848622291878,12.568066383193868,12.588529586791992,12.568859916142356,12.55701993233012,12.554851234623428,1396
11.942206382751465,11.969501495361328,11.963716506958008,11.961281300608306,12.057678165004681,11.959342207550847,12.009705647352412,11.989547729492188,11.990194637507651,11.982574896954098,11.997639220843112,1397
11.87360954284668,11.857026100158691,11.853055000305176,11.834606891943878,11.860558644974306,11.842868125784703,11.810365199447098,11.836343765258789,11.8124354136517,11.842318742707892,11.847898297589666,1398
11.891253471374512,11.868237495422363,11.859169006347656,11.873675612896294,11.836041317674583,11.861385824444394,11.877534980675076,11.886394500732422,11.86253749007293,11.868469966626693,11.86072869866695,1399
11.974477767944336,11.93570327758789,11.937705993652344,11.96191435457023,11.915921046241618,11.89657318405066,11.979133476992311,11.979365348815918,11.959614938205233,11.94893437645117,11.934146621370848,1400
11.740381240844727,11.72989559173584,11.72218132019043,11.710072548278672,11.748490628139331,11.73354061801964,11.647759120492228,11.694963455200195,11.705901086873633,11.714798401086078,11.727367909953003,1401
12.169355392456055,12.159975051879883,12.159276008605957,12.160622454201732,12.173245569532712,12.117804835756104,12.133061209288545,12.119536399841309,12.129140385942666,12.146890811944994,12.147719814703276,1402
12.17270278930664,12.183643341064453,12.187396049499512,12.183875927398972,12.131735830841453,12.132574614754711,12.158192451371423,12.184135437011719,12.155032507842934,12.16547654989909,12.159035323636884,1403
12.488161087036133,12.461874961853027,12.463061332702637,12.474349116844277,12.51275592160241,12.42750863036124,12.429739886077089,12.390737533569336,12.414821244538016,12.451445523842686,12.454417991254509,1404
11.367853164672852,11.374547004699707,11.380522727966309,11.446806196040662,11.426946909166176,11.451046771385133,11.298664766061533,11.415848731994629,11.544818686940996,11.411894995436445,11.424676321764903,1405
12.54637336730957,12.550077438354492,12.551519393920898,12.539657214970255,12.499577951844433,12.58149325854101,12.619011422584283,12.555131912231445,12.600462411814158,12.56036715239673,12.546917449137016,1406
11.758049964904785,11.77728271484375,11.7732572555542,11.739589317513754,11.761889281952486,11.794898760643457,11.813253974746624,11.749792098999023,11.75362910208791,11.769071385694,11.768691730167799,1407
11.58489990234375,11.578958511352539,11.582000732421875,11.660963240601632,11.564847517181283,11.712361531290847,11.725738550813398,11.713708877563477,11.677529282098906,11.644556460629746,11.626583746894342,1408
11.678462028503418,11.667165756225586,11.659550666809082,11.664569932718411,11.739797155764624,11.59880151278171,11.601063193163657,11.61507511138916,11.639354154632798,11.65153772355427,11.665838151697812,1409
12.215423583984375,12.233423233032227,12.2390775680542,12.245597881323478,12.293503846999323,12.22928339891136,12.207320045252377,12.22533893585205,12.298955254414391,12.243102638647086,12.25492826619827,1410
12.281169891357422,12.283914566040039,12.285355567932129,12.27803153159439,12.29098839014301,12.309844457640084,12.317953388445186,12.283757209777832,12.279022361527643,12.290004151606416,12.289081625762334,1411
11.934187889099121,11.93105697631836,11.93093490600586,11.91828656496107,11.932468648636204,11.893505030976193,11.903300837347738,11.914957046508789,11.887716050150988,11.916268216667147,11.918818063430976,1412
11.476116180419922,11.452691078186035,11.446423530578613,11.422984180679745,11.459376038097759,11.48374906323969,11.451104035349273,11.453484535217285,11.481592963791844,11.458613511728906,11.462218211623435,1413
12.45019817352295,12.458436012268066,12.460206985473633,12.491750637525554,12.44150660628251,12.417553110106004,12.498100372183286,12.450017929077148,12.461389079981574,12.458795434046747,12.446805347109414,1414
12.139069557189941,12.128242492675781,12.119187355041504,12.123255829928194,12.162162900665587,12.14832483440957,12.162666200364383,12.138574600219727,12.17933413623329,12.144535322969777,12.147529153918168,1415
12.287758827209473,12.272634506225586,12.269289016723633,12.29082173251483,12.324381088623635,12.232964427350195,12.27106027392489,12.277667999267578,12.26269814705274,12.276586224321397,12.28083360296619,1416
11.781026840209961,11.792373657226562,11.792061805725098,11.759413331446915,11.747537856910578,11.635043077227534,11.641631890706076,11.700136184692383,11.698681870255935,11.727545168266783,11.732457274893862,1417
12.643370628356934,12.638513565063477,12.638849258422852,12.652386914824877,12.703386321057788,12.658654878295371,12.691982395694524,12.677051544189453,12.69610310982382,12.666699846192122,12.671533111871263,1418
11.804607391357422,11.819317817687988,11.817573547363281,11.768569066308688,11.767352238031764,11.798104462645096,11.774198441142829,11.78346061706543,11.789688786591517,11.791430263132668,11.793069162627615,1419
12.349583625793457,12.378564834594727,12.37618350982666,12.313586744896241,12.348422365169187,12.262901734927205,12.289541333759367,12.298563003540039,12.317405679670527,12.326083648019711,12.33414152320498,1420
12.07791805267334,12.05945873260498,12.059489250183105,12.068611504174097,12.056642469465283,12.010861987124585,11.995016920845462,12.044249534606934,12.024435488552006,12.044075993358865,12.045476461881496,1421
11.84929084777832,11.834519386291504,11.833312034606934,11.826027765183882,11.87440114964725,11.867615316306328,11.85532677630265,11.835371017456055,11.85650469060068,11.848040998241512,11.852732354911318,1422
11.814925193786621,11.81154727935791,11.814334869384766,11.83567894760298,11.827546759954176,11.853694534341784,11.847153651733453,11.87488079071045,11.85132861262952,11.836787848833517,11.836464860673113,1423
12.30891227722168,12.306038856506348,12.30427360534668,12.279229939927644,12.352327936157222,12.13536938698758,12.154769652761809,12.132781982421875,12.189462299719874,12.240351770783413,12.253725911785866,1424
11.827561378479004,11.82259464263916,11.825228691101074,11.839460841190213,11.842027033739411,11.853562676672508,11.907380641516783,11.86866569519043,11.865826275847853,11.850256430708493,11.844413708437688,1425
11.911035537719727,11.91409969329834,11.91395092010498,11.927991271870528,11.878651425609993,11.870778700662424,11.888657693475555,11.866033554077148,11.861591910995301,11.89253230086822,11.884789355792336,1426
12.482574462890625,12.487762451171875,12.484912872314453,12.463187071398973,12.485654441541708,12.422570311548533,12.454256967543877,12.428826332092285,12.427926971423254,12.459741320213956,12.46189958676185,1427
11.826664924621582,11.825051307678223,11.826667785644531,11.827874968959456,11.801839267003928,11.82500701748115,11.817631484418909,11.850414276123047,11.838907675615925,11.826673189727417,11.824223102954846,1428
11.598810195922852,11.609814643859863,11.60898208618164,11.624125912016822,11.640493822872259,11.709462580993131,11.648754954056555,11.636626243591309,11.700506497876859,11.641952993041254,11.646608842330291,1429
12.176551818847656,12.162518501281738,12.163872718811035,12.189425600788105,12.17390163548247,12.148498497211866,12.134727312914741,12.078351020812988,12.131065728822207,12.150990314996978,12.146726364504765,1430
12.137960433959961,12.123808860778809,12.117761611938477,12.118502574286422,12.147902597699877,12.141879695774554,12.101564289920752,12.133813858032227,12.101400384522256,12.12495492299037,12.132292347540117,1431
11.799155235290527,11.795613288879395,11.798017501831055,11.778292969503454,11.814976853396077,11.790214424474106,11.770080381015083,11.786609649658203,11.802273498007168,11.792803755783895,11.799396051426418,1432
11.542057037353516,11.545665740966797,11.548794746398926,11.510474643354133,11.550346783333463,11.581257759410224,11.529396906742614,11.604767799377441,11.56222765152568,11.552776563162531,11.563391061936905,1433
12.159002304077148,12.155983924865723,12.153576850891113,12.16323979533044,12.179426750039472,12.14794895837099,12.118793429973516,12.143718719482422,12.149907331733504,12.152399784973815,12.158632862556326,1434
11.971309661865234,11.99951457977295,11.998307228088379,11.97676024238286,12.05098197398886,12.007870869542614,11.995951908607804,11.985373497009277,12.030897031834364,12.001885221454707,12.015889751978966,1435
12.03878116607666,12.079974174499512,12.08128547668457,12.048750552340511,12.059479617034022,12.040041924101702,11.985474438267735,12.020689010620117,12.002228510767377,12.039633874488024,12.050788008168688,1436
11.657841682434082,11.671348571777344,11.674971580505371,11.671540378110851,11.65886813564678,11.697843877997093,11.643802872002574,11.697040557861328,11.698786796741995,11.674671605897492,11.678809012705534,1437
12.725851058959961,12.735719680786133,12.736960411071777,12.723865554887448,12.76937277583068,12.790272196907273,12.652813830169997,12.737297058105469,12.82297896184111,12.743903503173318,12.762350451077657,1438
11.91352367401123,11.922933578491211,11.922591209411621,11.920279388106735,11.954427740419215,11.95462948621557,11.902423647933299,11.920442581176758,11.924611605583266,11.926206990149879,11.935958380693547,1439
12.070826530456543,12.087296485900879,12.092063903808594,12.074696725550256,12.083045524378404,12.105408395129041,12.140082196273422,12.12592601776123,12.108183958637692,12.098614415321785,12.097189617291592,1440
12.383977890014648,12.329626083374023,12.321612358093262,12.344332443445051,12.35582023199269,12.330256665458712,12.29539060767355,12.270380973815918,12.254927207543318,12.320702717934575,12.319475402217812,1441
11.854025840759277,11.843649864196777,11.842906951904297,11.881766783269917,11.85484774324401,11.869902823085527,11.872145204970774,11.886491775512695,11.882548306514124,11.865365032606379,11.861546181111235,1442
12.787233352661133,12.792624473571777,12.79180908203125,12.764942226385804,12.808162398692458,12.720104567824604,12.701323433665248,12.703201293945312,12.692163696972408,12.751284947305557,12.761338969904546,1443
11.486063003540039,11.488554954528809,11.520493507385254,11.576256012515495,11.616457969442665,11.5013686012882,11.419854642502884,11.448921203613281,11.481890226859056,11.504428902408408,11.518431178098178,1444
12.11742877960205,12.138521194458008,12.144306182861328,12.131272743486548,12.100024338223463,12.157636368930564,12.160246407161388,12.146470069885254,12.14585181674706,12.137973100150628,12.13278784636902,1445
11.822956085205078,11.823174476623535,11.819487571716309,11.803132312676226,11.78979845095021,11.760473239426855,11.780204787755391,11.741021156311035,11.762774878680235,11.78922477326054,11.785292755201974,1446
11.890374183654785,11.907443046569824,11.90778636932373,11.88650283472764,11.95308414627816,11.920889146012126,11.919520175798361,11.90585994720459,11.9460928608602,11.915283634492157,11.925749027895097,1447
12.4481782913208,12.44715404510498,12.450453758239746,12.448833025336771,12.434723542298215,12.464838253432758,12.495042045149104,12.523153305053711,12.486998214199232,12.466597164459479,12.462761500028373,1448
11.596210479736328,11.594526290893555,11.59555721282959,11.646159344047966,11.596416580750722,11.530294299141515,11.575211936679818,11.49936294555664,11.586592471488999,11.580036840125015,11.569545344727482,1449
11.345476150512695,11.340910911560059,11.337488174438477,11.31536477144516,11.291675325949486,11.38558394783938,11.454042547096616,11.349005699157715,11.38381000897678,11.355928615219597,11.339723331550363,1450
11.744524002075195,11.752427101135254,11.756569862365723,11.645853045679246,11.818820452974984,11.796752713949934,11.814788461101973,11.80228042602539,11.77388085301489,11.76732187981362,11.787384847942622,1451
12.450261116027832,12.426575660705566,12.426438331604004,12.436962836577234,12.492929325974073,12.487315625663667,12.402925531442854,12.447141647338867,12.449796285569365,12.446705151211496,12.459376468829385,1452
11.790743827819824,11.780566215515137,11.780685424804688,11.782077244767585,11.781350484249893,11.82951812038233,11.805318150644172,11.80763053894043,11.817307948269333,11.797244217265932,11.796133520788738,1453
11.777196884155273,11.757065773010254,11.754794120788574,11.793918652118236,11.839170007681172,11.790156569809888,11.777129394770297,11.767131805419922,11.743590793399896,11.77779488901706,11.784605562121875,1454
12.158605575561523,12.151956558227539,12.146422386169434,12.138309074633506,12.159843939325427,12.1237064491262,12.141127969834923,12.110248565673828,12.138290782653455,12.140945700133981,12.141855042104298,1455
12.081831932067871,12.082256317138672,12.080406188964844,12.052757949502611,12.084692910726002,12.079008004110717,12.067891820748702,12.081822395324707,12.095687449197749,12.078483885309097,12.08380142628252,1456
12.207184791564941,12.20909595489502,12.21047592163086,12.206276063084182,12.25821754477535,12.18280220773863,12.16712089087543,12.200224876403809,12.227848668597689,12.207694102173988,12.219307912243352,1457
12.428216934204102,12.436636924743652,12.426875114440918,12.325265800856759,12.422695055515062,12.425415994467444,12.446765919651899,12.580131530761719,12.453750927197467,12.438417133537667,12.45610166545064,1458
11.892065048217773,11.869906425476074,11.865139961242676,11.8512540114993,11.840302181569465,11.856512716614871,11.832993598354992,11.862332344055176,11.853254631352712,11.858195657598115,11.856857156326864,1459
11.906384468078613,11.890467643737793,11.890612602233887,11.909216273660327,11.873025206902705,11.953980420470689,11.90402218322662,11.897873878479004,11.889056750054726,11.901626602982706,11.895953099710699,1460
