ridge,elasticnet,lasso,kernel_ridge,svr,gradient_boosting,lightgbm,xgboost,catboost,blend_equal,blend_optimized,Id
12.225553512573242,12.237472534179688,12.23896598815918,12.237148275558868,12.248293650753547,12.242439763421043,12.222222522236285,12.213089942932129,12.239353475009505,12.233837740535941,12.237359073807124,1
12.149806022644043,12.140446662902832,12.137188911437988,12.102177851600791,12.15765899442164,12.061837070800898,12.10143622734416,12.06097412109375,12.088858317060483,12.11115379770073,12.117097937470078,2
12.298219680786133,12.290079116821289,12.293265342712402,12.303224765362902,12.299224904894375,12.272186731163034,12.2829703076784,12.25031566619873,12.28049149205229,12.285553111963283,12.283081985664497,3
12.052119255065918,12.076309204101562,12.07957935333252,12.082547573230134,12.06751464095486,12.069768626864178,12.212027664666797,12.120323181152344,12.13116375128269,12.099039250072332,12.087987499316634,4
12.588120460510254,12.596721649169922,12.595630645751953,12.585222230071015,12.57595568026915,12.622296104274893,12.588683545583287,12.60782241821289,12.619129569267562,12.597731367012322,12.598682261722315,5
11.976155281066895,11.972949981689453,11.969996452331543,12.01348215712564,12.045290872238125,11.967652102527465,11.987013358530174,11.954585075378418,11.867783006627027,11.972767587501638,11.974151726885216,6
12.55624771118164,12.55920124053955,12.562541961669922,12.543598007429711,12.548240868320418,12.539273659353222,12.58474041805604,12.560126304626465,12.557661466985383,12.556847959795817,12.554082164319595,7
12.33792781829834,12.324707984924316,12.317752838134766,12.331162566107372,12.333816810042363,12.287500832163435,12.328834257187419,12.29442310333252,12.308078702727695,12.31824499032425,12.316181410330758,8
11.739110946655273,11.727285385131836,11.734183311462402,11.761762306048837,11.750573480653886,11.746381512911599,11.834984310101115,11.784163475036621,11.780666208499667,11.762123437389027,11.752148575672576,9
11.792581558227539,11.742151260375977,11.743769645690918,11.739023445696384,11.706948131883328,11.751383693970988,11.808964999328362,11.783980369567871,11.73294236409748,11.755749496537652,11.738820107715238,10
11.793264389038086,11.805233001708984,11.804606437683105,11.780462066450145,11.797046103688164,11.761787563849271,11.751596027631924,11.758906364440918,11.779451461429286,11.781372601768874,11.787535264079425,11
12.903270721435547,12.874035835266113,12.869961738586426,12.867012981897663,12.895955575516451,12.81191049122391,12.818486227491983,12.83193588256836,12.8192648430321,12.854648255224284,12.859101416461694,12
11.82578182220459,11.823594093322754,11.82017707824707,11.820832049629843,11.80803260157826,11.812055778748778,11.822559062575815,11.812047004699707,11.794692996523262,11.815530276392233,11.812233998501085,13
12.320634841918945,12.325791358947754,12.329388618469238,12.328246375970275,12.33280212807237,12.254948677353845,12.226714628807873,12.249070167541504,12.2725066509203,12.293344827555789,12.300670938395681,14
11.949895858764648,11.948665618896484,11.949005126953125,11.97384921336206,11.9639826265354,11.94267339829576,11.89085178726812,11.952523231506348,11.9652224601389,11.948518813524538,11.955168826408741,15
11.787108421325684,11.774043083190918,11.770306587219238,11.747890096486321,11.775226236542292,11.763253344824417,11.768839933422493,11.784992218017578,11.739817320656899,11.767941915742872,11.770085178923761,16
11.927799224853516,11.937278747558594,11.933622360229492,11.915880716380139,11.96461614916725,11.937428690571325,11.931044451545047,11.889381408691406,11.898769353340047,11.92620234470409,11.93169021180722,17
11.600737571716309,11.605419158935547,11.606257438659668,11.5819940720529,11.616684183422379,11.579377471044346,11.599799923896562,11.568595886230469,11.56475375328649,11.59151327324941,11.594181678433364,18
11.93714714050293,11.929012298583984,11.940804481506348,11.95279937713901,11.951469926748372,11.95585268836005,11.919489865641316,11.952418327331543,11.924472901202293,11.94038522300176,11.940930395459745,19
11.68363094329834,11.69233512878418,11.693077087402344,11.690498400542568,11.722986226172601,11.70589940089905,11.684727605330535,11.716937065124512,11.66773001421143,11.695313541307284,11.702425210059054,20
12.672005653381348,12.666744232177734,12.66441822052002,12.680057173224577,12.693102480954938,12.792260757890588,12.689295571957482,12.723024368286133,12.748008642198437,12.703213011176807,12.707376259627376,21
11.71207332611084,11.690559387207031,11.696972846984863,11.701271445547617,11.734456277552951,11.709676111133843,11.757826796396643,11.766775131225586,11.766733164634308,11.726260498532632,11.727310829281123,22
12.330482482910156,12.35176944732666,12.355422019958496,12.3497573866757,12.331399416455685,12.360978384260225,12.318860498599765,12.377424240112305,12.363588755791605,12.348853625787845,12.352916957541769,23
11.863417625427246,11.880449295043945,11.878969192504883,11.847065001750178,11.811156524889787,11.829208212192826,11.849875366111561,11.85959243774414,11.807659206520155,11.847488095798305,11.84265712828779,24
11.932236671447754,11.917881965637207,11.916632652282715,11.910682072199974,11.902016864028832,11.934214169637755,11.914703272881567,11.929725646972656,11.923692230263667,11.920198393928013,11.9179630408307,25
12.42436408996582,12.41456413269043,12.409337997436523,12.416309107648829,12.433276071966617,12.387645650714004,12.360271526855811,12.41820240020752,12.411771807915533,12.408415865044566,12.417021744062335,26
11.807104110717773,11.811508178710938,11.812238693237305,11.813030036471122,11.803329371442008,11.808217835945758,11.847461527138739,11.852409362792969,11.841262044787486,11.82184012902712,11.819622288957206,27
12.58394718170166,12.582784652709961,12.580961227416992,12.568042854229393,12.5960401210834,12.577044036943814,12.596141969098174,12.589078903198242,12.577638798542864,12.583519971658276,12.586042855542539,28
12.238951683044434,12.230259895324707,12.227590560913086,12.20894633650354,12.218932852731488,12.151172366474647,12.201896424404396,12.165657997131348,12.142477939834983,12.19843178404029,12.196292191995253,29
11.125718116760254,11.1424560546875,11.138840675354004,11.1826350103828,11.181714400889827,11.092649152646821,10.976864442060899,11.006672859191895,11.033000315460889,11.097839003048323,11.110974719052338,30
11.408377647399902,11.229352951049805,11.234661102294922,11.502209206030916,11.550968383040297,11.497294437131126,11.509780450289506,11.213017463684082,11.26902962550394,11.379410140713835,11.347574817643553,31
11.870798110961914,11.840229988098145,11.83668041229248,11.87285325835986,11.852612586751784,11.81563981905925,11.77166967860419,11.805573463439941,11.825934126165192,11.832443493748082,11.833547696333477,32
12.16242790222168,12.181317329406738,12.185125350952148,12.143354500702674,12.139814154518676,12.130865468751383,12.104727600070078,12.186186790466309,12.141173764442236,12.152776984614658,12.15985245245705,33
12.057239532470703,12.077884674072266,12.076984405517578,12.040652511027744,12.074431204348121,12.082552604867992,12.091488272656434,12.061079978942871,12.07493780058827,12.070805664943554,12.074368692575145,34
12.580222129821777,12.578435897827148,12.578752517700195,12.555705170899135,12.580822241032006,12.55550987809943,12.622233184592915,12.556318283081055,12.566281372055455,12.574920075012123,12.571490473872458,35
12.629785537719727,12.624338150024414,12.62203598022461,12.617383785711997,12.651088842721931,12.633393056105756,12.590573657305518,12.60351276397705,12.620775605461143,12.621431931028017,12.628756661867037,36
11.925957679748535,11.915105819702148,11.910064697265625,11.90105581867316,11.924886231830769,11.91850004050203,11.914148801509594,11.913129806518555,11.916046870449726,11.915432862911125,11.917936682645182,37
11.90346908569336,11.905556678771973,11.905461311340332,11.895408162029788,11.94136125462761,11.98735709101331,11.896134293004579,11.968511581420898,11.928364238978272,11.925735966320014,11.936926368092152,38
11.801526069641113,11.789139747619629,11.787031173706055,11.788717927072614,11.80875357606695,11.807905591820969,11.775230676107206,11.811365127563477,11.809178460656419,11.797649816694937,11.802766328399324,39
11.249980926513672,11.216329574584961,11.21769905090332,11.18933985289641,11.30686458441314,11.320521702820114,11.322231073407634,11.287580490112305,11.302644075808495,11.268132370162228,11.275242595295651,40
11.869668960571289,11.874398231506348,11.880996704101562,11.875866724354248,11.88674035560953,11.86129761998119,11.815031165208213,11.830266952514648,11.767902424660651,11.851352126500853,11.85426048932245,41
12.04256534576416,12.036970138549805,12.03251838684082,12.035316930469836,12.012004729488075,11.965948004623641,12.037011900441863,12.009787559509277,12.002571967913523,12.019410551511221,12.013635933157314,42
11.903128623962402,11.892277717590332,11.887103080749512,11.8796553411047,11.891670166811465,11.880948709891687,11.911503880288654,11.898048400878906,11.877045947183483,11.891264652051238,11.889671728832667,43
11.795478820800781,11.8070650100708,11.802727699279785,11.809987786582845,11.826655002009476,11.806579368818555,11.847945746580885,11.783903121948242,11.817329260241383,11.810852424036973,11.810152979792583,44
11.899186134338379,11.919591903686523,11.910232543945312,11.84489608925536,11.90481270062872,11.895021483740178,11.918657805041786,11.879350662231445,11.87840705697715,11.89446181998276,11.900825764451366,45
12.592543601989746,12.60046100616455,12.599957466125488,12.560973778610613,12.573000203314445,12.485906653679427,12.526966029947516,12.575742721557617,12.553433304647678,12.563220529559677,12.570514601302555,46
12.470891952514648,12.454072952270508,12.456707000732422,12.521700163639892,12.52975457661533,12.546702037742756,12.526990202042533,12.485589027404785,12.531495655829843,12.50265595208808,12.500235296044808,47
12.42463207244873,12.429126739501953,12.428200721740723,12.412617333364803,12.434070378050379,12.415987130578637,12.426978643420679,12.41431999206543,12.415539459463968,12.42238583007059,12.424837551381128,48
11.45163631439209,11.436081886291504,11.445189476013184,11.7280865589737,11.614912350833967,11.535218961903402,11.478734498745254,11.52435302734375,11.546924486908296,11.529015284600572,11.524612704532817,49
11.802502632141113,11.80271053314209,11.803525924682617,11.780732866318424,11.776842921601094,11.718986248946957,11.732946932934304,11.764244079589844,11.76479823536601,11.77192115274694,11.775536215381168,50
12.073396682739258,12.068135261535645,12.064396858215332,12.065105857295533,12.074017793752768,12.068780578065052,12.06069025909036,12.056924819946289,12.0364404667877,12.063098730825326,12.06351624843404,51
11.69312572479248,11.698410987854004,11.695501327514648,11.666480344937408,11.716862819416848,11.719438266631535,11.655191662085212,11.654873847961426,11.706316506007171,11.689577943022305,11.699883345906544,52
11.535487174987793,11.604470252990723,11.609543800354004,11.5880365369855,11.532758156732106,11.65624879427166,11.579649916258303,11.606740951538086,11.573052623179562,11.587332023033081,11.58625873945935,53
12.812202453613281,12.757560729980469,12.76472282409668,12.797357984252045,12.828068209482185,12.727470064350225,12.87518092142204,12.870288848876953,12.851872764358811,12.809413866714744,12.804754167308676,54
11.750887870788574,11.723522186279297,11.714081764221191,11.745172516333756,11.786127794435993,11.742211392697172,11.725664932165076,11.728262901306152,11.724923209729702,11.737872729772988,11.743403290856035,55
12.001893997192383,11.989788055419922,11.989524841308594,12.012518742851535,12.008669570388525,12.016412683965308,12.029668284378317,12.038141250610352,11.983403259415667,12.007780076170068,12.00437367344295,56
12.146011352539062,12.161097526550293,12.15820026397705,12.151309824015916,12.149899015247792,12.277027449531886,12.297701495577174,12.245518684387207,12.264040526294538,12.20564512645788,12.198056437074086,57
12.199694633483887,12.192736625671387,12.193368911743164,12.19832318178615,12.169189842908134,12.171231044794476,12.18617309930018,12.164570808410645,12.180974796863278,12.184029216106811,12.178003794089909,58
13.004728317260742,13.004945755004883,12.99698257446289,12.97989419550298,13.021115471552605,12.98619000974974,13.00933457578103,13.078983306884766,13.096703637476418,13.019875315964006,13.032116612606163,59
11.730854988098145,11.738773345947266,11.738513946533203,11.715681799612002,11.756876624904159,11.702632472530514,11.709514352078042,11.724882125854492,11.683958925860756,11.722409842379841,11.729932440106642,60
12.112675666809082,12.127470970153809,12.13466739654541,12.11341813600838,12.082550396210335,12.0114120956217,12.046543070472623,12.049300193786621,12.017913591229378,12.07732794631526,12.075304825933047,61
11.462444305419922,11.50907039642334,11.507940292358398,11.450705585497316,11.499488194931807,11.40041791257293,11.328381842547723,11.459729194641113,11.434650917651675,11.45031429356047,11.476811340314399,62
12.27751636505127,12.270450592041016,12.267722129821777,12.272953627061778,12.244846659814877,12.251683267865651,12.287789410898906,12.273014068603516,12.271115156736856,12.268565697543961,12.262049010954806,63
11.857909202575684,11.832782745361328,11.833527565002441,11.888191746703967,11.915679014201238,11.782297384885476,11.737883486015754,11.791228294372559,11.83154074760381,11.830115576302473,11.843328573007598,64
12.329996109008789,12.33722972869873,12.339653015136719,12.343624413577789,12.374673708800287,12.351686670162994,12.365956490623875,12.385655403137207,12.366107917091949,12.354953717359814,12.360630254767646,65
12.559412002563477,12.56294059753418,12.56419563293457,12.553103268131409,12.572438599635948,12.626889177300907,12.583487562987834,12.599907875061035,12.606347108476283,12.580969091625072,12.584164994338463,66
12.423726081848145,12.420782089233398,12.413899421691895,12.391992753713579,12.442150828694594,12.368042274286205,12.569525448330712,12.51350212097168,12.43251260553696,12.441792624923018,12.437361194402534,67
12.292153358459473,12.2916841506958,12.296165466308594,12.303118125015532,12.293939393157476,12.2473021380941,12.261734548320186,12.246745109558105,12.276111835448512,12.278772680561977,12.278397763733837,68
11.231179237365723,11.229988098144531,11.229668617248535,11.262230371037411,11.279077611733175,11.173777505469394,11.260966490283268,11.12756633758545,11.199998156594486,11.22160582505133,11.217089336182426,69
12.338382720947266,12.299654006958008,12.290082931518555,12.289836302018577,12.299042606876647,12.30817532649899,12.404133162998082,12.365312576293945,12.373079824894038,12.32974438433379,12.321170672171878,70
12.57311725616455,12.590688705444336,12.592851638793945,12.546643615581715,12.545736392922297,12.51594178301227,12.581243116679431,12.588376998901367,12.601693284582035,12.570699199120217,12.57192830527532,71
11.701595306396484,11.689872741699219,11.688404083251953,11.6982630576084,11.725859743016615,11.73560833912721,11.732508913387894,11.728961944580078,11.716401830142507,11.713052884356706,11.714323042225946,72
12.172457695007324,12.172926902770996,12.173460006713867,12.167818692957223,12.155008503272041,12.153157226193205,12.16749643462256,12.18295955657959,12.175323549067578,12.168956507464932,12.16792926595124,73
11.827483177185059,11.825376510620117,11.831879615783691,11.869958909988966,11.904743379198504,11.870253685944721,11.820694495560321,11.841093063354492,11.856263586648607,11.849749602698274,11.858458537890675,74
11.5319242477417,11.549683570861816,11.544219970703125,11.54134437901187,11.58093625990512,11.591677234160493,11.531504181600809,11.503812789916992,11.53931948659967,11.546046902277954,11.553836169149994,75
11.474823951721191,11.488218307495117,11.485941886901855,11.47940180539621,11.511211986429458,11.462372889357182,11.459429884372595,11.467460632324219,11.489477225858296,11.47981539665068,11.488690235981808,76
11.655198097229004,11.643153190612793,11.638538360595703,11.636451109034127,11.661088707884447,11.679461244808856,11.697516895275129,11.629196166992188,11.647924827423664,11.654280955539546,11.650278167499762,77
11.714760780334473,11.665772438049316,11.65584659576416,11.699036133912596,11.71608321882512,11.637440569110284,11.63471203901634,11.635893821716309,11.613490555781734,11.66367068361226,11.664332006432463,78
11.675028800964355,11.686768531799316,11.68451976776123,11.617208678306383,11.705987368098004,11.691891459782049,11.686707015509933,11.641486167907715,11.594552581099123,11.664905596803123,11.672245519015357,79
11.723455429077148,11.695806503295898,11.689004898071289,11.726229662458309,11.743128907931043,11.64937546751736,11.675651236372484,11.615108489990234,11.625887389232926,11.682627553771857,11.68116679497434,80
12.187381744384766,12.177701950073242,12.177962303161621,12.20290326089886,12.172421409317145,12.240610701145036,12.265922234721906,12.2057523727417,12.208298804289319,12.204328308970398,12.19157752283532,81
12.03710651397705,12.020990371704102,12.026238441467285,12.040079303988126,12.057415018826191,12.06363357345061,12.065196171503139,12.057404518127441,12.088825330801164,12.050765471538348,12.050707691946734,82
12.3723726272583,12.378780364990234,12.377378463745117,12.36702898668099,12.384645382479816,12.346850771120717,12.430312650062909,12.416234016418457,12.421219467846468,12.388313636733667,12.388998765693412,83
11.71239948272705,11.725106239318848,11.731413841247559,11.712446551458159,11.72223200392712,11.772566072264603,11.753896662853403,11.718836784362793,11.686633479343913,11.72617012416705,11.722783162889286,84
11.979626655578613,11.984307289123535,11.984149932861328,11.984453097501719,11.988987447406249,12.012103079674038,12.04480220716773,12.06873893737793,12.00577003341809,12.005882075567692,12.004805181025523,85
12.500210762023926,12.506691932678223,12.502532005310059,12.45863060545426,12.475530310882895,12.455576245958119,12.430309157651253,12.504121780395508,12.48991024825623,12.480390338734496,12.49012658686687,86
12.096508026123047,12.107044219970703,12.11079216003418,12.119941322871902,12.098537299594872,12.083850269080168,12.106504792353283,12.120851516723633,12.080442604114713,12.102719134540722,12.100704289600586,87
11.987687110900879,11.989710807800293,11.982917785644531,11.96378996810589,12.018842357651744,12.049654375352034,11.955041500022354,11.990849494934082,12.028744293368177,11.996359743753331,12.009589914181515,88
11.02245807647705,11.013425827026367,11.036988258361816,10.929112925586196,11.224429662745747,11.320595689956019,11.163633967495787,10.89013385772705,10.988666507027833,11.06549386360043,11.07968500629901,89
11.710341453552246,11.69970989227295,11.695502281188965,11.625150338555613,11.738697164052251,11.671995322638546,11.650543067758877,11.725173950195312,11.686843919243602,11.689328598828707,11.709585028793542,90
11.580717086791992,11.591986656188965,11.58111572265625,11.529746975572392,11.645510297505618,11.525424385761907,11.568343502260918,11.596832275390625,11.560806209691426,11.575609234646675,11.59591823722153,91
11.618651390075684,11.628454208374023,11.647315979003906,11.699656735662712,11.664990304911578,11.690834052909882,11.620661961297536,11.630615234375,11.640974252648741,11.64912823547323,11.646976370239171,92
11.838604927062988,11.856335639953613,11.867063522338867,11.817927357434998,11.910880871388969,11.79535756313389,11.763018694992248,11.860865592956543,11.82446287894349,11.837168560911735,11.860976163185649,93
11.983600616455078,11.802152633666992,11.830094337463379,12.074725565163426,11.981791693205029,12.058957081255878,12.161442798961144,11.87986946105957,11.946983784850058,11.968846441342286,11.910465698343813,94
12.194526672363281,12.190598487854004,12.19188404083252,12.196934973605178,12.204775476292417,12.226794855431402,12.212900540340629,12.194806098937988,12.193121462824976,12.200704734275822,12.199227978420586,95
12.140847206115723,12.122296333312988,12.11129093170166,12.093696620965522,12.148764092254092,12.08016985250609,12.072458367770585,12.046302795410156,12.079533356369511,12.099484395156258,12.107055017810755,96
12.27707576751709,12.280838966369629,12.286771774291992,12.28557823532663,12.27737900181379,12.29026691989956,12.323586755306442,12.314010620117188,12.298749218106776,12.292695250972123,12.288650379337849,97
11.665695190429688,11.649038314819336,11.64313793182373,11.654946296599883,11.651030192533392,11.71581839169255,11.714731030958353,11.680767059326172,11.68229888263302,11.673051476757346,11.666248495748214,98
11.226266860961914,11.274100303649902,11.284199714660645,11.301364945228618,11.29276658734957,11.27914384762794,11.341338029200452,11.328703880310059,11.392919433618587,11.302311511400854,11.305222979123066,99
11.655369758605957,11.658053398132324,11.653603553771973,11.561337190307313,11.430483466308273,11.714466636992611,11.766344011315702,11.735136032104492,11.681043333116428,11.650648597850566,11.617540361836927,100
12.255311965942383,12.275030136108398,12.28098201751709,12.266979647091105,12.26221849918344,12.281960309844953,12.270584387728949,12.23477554321289,12.25574691753917,12.264843269352042,12.2631909404336,101
12.066757202148438,12.05953311920166,12.059508323669434,12.061976739098837,12.073313673820252,12.080087457362009,12.057910186356452,12.07544231414795,12.05617175456773,12.065633418930307,12.067431734635184,102
11.628386497497559,11.618541717529297,11.62348461151123,11.608586453951983,11.690251275496797,11.662311706064305,11.666362886701435,11.671154022216797,11.679182932978119,11.649806900438614,11.65947621203059,103
12.109195709228516,12.117352485656738,12.116515159606934,12.09862164725165,12.118720664276184,12.152023304974422,12.139614517436142,12.139561653137207,12.14006500632643,12.125741127543803,12.12805691345585,104
11.948519706726074,11.952714920043945,11.95872688293457,11.919888605447932,11.926551321527294,11.931592443843291,11.857981015910633,11.920858383178711,11.954739890276802,11.930174796654361,11.93869701563074,105
12.429082870483398,12.429472923278809,12.429899215698242,12.431177765776148,12.453837726325512,12.443835594339413,12.469657208265392,12.452507019042969,12.434854579087418,12.44159165581081,12.441968963617851,106
11.397768020629883,11.394372940063477,11.401006698608398,11.419579461737005,11.472324972123786,11.398301478676128,11.316639485573024,11.435700416564941,11.39454941001757,11.403360320443802,11.42246672960965,107
11.387543678283691,11.352161407470703,11.354129791259766,11.43874246133667,11.47912392474057,11.483513974518686,11.416818585121746,11.389897346496582,11.408103041615593,11.412226023427113,11.41418126894561,108
11.689641952514648,11.684637069702148,11.66944694519043,11.767744496548403,11.64993488019635,11.699009747030852,11.748566562853963,11.704442977905273,11.581327632754046,11.688305807188458,11.665093252833085,109
12.228899002075195,12.253411293029785,12.257378578186035,12.240754957771218,12.235619400260775,12.208737733030329,12.118244301835116,12.176891326904297,12.181800574120349,12.211304129690344,12.221694532483028,110
11.870348930358887,11.89603042602539,11.902182579040527,11.86375025710307,11.84390219832641,11.834470675781631,11.881715092278519,11.9050874710083,11.886010361734249,11.87594422129522,11.875481836230186,111
12.044029235839844,12.047656059265137,12.049126625061035,12.034811774439826,12.068028962025094,12.05062420700197,12.040091450025228,12.064353942871094,12.030071504494375,12.047643751224845,12.053613450692122,112
12.778637886047363,12.783744812011719,12.779897689819336,12.77407533336703,12.765504718088982,12.731421165967474,12.664872849314662,12.735366821289062,12.779788720318681,12.754812221802702,12.765185593697655,113
12.339552879333496,12.373170852661133,12.365615844726562,12.317411097894444,12.345664489605406,12.271971128831852,12.227071503638896,12.251097679138184,12.25632977932863,12.30532058390651,12.319331340088121,114
12.39285945892334,12.359411239624023,12.348611831665039,12.335735385669873,12.381298255465719,12.286295667314972,12.340251310362625,12.278154373168945,12.306780252161232,12.336599752706196,12.337472781477002,115
12.020106315612793,12.010558128356934,12.000738143920898,11.984387289862186,12.050694673945317,12.000733551557454,12.004451046726901,11.993353843688965,11.993123271785908,12.006460696161929,12.015240743537962,116
11.65095043182373,11.688666343688965,11.696378707885742,11.66854337212849,11.780450021329564,11.788243644048066,11.75663525908073,11.670169830322266,11.661103578959976,11.70679346547417,11.71708428381236,117
11.894006729125977,11.886850357055664,11.885217666625977,11.877640425126948,11.887698047925845,11.87717308170494,11.86491865954982,11.888670921325684,11.905109063348123,11.885253883532108,11.88896535259473,118
12.6510009765625,12.65234375,12.649052619934082,12.638341603780805,12.659819915740254,12.733807565371535,12.779228911174103,12.726784706115723,12.730483648989912,12.691207077518769,12.685685530056892,119
12.090943336486816,12.08879566192627,12.086621284484863,12.081597305952924,12.058207431591907,12.04709616314898,12.031684863795588,12.040610313415527,12.040297576217847,12.06287265966897,12.061666645276519,120
12.064271926879883,12.065567016601562,12.071410179138184,12.04541278686083,12.094703953046485,12.039473774743266,11.999316574643984,12.022979736328125,12.026342462857768,12.047719823455566,12.058474446163107,121
11.439543724060059,11.44605541229248,11.442888259887695,11.42499561323751,11.409685907427344,11.47646866431364,11.485109211098363,11.512378692626953,11.508176788387555,11.46058914148129,11.458631758134478,122
11.892146110534668,11.882743835449219,11.880338668823242,11.876500121437848,11.880762322473645,11.832380654702954,11.817115165500969,11.82553482055664,11.816951322948638,11.856052558047535,11.858594914218527,123
11.967793464660645,11.961848258972168,11.960532188415527,11.96681375855676,11.96645739762839,12.0310998633207,12.041125179239728,11.998409271240234,11.987305757164025,11.986820571022019,11.979672949474088,124
12.034200668334961,12.060519218444824,12.067462921142578,12.006467687311456,12.039009728590178,11.99885450340773,12.002780317236542,12.0573148727417,12.041887525063629,12.034277493585956,12.045114749982458,125
11.371198654174805,11.417301177978516,11.418961524963379,11.31329344705955,11.414032567777435,11.32192307600776,11.267937592569846,11.36362075805664,11.330162243607617,11.357603449132839,11.385638436476551,126
11.771864891052246,11.759711265563965,11.757423400878906,11.741805157403011,11.804463171307892,11.84126948378044,11.721024787652519,11.798744201660156,11.812930901101469,11.778804140044512,11.794058721476514,127
11.42019271850586,11.40791130065918,11.406723976135254,11.444257164095688,11.391339412133068,11.456527724559724,11.46629579652009,11.437553405761719,11.433303880803326,11.429345042130432,11.416745553602272,128
11.854706764221191,11.860060691833496,11.861083030700684,11.862952613925282,11.881547042285641,11.903276704535982,11.93981093369093,11.8921480178833,11.901577637744568,11.884129270757898,11.881348992951361,129
11.775521278381348,11.86953353881836,11.868651390075684,11.819685266035707,11.804837609237104,11.867059206573549,11.762147386842592,11.826607704162598,11.812751744276941,11.822977236044876,11.836865971438089,130
12.316694259643555,12.3109130859375,12.311199188232422,12.321063638015294,12.282945095358809,12.23020125273507,12.289188672899588,12.273823738098145,12.267674063139332,12.289300332673301,12.282938515416301,131
12.324191093444824,12.315632820129395,12.314750671386719,12.32405462450042,12.32886539530301,12.288312351647562,12.293755982694735,12.272256851196289,12.266193541554838,12.303112592428644,12.302514831577122,132
11.937398910522461,11.934914588928223,11.932599067687988,11.939488410730512,11.898735157480447,11.900030694020963,11.93933968637385,11.910325050354004,11.927726600569464,11.924506462963102,11.916577763736688,133
12.271361351013184,12.281362533569336,12.285675048828125,12.28843032288168,12.249576353557519,12.222828197763299,12.2433333362206,12.238807678222656,12.24971866276585,12.259010387202473,12.255448766462491,134
12.044179916381836,12.018259048461914,12.019623756408691,12.0835044032916,12.107672601352403,12.073568095035682,12.045182366894542,12.053675651550293,12.021947423936135,12.05195702925701,12.054371828496755,135
12.101714134216309,12.107275009155273,12.11166763305664,12.120719496889807,12.124035167027088,12.071067059642287,12.070447708567112,12.080940246582031,12.099669626839615,12.098615120219574,12.102837291518746,136
11.848288536071777,11.846736907958984,11.849797248840332,11.844662465387502,11.86330582587056,11.884880193846424,11.884000223079576,11.884207725524902,11.889218485977915,11.866121956950886,11.867147777646307,137
12.089807510375977,12.115839958190918,12.128425598144531,12.126696602773734,12.11108745258898,12.097267087670847,12.335830036877963,12.186535835266113,12.183938380689026,12.152825384730898,12.133450992360336,138
12.414911270141602,12.399524688720703,12.403120994567871,12.438457489977164,12.417320930480077,12.426828613060469,12.377332764639675,12.436319351196289,12.41992318061675,12.414859920377843,12.415887527120928,139
12.226165771484375,12.224652290344238,12.22529125213623,12.221447343400575,12.24949026206341,12.227777419109797,12.249284873838393,12.237650871276855,12.212749288553393,12.230501041356364,12.23206638018667,140
11.534709930419922,11.535477638244629,11.526662826538086,11.736133558908477,11.614840553736606,11.618918861702673,11.54443479641954,11.5754976272583,11.587272790447294,11.585994287075058,11.579368079345404,141
12.38515567779541,12.400579452514648,12.406821250915527,12.391882759352441,12.37465973871917,12.39923300812995,12.496693790774993,12.404812812805176,12.387925607143044,12.405307122016708,12.392265028358842,142
11.746195793151855,11.760537147521973,11.764368057250977,11.726583656769032,11.80689084891281,11.766136224486573,11.768557950662696,11.764931678771973,11.781504271680747,11.765078403245404,11.777382657319922,143
12.299224853515625,12.30054759979248,12.303414344787598,12.3022806169174,12.293339905300241,12.31363388399744,12.315608056780668,12.286768913269043,12.292047784592086,12.300762884328066,12.296570995981812,144
11.86174488067627,11.903780937194824,11.906352043151855,11.84853649163928,11.830423248200054,11.792560465693741,11.829718530183692,11.776864051818848,11.817697151063875,11.84085308884694,11.840078208207428,145
11.818859100341797,11.854992866516113,11.866756439208984,11.855210412263254,11.784731693559912,11.786295627935344,11.803387126763628,11.780961990356445,11.757482389374605,11.812075294035564,11.803236142230787,146
11.628031730651855,11.608651161193848,11.598213195800781,11.566242246261426,11.584002321191408,11.571369022994421,11.553339652123718,11.567739486694336,11.570996791557098,11.583176178718766,11.586283564957938,147
12.300070762634277,12.29869556427002,12.30013370513916,12.31455761328657,12.314905752674933,12.314806744757803,12.278790613167725,12.230544090270996,12.279673844675292,12.292464298986308,12.291337543603131,148
11.94479751586914,11.930432319641113,11.928032875061035,11.895459038927584,11.842517313585823,11.85136661641488,11.93751546489932,11.92442512512207,11.918907146567275,11.908161490676472,11.895767009918876,149
11.698071479797363,11.687162399291992,11.67325210571289,11.670785905122326,11.625117029544477,11.699320999097486,11.728059942680442,11.673622131347656,11.662912598312328,11.679811621211886,11.665995125199295,150
11.83220386505127,11.821013450622559,11.819178581237793,11.813958851440342,11.831846608260099,11.819866608750852,11.857821785958244,11.834649085998535,11.828699465211008,11.828804255836745,11.827075739776005,151
12.687886238098145,12.686929702758789,12.686107635498047,12.67515531610065,12.692979395635222,12.670151909561497,12.691289683472707,12.699981689453125,12.688333205851626,12.686534975158867,12.689082321865078,152
12.108827590942383,12.113530158996582,12.120572090148926,12.139915466748885,12.147017216701379,12.125983213589127,12.130717727221993,12.11912727355957,12.12439990591273,12.125565627091285,12.126344134390298,153
12.2474365234375,12.25052547454834,12.24321174621582,12.188245730579826,12.251772927393654,12.17045290509904,12.165612704150774,12.168272018432617,12.1558965842505,12.204602957123118,12.216116153835465,154
11.56772518157959,11.578886032104492,11.58218765258789,11.591168389754927,11.582318115977541,11.634454353772597,11.629988914208168,11.5816068649292,11.633211229486712,11.597949637155681,11.593763914191666,155
11.312821388244629,11.370461463928223,11.386218070983887,11.187618233107742,11.275794133830914,11.203352734450126,11.26879427596363,11.3113431930542,11.256371848715439,11.285863926919866,11.301839495338681,156
11.669212341308594,11.63796615600586,11.62774658203125,11.64016934100838,11.656011695985121,11.597502434589273,11.56601615074173,11.610982894897461,11.604974514920274,11.623398012387549,11.629713292061176,157
12.508545875549316,12.519231796264648,12.516331672668457,12.476954034561402,12.506612275789434,12.576360901823442,12.592130106277867,12.539240837097168,12.513205561421412,12.527623673494794,12.52402768051285,158
12.382803916931152,12.379011154174805,12.379011154174805,12.391706991460687,12.415177515316355,12.35996482537652,12.364051983694152,12.32104206085205,12.347697892666062,12.371163054960732,12.373267473026777,159
12.577921867370605,12.555490493774414,12.556501388549805,12.622987165151127,12.569524951148056,12.565299239376653,12.528635499212022,12.618427276611328,12.656806151497223,12.583510448076803,12.584665502784791,160
12.051251411437988,12.040108680725098,12.03857421875,12.033912181952182,12.044702194135489,11.989219222329472,11.998751479076002,11.996282577514648,11.996686983776993,12.021054327744208,12.022984899523045,161
12.882329940795898,12.888999938964844,12.89066219329834,12.89940767601911,12.897671450848055,12.924139661343991,12.969141525092343,12.949775695800781,12.935621487384777,12.91530550772757,12.911210950784039,162
12.430744171142578,12.421102523803711,12.418510437011719,12.416545505056192,12.40897052751135,12.37254759493946,12.353214199714289,12.385710716247559,12.381529358858835,12.398763892698408,12.401556404847867,163
11.431076049804688,11.421775817871094,11.417784690856934,11.339063511453446,11.337203563909668,11.425710485056932,11.423420467329887,11.459538459777832,11.398986776725362,11.40606220253176,11.401916875259317,164
11.92847728729248,11.903328895568848,11.904746055603027,11.907137071066556,11.860507294509366,11.914486142345092,11.8646819441796,11.924918174743652,11.936676887954166,11.90499552814031,11.901014716546975,165
11.654803276062012,11.653871536254883,11.663809776306152,11.6435496057602,11.675821694082499,11.699596443313473,11.732622118983597,11.728984832763672,11.736564197214665,11.687735942304572,11.688185291253081,166
12.086254119873047,12.095988273620605,12.1072998046875,12.147364858169738,12.142252776977564,12.131161350245465,12.035523632658757,12.013250350952148,12.091389984693116,12.09449835020866,12.098530988006573,167
12.765279769897461,12.768321990966797,12.768627166748047,12.759334112635138,12.797527395045918,12.808501750368352,12.840174840774786,12.793320655822754,12.802668222095509,12.789306211594974,12.789252819991757,168
12.187735557556152,12.186882019042969,12.190926551818848,12.206959273830801,12.182674073157548,12.190760583795171,12.238128976219611,12.18038558959961,12.193213466446876,12.195296232385289,12.186023662545196,169
12.3556547164917,12.350990295410156,12.35198974609375,12.345231878282384,12.318955779288782,12.402958887401601,12.413559949348013,12.422077178955078,12.402409618756913,12.373758672225373,12.36620537806618,170
11.70322036743164,11.728172302246094,11.726388931274414,11.68874973328584,11.704861422246825,11.699992182483792,11.73105246389584,11.649317741394043,11.692443461526983,11.702688733976164,11.701419984340795,171
12.254216194152832,12.266526222229004,12.260037422180176,12.243828247765851,12.269176076948597,12.202888680080392,12.198093064751987,12.270233154296875,12.24988978018458,12.24609876028781,12.258846555555625,172
12.258922576904297,12.262117385864258,12.260918617248535,12.238119093341446,12.23282986905524,12.22172807945198,12.239016725727796,12.273006439208984,12.213252117116147,12.244434544879853,12.244716732028799,173
11.934732437133789,11.9587984085083,11.975001335144043,11.945291444071344,11.939387700786167,11.944247089715017,11.959766150393383,11.93998908996582,11.946349545791534,11.94928480016771,11.947284305255804,174
12.157139778137207,12.151069641113281,12.146747589111328,12.148799443432022,12.155108891614452,12.139767802414672,12.018370090736868,12.134892463684082,12.085301589279304,12.126355254391468,12.139069380752211,175
12.261154174804688,12.262700080871582,12.265836715698242,12.24274097993069,12.205211995920017,12.25273370105346,12.326951005632228,12.26492691040039,12.274958300537387,12.261912651649855,12.248157824089407,176
12.300251960754395,12.285070419311523,12.278321266174316,12.310540182904818,12.327920631070473,12.326933534704263,12.31273644561072,12.287796974182129,12.28999992535261,12.302174593340583,12.30218215710087,177
12.077957153320312,12.069247245788574,12.06765365600586,12.071401061008832,12.025346102826802,12.062296844694584,12.068214614595258,12.072466850280762,12.046138294979954,12.062302424833439,12.053819310196074,178
13.04482364654541,13.019366264343262,13.008914947509766,13.015546938207754,13.094113062796106,13.03577515886678,12.98425935220233,13.012516021728516,13.037312622131171,13.02806977937012,13.042842545822644,179
11.633926391601562,11.624017715454102,11.621036529541016,11.628885121155232,11.6547233077599,11.631591308545167,11.616910773015348,11.64846134185791,11.606152082375534,11.629522730145085,11.634436510019897,180
12.015554428100586,12.022452354431152,12.017475128173828,12.01280128807607,12.014948286824705,12.052959018417695,12.045279875154208,12.026039123535156,12.044667781365908,12.028019698231033,12.027315948145821,181
12.01748275756836,12.016036033630371,12.01923656463623,11.97532989329536,12.03828869252458,12.084379839708413,12.069351289818432,12.075994491577148,12.064294339153228,12.040043766879124,12.045487280299945,182
11.74820613861084,11.718035697937012,11.729057312011719,11.781690267825283,11.720294742395943,11.71344274217272,11.688659287445667,11.682426452636719,11.73639789137906,11.724245614712775,11.715189476769705,183
12.13708782196045,12.152538299560547,12.166193962097168,12.181663744063952,12.211447122746916,12.126982015966792,12.19186739777393,12.221514701843262,12.19492272761153,12.176024199291616,12.182767880856247,184
11.729269027709961,11.768439292907715,11.765461921691895,11.708125375509313,11.696341621694406,11.74376953959933,11.69186289523501,11.672623634338379,11.698000728628912,11.719321559701658,11.721190927834712,185
12.661189079284668,12.625333786010742,12.62822151184082,12.678355955892775,12.742649195545578,12.69084567688,12.79626318765035,12.760290145874023,12.758674622415509,12.70464701793272,12.704224775573634,186
12.089071273803711,12.1017484664917,12.10794734954834,12.101507053327843,12.051390036247032,12.107931248424773,12.103769136267198,12.06088638305664,12.071149268783309,12.088377801772285,12.077930234444842,187
11.754853248596191,11.723294258117676,11.724884986877441,11.716699027905216,11.75618798574631,11.743589442688053,11.724015179341253,11.672317504882812,11.726255077389832,11.726899634616087,11.72673563240331,188
11.863273620605469,11.844874382019043,11.846820831298828,11.856623756748915,11.850092415545753,11.83882159818103,11.850681377351144,11.839967727661133,11.879876559494415,11.852336918767305,11.849881680000088,189
12.514945983886719,12.533857345581055,12.531582832336426,12.483626223698574,12.554639429004883,12.486106308207146,12.44434684398885,12.46656322479248,12.543138165037897,12.506534039614893,12.525278103701869,190
12.441207885742188,12.482105255126953,12.477221488952637,12.403870479091168,12.425221674412636,12.52967592655963,12.599033444999721,12.606895446777344,12.540544990097063,12.500641843528816,12.49956603893796,191
12.149272918701172,12.182991981506348,12.177915573120117,12.09819466588495,12.099761831160105,12.039574895745307,12.031297307228064,12.069188117980957,12.054541414595395,12.100304300658046,12.109286292668324,192
12.196487426757812,12.197578430175781,12.201674461364746,12.200355809061971,12.180496827376103,12.191677963529273,12.190841251706466,12.164252281188965,12.173510045532021,12.188541610743682,12.183654872843356,193
11.882790565490723,11.895569801330566,11.901381492614746,11.921829063159446,11.849468159812137,11.805380633849417,11.797332767699286,11.875410079956055,11.84002045824968,11.863242558018007,11.862595776773594,194
11.673006057739258,11.677109718322754,11.676227569580078,11.673115506264914,11.687190563072553,11.668328629808851,11.665887363182891,11.635746955871582,11.67263143854599,11.669915978043209,11.671789790355309,195
11.858060836791992,11.862299919128418,11.866250038146973,11.858130647684632,11.883282231432453,11.925064389007817,11.906275513810455,11.941471099853516,11.89662274978756,11.888606380627092,11.891861536490865,196
12.710659980773926,12.684148788452148,12.680962562561035,12.67585585445267,12.7297996093602,12.715259685825046,12.613779149480894,12.577589988708496,12.648686765693006,12.670749153923046,12.67795519287481,197
12.546048164367676,12.481080055236816,12.479508399963379,12.565866496025976,12.455472637865661,12.554161222587057,12.652125249566822,12.733580589294434,12.63800403098913,12.567316316210773,12.543811226994432,198
11.748004913330078,11.739005088806152,11.737676620483398,11.637852475874752,11.712657863780372,11.683397684389826,11.744796564310965,11.701281547546387,11.70425342788084,11.712102909600308,11.715188481135307,199
12.624459266662598,12.643122673034668,12.645719528198242,12.611524578691773,12.629606426658496,12.623642939179028,12.605932670996225,12.621072769165039,12.619444761282779,12.624947290429873,12.630585811025927,200
11.80219554901123,11.797761917114258,11.794998168945312,11.784028675650823,11.797414709571688,11.89792065383663,11.857758137171437,11.820536613464355,11.86120662868649,11.823757894828027,11.820699881283405,201
11.973611831665039,12.000469207763672,12.004941940307617,11.999702691191871,12.009977058028078,11.999483766606312,12.022788914900541,12.006622314453125,12.019836836280575,12.004159395688538,12.00667738805378,202
11.695323944091797,11.682679176330566,11.68515682220459,11.710926233586383,11.691387634687295,11.657846492491075,11.76927837930553,11.685710906982422,11.647724488889612,11.691781564285474,11.677956240036275,203
11.816269874572754,11.823138236999512,11.827082633972168,11.850524051053508,11.83197089458543,11.851994249136586,11.847173723582397,11.865693092346191,11.877061863952429,11.843434291133443,11.842915716147502,204
11.6102876663208,11.623729705810547,11.625314712524414,11.58661834918555,11.62662606039678,11.686017337747518,11.637312362611215,11.618439674377441,11.616536271433022,11.625653571156365,11.629127598606503,205
12.057092666625977,12.070059776306152,12.074080467224121,12.03924349498676,12.091550658778285,12.073517659218927,12.067111514888612,12.100574493408203,12.083290665931441,12.07294682192983,12.082938941632614,206
11.788394927978516,11.784584999084473,11.788077354431152,11.802906697425978,11.782501144441484,11.809831301598264,11.76765760347548,11.770210266113281,11.744557792010559,11.78208023183991,11.778672766889269,207
11.693603515625,11.705395698547363,11.7100248336792,11.712352288703126,11.783297439123185,11.840172131628885,11.821192496419304,11.81056022644043,11.820446802838685,11.76633838144502,11.773487924179198,208
12.45384693145752,12.468685150146484,12.468875885009766,12.458110688798152,12.405585131909307,12.411077326603445,12.45645167019494,12.363005638122559,12.426329506322414,12.434663103173841,12.42291127021301,209
11.960209846496582,11.970808029174805,11.97209644317627,11.949072451860745,11.931079861672384,11.93762636394215,11.993224439713792,11.914783477783203,11.91258935522672,11.949054474338517,11.939463508624863,210
11.359527587890625,11.387754440307617,11.387292861938477,11.191874485525773,11.310792346314727,11.33744285530681,11.40168807518131,11.408459663391113,11.360231345599658,11.349451517939567,11.36096907671428,211
11.998456954956055,11.991974830627441,11.992989540100098,11.993999233343127,11.985407298935488,12.05059446176954,12.093232132983276,12.00541877746582,12.029294265993013,12.015707499574873,12.003716797990004,212
12.400362968444824,12.407032012939453,12.407407760620117,12.38442264913483,12.413041221494437,12.408008687018866,12.40179027095654,12.408482551574707,12.407072161378727,12.404180031506945,12.408998550965245,213
11.995977401733398,11.981624603271484,11.976785659790039,11.950123732728306,11.96084107075703,11.928312837388644,11.896725833316191,11.930174827575684,11.934572947600175,11.95057099046233,11.955643814987345,214
11.919445037841797,11.928136825561523,11.928972244262695,11.920988324487967,11.952141537044254,11.87780257881227,11.878152892299934,11.860054969787598,11.873363808585731,11.904339802075974,11.910906189200192,215
11.791048049926758,11.776117324829102,11.778950691223145,11.83396984489888,11.81278333519065,11.84095880538235,11.844069024966899,11.859176635742188,11.872805613348195,11.823319925056463,11.819656840442645,216
12.28095817565918,12.270157814025879,12.271053314208984,12.284124420109322,12.262623175146766,12.230722224798884,12.215635072277449,12.208259582519531,12.233308002854365,12.250760197955596,12.249026108246163,217
11.411858558654785,11.430617332458496,11.427203178405762,11.463971148392336,11.514513955140961,11.41815629503026,11.376346864799325,11.370747566223145,11.431310740571284,11.427191737741818,11.442779344346276,218
12.38779067993164,12.440019607543945,12.433959007263184,12.343137541336555,12.387663323493298,12.391464532215672,12.350799025557066,12.352570533752441,12.380696314670269,12.385344507307119,12.39855023931424,219
12.066875457763672,12.06047248840332,12.059343338012695,12.052715709295914,12.040912517017787,12.069626119645944,12.076003344382842,12.089835166931152,12.04295636415827,12.062082278401288,12.058234154610386,220
12.23800277709961,12.243098258972168,12.24730110168457,12.238628017279302,12.209000532791885,12.278501975352048,12.32999149326191,12.296679496765137,12.299601193694004,12.264533871877848,12.254004298407704,221
12.260337829589844,12.277523040771484,12.270513534545898,12.236153832635228,12.241431799920443,12.270777169364342,12.307771674977937,12.23354721069336,12.237083359556474,12.259459939117225,12.25434187318911,222
12.051587104797363,12.042410850524902,12.042867660522461,12.052062178606356,12.079305358517034,12.064152921057904,12.105134383245101,12.06722640991211,12.085530553540432,12.065586380080408,12.064736175083734,223
11.599285125732422,11.600822448730469,11.596053123474121,11.621786359708828,11.694719856958702,11.751507621247066,11.694119009471114,11.729036331176758,11.713737493517106,11.666785263335177,11.678229848240871,224
12.949743270874023,12.930891990661621,12.928951263427734,12.910974979146191,12.945032704329288,12.961501763224739,12.954773187449142,12.898204803466797,12.884517035803212,12.929398999820307,12.926155586933367,225
11.44466495513916,11.447006225585938,11.446846961975098,11.444806801260015,11.503949883159963,11.488690572369636,11.455368931794032,11.437854766845703,11.475406149600227,11.460510583081085,11.469403720667918,226
12.446507453918457,12.44727897644043,12.442381858825684,12.44590034019997,12.505164386413117,12.503701915898953,12.438919327169254,12.455523490905762,12.49678490912508,12.464684739877413,12.477208756889697,227
11.529430389404297,11.53164291381836,11.535468101501465,11.542142860907497,11.54447901962067,11.48286972122638,11.477792134921119,11.488133430480957,11.5135813955882,11.51617110749655,11.520642545180564,228
11.641047477722168,11.653069496154785,11.655104637145996,11.645645152168866,11.691000159206897,11.702335592783136,11.694877725273875,11.706911087036133,11.68595548903589,11.675105201836416,11.681640929674161,229
12.156448364257812,12.147148132324219,12.144338607788086,12.161855366251482,12.143993486807489,12.180153513528724,12.222918028718782,12.147541046142578,12.175802419769827,12.164466551732112,12.15386774599683,230
11.785332679748535,11.791009902954102,11.788074493408203,11.768824763724254,11.805592483989733,11.795038901062778,11.808090262822654,11.766866683959961,11.805678827410338,11.790500999897839,11.793681254960507,231
12.759209632873535,12.77685546875,12.771787643432617,12.77351055670832,12.800489946245232,12.848901102030085,12.755440425818836,12.821175575256348,12.793952468508422,12.789035868847044,12.800163058448929,232
11.459564208984375,11.453092575073242,11.45853328704834,11.457368032179014,11.501046914409867,11.49143793886766,11.470294151658582,11.465991020202637,11.490271995363619,11.471955569309703,11.477423161072371,233
11.776719093322754,11.763116836547852,11.757227897644043,11.746020028454033,11.808970771979753,11.806070191015625,11.854281804020994,11.810823440551758,11.80718896809483,11.792268781292405,11.793813582651698,234
12.291337966918945,12.28185749053955,12.281744003295898,12.28411238935652,12.28507201488373,12.280380024280461,12.261018653866103,12.241765975952148,12.261813793954806,12.274344701449797,12.273412605811995,235
11.423723220825195,11.347131729125977,11.3538236618042,11.474926202242685,11.444914049618076,11.362910598031373,11.42529428443508,11.312554359436035,11.376505438082406,11.391309282622338,11.374064095768357,236
12.160040855407715,12.162664413452148,12.166436195373535,12.173753138419887,12.152307735802133,12.126553036173343,12.085765029129997,12.122000694274902,12.125060924034162,12.141620224674202,12.144344333878227,237
12.293196678161621,12.295293807983398,12.295896530151367,12.302931325095368,12.26809041200224,12.259260797769674,12.292417781275283,12.275476455688477,12.25354774073854,12.281790169873995,12.275096872515286,238
12.504483222961426,12.498006820678711,12.498248100280762,12.463917695717234,12.49365050882134,12.49463411687769,12.464322049815124,12.47421932220459,12.454617127472154,12.482899884981002,12.486545238328764,239
11.721579551696777,11.747271537780762,11.751401901245117,11.716751040366375,11.71687165978031,11.725984353093008,11.760208489969367,11.770645141601562,11.763712510723915,11.741602909584135,11.742829182610297,240
12.43979549407959,12.453062057495117,12.453704833984375,12.439396865040264,12.46431990670106,12.522941652478435,12.543305959262597,12.551519393920898,12.495638173100842,12.484853815118132,12.484933285807365,241
11.500486373901367,11.522673606872559,11.513328552246094,11.645959726905858,11.49265631041059,11.534378390941704,11.468891279499074,11.498453140258789,11.453553577315118,11.514486773150129,11.502075064726146,242
11.434605598449707,11.45301628112793,11.458086013793945,11.449041862307851,11.405418426423127,11.434879363261363,11.521823356582965,11.464672088623047,11.509796570464037,11.459037729003775,11.448141959988059,243
11.775795936584473,11.797243118286133,11.797134399414062,11.780708436080623,11.796459447782674,11.778022500895514,11.732605037480914,11.767309188842773,11.774123385742433,11.77771127234551,11.787029025828334,244
12.350019454956055,12.350981712341309,12.35414981842041,12.366154936870588,12.357069703306989,12.355620755754787,12.350144917869587,12.360810279846191,12.364619980858128,12.356619062247114,12.356606843251937,245
12.325220108032227,12.316995620727539,12.319945335388184,12.325425849895376,12.332360813494246,12.323846236559017,12.27884612413979,12.386957168579102,12.348420656929369,12.32866865708276,12.337363209999896,246
11.882667541503906,11.87022590637207,11.861124992370605,11.798807996698082,11.820964314240083,11.781271289848103,11.765534346623848,11.86339282989502,11.812645381852523,11.82851495548936,11.838328774309545,247
11.89609432220459,11.920919418334961,11.923125267028809,11.893353263668342,11.901724713293197,11.90181702458891,11.850820025272418,11.90402603149414,11.911586044353156,11.900385123359836,11.909736866596722,248
12.148587226867676,12.164191246032715,12.167057991027832,12.152252911019033,12.154947195405793,12.13980309329706,12.123086749749971,12.155460357666016,12.141205069064332,12.149621315570048,12.154497806559316,249
12.54403018951416,12.558688163757324,12.57058334350586,12.561803239860016,12.581239378665366,12.554997651798129,12.503238010003471,12.486059188842773,12.542299122995546,12.544770920993626,12.550665911068648,250
11.412528038024902,11.478202819824219,11.480815887451172,11.325927017689537,11.17990551545323,11.426192539027296,11.468673309459927,11.375758171081543,11.388048588695964,11.392894654078644,11.362857935819521,251
12.509949684143066,12.51188850402832,12.514955520629883,12.497425577863977,12.510007054211384,12.62678655768536,12.62801555839843,12.477203369140625,12.426344459185788,12.522508476142981,12.505657696672595,252
12.078313827514648,12.077119827270508,12.078856468200684,12.073910096225664,12.07100582626277,12.071128924781531,12.099877120813797,12.060216903686523,12.084770023746481,12.077244335389178,12.073270235200727,253
12.119317054748535,12.079419136047363,12.067752838134766,12.06574145521258,12.04260969929752,11.994528611618323,11.98369732612511,12.02128791809082,12.019351214959338,12.043745028248262,12.042901142353223,254
11.854975700378418,11.86540412902832,11.866827964782715,11.84016233833445,11.856159209241953,11.885696354697574,11.845874079696602,11.912985801696777,11.875106836577794,11.867021379381622,11.87386971402977,255
12.30268669128418,12.308396339416504,12.311092376708984,12.301587444157745,12.299307256433266,12.341300971109602,12.34659480658796,12.353116989135742,12.320544926844578,12.320514200186507,12.31811299171677,256
12.20617389678955,12.207756996154785,12.208008766174316,12.214871345885623,12.22379577596516,12.217104030887942,12.167037497696409,12.169038772583008,12.154512842204033,12.196477769371203,12.199399248227248,257
12.326918601989746,12.310989379882812,12.313368797302246,12.358666879043936,12.359293334509008,12.32648872099411,12.389323810858045,12.31974983215332,12.34180951330482,12.338512096670893,12.331484302883984,258
12.302285194396973,12.283380508422852,12.28134822845459,12.311689390921352,12.301347129073738,12.32171199102545,12.343167280842232,12.3219575881958,12.28070686218338,12.30528824150182,12.297925265697865,259
11.509211540222168,11.506250381469727,11.508610725402832,11.497032479747709,11.509194881457088,11.557997424977454,11.59084816430476,11.555047035217285,11.566130131444083,11.533369196027012,11.528638148362191,260
12.0812349319458,12.063673973083496,12.065710067749023,12.056284807605442,12.074485536257496,11.988046989630336,12.058078503535748,11.983345985412598,11.980447401477914,12.039034244077541,12.034251408030512,261
12.717215538024902,12.719886779785156,12.721939086914062,12.722126560120497,12.751852085889077,12.79927987186238,12.807419490222795,12.769147872924805,12.783262259563521,12.75468106058969,12.753595336715776,262
12.003209114074707,12.004533767700195,12.005967140197754,12.010211036930393,12.03588990538759,12.013468652670168,11.948724762516191,11.970102310180664,12.009024615078921,12.000125700526288,12.009198340968107,263
11.739038467407227,11.731868743896484,11.734221458435059,11.707554099734827,11.721072586509374,11.742764650370141,11.73340309511603,11.70889663696289,11.69092673688618,11.723305163924245,11.720618332339773,264
11.295453071594238,11.264030456542969,11.263914108276367,11.332519654454671,11.356780755705728,11.357179913949862,11.368198584657495,11.356796264648438,11.341946521071439,11.326313258989023,11.324584261189472,265
12.132977485656738,12.112876892089844,12.115523338317871,12.161297672510525,12.154405549045984,12.099912756863402,12.09710243996406,12.090229034423828,12.080301512466745,12.116069631259888,12.114596098953285,266
12.162105560302734,12.157820701599121,12.15934944152832,12.176101390875651,12.15776098311327,12.11562921160817,12.141419816293306,12.109403610229492,12.118921146555246,12.144279095789479,12.140259949481287,267
12.118913650512695,12.089044570922852,12.088279724121094,12.057956699655097,12.06651732998284,12.194792294832231,12.150792943543706,12.074188232421875,12.07212017082404,12.101400624090713,12.089162838723785,268
11.548614501953125,11.530444145202637,11.53537654876709,11.571550282439109,11.592093089670058,11.622059203211684,11.562094117317809,11.593825340270996,11.620314344190831,11.575152397002592,11.579478865568394,269
11.958977699279785,11.959439277648926,11.966387748718262,11.970808259134772,11.915876714467538,11.943646365225355,11.899508799016747,11.941576957702637,11.954231659159504,11.945605942261501,11.942421645923718,270
12.491576194763184,12.494280815124512,12.494498252868652,12.497655997303752,12.509353335410818,12.459316688227092,12.434743229678093,12.454660415649414,12.48398788063984,12.480008089962817,12.487041289981946,271
12.312950134277344,12.30388069152832,12.300870895385742,12.309913561410374,12.310603601458197,12.254556794113942,12.234560022081414,12.331826210021973,12.319719176230297,12.2976534540564,12.307236613285873,272
12.658598899841309,12.672012329101562,12.667814254760742,12.630499991625776,12.667528079672117,12.602711427769457,12.571997560792797,12.568760871887207,12.603195986397425,12.627013266872044,12.637544060306674,273
12.004069328308105,11.965583801269531,11.964009284973145,12.008149276348888,12.031162364934954,11.951210050727086,11.994211575241481,11.997793197631836,12.031277428464596,11.994162923099957,11.996326314402662,274
11.780009269714355,11.760802268981934,11.757648468017578,11.748735778733968,11.774015927753387,11.769313721304838,11.78645616638432,11.779255867004395,11.724670860764634,11.764545369851046,11.763023404643292,275
12.090410232543945,12.107453346252441,12.11263370513916,12.072642440695958,12.095081456572744,12.066308606312054,12.125210616454288,12.076611518859863,12.026139629128643,12.085832394662122,12.083375268153187,276
12.208192825317383,12.21132755279541,12.215608596801758,12.230378231521737,12.211609987039017,12.220596978104252,12.220617454717745,12.233336448669434,12.219422731891482,12.219010089650913,12.216983031336536,277
11.587995529174805,11.582430839538574,11.576602935791016,11.585361748393776,11.624664815113102,11.59491187702013,11.654718782284306,11.575336456298828,11.55752210334557,11.593282787440012,11.590523953799,278
12.859931945800781,12.866047859191895,12.861714363098145,12.832957994859191,12.861281983295529,12.75981234655955,12.78905108956987,12.755549430847168,12.843956221043268,12.82558924825171,12.833189970796422,279
12.259696006774902,12.239984512329102,12.232860565185547,12.23968863273053,12.258193194033078,12.235632582136327,12.227934267827607,12.24933910369873,12.266675871496997,12.245556081801425,12.249752807451149,280
12.223172187805176,12.239797592163086,12.243454933166504,12.249413994895884,12.246804938915231,12.295692872338721,12.274632888003351,12.253307342529297,12.289341070958002,12.257290868975028,12.2566950279265,281
12.232528686523438,12.218642234802246,12.20986270904541,12.204532877080398,12.245463547848525,12.190554001487591,12.159918812273377,12.149110794067383,12.156862310837592,12.19638621932955,12.203259577071446,282
12.284869194030762,12.277444839477539,12.264242172241211,12.233856163855076,12.259746620826084,12.300532659352696,12.339747821617541,12.262965202331543,12.298980084584189,12.280264973146293,12.275832057346735,283
12.359107971191406,12.358609199523926,12.3583984375,12.346055300093896,12.349083797041086,12.382268322383938,12.463895555749414,12.48458480834961,12.476793492010186,12.397644098204829,12.395147908643823,284
12.159611701965332,12.135505676269531,12.130796432495117,12.142720788248237,12.14360905537568,12.1338362312879,12.101365045586594,12.093063354492188,12.102668493015223,12.127019642081756,12.126173868444784,285
12.04207706451416,12.041095733642578,12.040067672729492,12.031944206494934,12.017189214312515,12.000243258631007,11.996151861679463,12.010360717773438,12.004820332104343,12.02043889576466,12.020356092510976,286
12.154165267944336,12.14366340637207,12.141901969909668,12.167172146209731,12.168000712207833,12.08356766638169,12.100023237789042,12.103768348693848,12.083411425348297,12.127297131206282,12.129161266187754,287
11.495150566101074,11.477945327758789,11.472933769226074,11.697365277345625,11.507455786564787,11.498614296860474,11.534339119480942,11.558709144592285,11.538282096680476,11.531199487178949,11.509409754861597,288
11.610811233520508,11.60512924194336,11.603554725646973,11.627610579324497,11.692516524118172,11.674579506626847,11.681909317649444,11.674535751342773,11.667144970666369,11.648643538982105,11.655824278366852,289
11.899839401245117,11.88990306854248,11.885266304016113,11.881549310640288,11.94608122079759,11.918120764388714,11.877321647556602,11.873276710510254,11.899177325249749,11.89672619477188,11.906791067530202,290
12.455272674560547,12.432951927185059,12.428778648376465,12.450798286967732,12.4346990952476,12.396089079043675,12.424314167493131,12.395339012145996,12.390518794808237,12.423195742869828,12.417630577876508,291
11.684721946716309,11.70020580291748,11.695981979370117,11.543211106702984,11.724140489913879,11.74834636852339,11.717658393720644,11.734062194824219,11.690605886517643,11.69321490768963,11.71565925876092,292
11.803814888000488,11.770622253417969,11.776420593261719,11.85172965566726,11.81459507553166,11.801666321061932,11.776960251977025,11.808194160461426,11.805073385413337,11.801008509421424,11.796605426589869,293
12.356700897216797,12.363343238830566,12.365134239196777,12.386438008974464,12.360113867647724,12.359233656734157,12.48835388107765,12.471240997314453,12.369512988946287,12.391119086215433,12.379890341247018,294
12.071480751037598,12.073351860046387,12.0741605758667,12.053935973199614,12.070491136301223,12.028079293953214,11.928422384089618,12.04271411895752,12.027091576457282,12.041080852212128,12.056457557111097,295
11.954366683959961,11.956745147705078,11.957686424255371,11.940808171763006,11.955785371956441,11.902775290928462,11.890491888929532,11.928525924682617,11.914478922208653,11.933518202932126,11.940413467876091,296
11.773603439331055,11.779459953308105,11.776881217956543,11.745524730203126,11.803568277273499,11.78571975633337,11.792134351548869,11.781444549560547,11.795496941405222,11.781537024102258,11.789253420165371,297
12.382624626159668,12.35914134979248,12.351852416992188,12.36619501377259,12.3797815662656,12.336731666237897,12.335067292224426,12.354626655578613,12.341201298925085,12.356357987327616,12.359148316190248,298
12.119718551635742,12.093918800354004,12.100329399108887,12.123658218957743,12.112856500164632,12.106310285198083,12.081354379989302,12.07778549194336,12.070274341465096,12.098467329868539,12.09443734329808,299
11.91292667388916,11.960275650024414,11.961494445800781,11.899620003689948,11.990904792065734,11.946422219413545,11.858448469311046,11.923583984375,11.977450217118513,11.936791828409794,11.963829158011166,300
11.999377250671387,12.023159980773926,12.016348838806152,11.93702023187112,11.954504701092597,11.993671545156364,11.994793305311324,12.006298065185547,12.029997884697329,11.995019089285082,11.999783379850177,301
12.540645599365234,12.507818222045898,12.506718635559082,12.528107727468988,12.518427731514262,12.5197384378337,12.459588428128278,12.533946990966797,12.515185433056818,12.514464133993227,12.517096536898773,302
12.299389839172363,12.291033744812012,12.293121337890625,12.306204397295286,12.298497545270516,12.318472881565924,12.304953107543886,12.365670204162598,12.342593755051606,12.313326312529425,12.315001407193666,303
11.771484375,11.777566909790039,11.780570983886719,11.774518712339104,11.792331442104079,11.740662267539019,11.740269691299822,11.769003868103027,11.764484399593977,11.767876961072865,11.774529316669962,304
12.499234199523926,12.521430015563965,12.514049530029297,12.498391036155068,12.51157588233467,12.664952032908994,12.630101559011635,12.6893949508667,12.698656834120076,12.580865115612703,12.585352711298981,305
12.58743667602539,12.586150169372559,12.587959289550781,12.59452070441776,12.588141943527111,12.58033246175555,12.674922290164897,12.608176231384277,12.61177635272009,12.602157346546491,12.59320523013553,306
12.35331916809082,12.35966682434082,12.360588073730469,12.36504100320063,12.375085386287692,12.31470965538591,12.412513250569054,12.39458179473877,12.321722301756564,12.361914162011193,12.35926357730252,307
11.528722763061523,11.553450584411621,11.55634593963623,11.530106190650258,11.45652722051947,11.523492657355368,11.545354711193704,11.544998168945312,11.554466240209354,11.532607163998094,11.522844192773812,308
11.565409660339355,11.562878608703613,11.559287071228027,11.565978480217128,11.59424132626851,11.64277790282301,11.671081338479294,11.617794036865234,11.667338945889863,11.605198596757115,11.603224154801303,309
12.82289981842041,12.830429077148438,12.833609580993652,12.804326102926836,12.80113511230615,12.819996473480446,12.787047734830761,12.820375442504883,12.810178007548688,12.814444150017808,12.816924476083177,310
12.029786109924316,12.034920692443848,12.037069320678711,12.039417312545847,12.047784352171247,12.108583960199569,12.114963699168944,12.083507537841797,12.107128848785274,12.06701798152884,12.064002387397217,311
11.871928215026855,11.847884178161621,11.84409236907959,11.859425059072155,11.860684489227335,11.793139127106473,11.79069436667264,11.814414024353027,11.812336858442407,11.832733187460233,11.835339420004512,312
11.704544067382812,11.729433059692383,11.728858947753906,11.729054027422594,11.678682758692483,11.770424242520066,11.8025745077248,11.750772476196289,11.728378890272445,11.735858108628642,11.723120299578095,313
12.580501556396484,12.640274047851562,12.64883804321289,12.595536434526718,12.567994630157198,12.458508769320593,12.436794330832678,12.51424503326416,12.461704967700303,12.54493309036251,12.556488283644878,314
12.063361167907715,12.056809425354004,12.061943054199219,12.063760526207567,12.09052214348421,12.037388141424502,12.03324258294208,12.053842544555664,12.035907671893877,12.055197473107649,12.060496474524934,315
12.136082649230957,12.14166259765625,12.14794921875,12.165295704491198,12.132980266737508,12.113345683797526,12.111434324964218,12.118046760559082,12.137259895723892,12.133784122434514,12.132022367386366,316
12.436511993408203,12.445054054260254,12.447565078735352,12.444510279629938,12.44802153999565,12.447091299227662,12.337811403289733,12.391569137573242,12.411007696586292,12.423238053634037,12.432803814920767,317
12.464188575744629,12.461553573608398,12.461835861206055,12.456414717311443,12.45172860283327,12.450099479773607,12.47862601935518,12.486045837402344,12.49379672432205,12.467143265728554,12.466146981654008,318
12.634184837341309,12.668476104736328,12.662644386291504,12.630027838985205,12.629320893133979,12.670344040231688,12.64632141172137,12.635624885559082,12.63451830375925,12.645718077973303,12.648031929939187,319
12.208871841430664,12.215696334838867,12.2175874710083,12.186991150310767,12.208966679865679,12.15291413184844,12.127102650111379,12.182177543640137,12.165018940228045,12.185036304809143,12.194850141408716,320
12.726652145385742,12.73717212677002,12.737482070922852,12.702495839660388,12.766283093015131,12.739312094951101,12.813785202816513,12.825115203857422,12.730460869327434,12.753195405189622,12.758171843365462,321
12.696603775024414,12.685601234436035,12.684550285339355,12.708717189741435,12.727463944145724,12.738098200814639,12.751778481800367,12.674322128295898,12.698759125697821,12.707321596143965,12.702519859121079,322
12.465853691101074,12.470345497131348,12.475778579711914,12.483757930016242,12.46404415174588,12.496673516604119,12.470054701664292,12.54297924041748,12.5772573334936,12.494082737987329,12.49803924605468,323
11.704566955566406,11.708507537841797,11.701643943786621,11.669320087614853,11.72110755647473,11.699098103677931,11.729350900585167,11.729496002197266,11.690600706571121,11.705965754923987,11.711698247796322,324
12.479677200317383,12.424237251281738,12.42307186126709,12.458480990834822,12.490017819257602,12.43642961887091,12.459643426209189,12.429258346557617,12.432710985269997,12.448169722207371,12.445358076486217,325
11.38142204284668,11.38957691192627,11.400732040405273,11.387847844032498,11.403793399756262,11.435764796841314,11.318393381737623,11.339797019958496,11.346084408501838,11.378156871778472,11.384201689385684,326
12.643852233886719,12.643824577331543,12.6337251663208,12.624315011887782,12.60697898474816,12.563621777147274,12.649231715291048,12.57950210571289,12.589578118961331,12.614958854587506,12.607639994873725,327
11.931633949279785,11.925053596496582,11.924266815185547,11.922193030848852,11.937546651480991,11.93611174052571,11.909575063466093,11.88696575164795,11.908442305022563,11.920198767106008,11.921234015387535,328
11.974910736083984,11.98300552368164,11.986640930175781,11.97667438354121,11.995592153950575,12.027832605450044,12.073685506806497,12.044726371765137,12.061601177109557,12.013852154284935,12.011993594422345,329
11.376358985900879,11.420414924621582,11.43044662475586,11.413029077279614,11.472328494548206,11.365865413424304,11.16545937518799,11.296948432922363,11.249768792946627,11.354513346843047,11.38508788561864,330
11.90328311920166,11.89162826538086,11.90052604675293,11.882873522788257,11.814578389782733,11.877021584391299,11.83651888692607,11.869186401367188,11.885724190324122,11.873482267435014,11.86482397529932,331
11.755550384521484,11.755507469177246,11.754711151123047,11.761729058607362,11.781886603382082,11.801656854260576,11.80924867385993,11.804435729980469,11.820958391650407,11.7828538129514,11.784490396765452,332
12.598299026489258,12.592236518859863,12.596572875976562,12.623027613998472,12.58565195432185,12.592240587291741,12.591566015730095,12.6821928024292,12.608088349499614,12.60776397162185,12.606858818677583,333
12.264702796936035,12.244755744934082,12.240299224853516,12.279981832160598,12.241551019688789,12.182591604771982,12.162425930985698,12.163780212402344,12.177790112750671,12.21754205327597,12.215143657481502,334
12.27006721496582,12.26622200012207,12.262977600097656,12.273745483071243,12.252846067634668,12.174187590375142,12.20381240818224,12.199328422546387,12.201218851193456,12.233822848687632,12.233241170963064,335
12.43356990814209,12.465397834777832,12.462359428405762,12.414936544814626,12.435314283712417,12.332121294133183,12.313445711828894,12.373086929321289,12.373949717318593,12.400464628050521,12.41582926311472,336
12.840008735656738,12.832941055297852,12.827207565307617,12.813863841153776,12.848559675898464,12.817258285768032,12.81070064783107,12.829107284545898,12.796453855400914,12.82401121631782,12.829745882349629,337
12.269876480102539,12.288727760314941,12.290902137756348,12.283825833711209,12.276319733535379,12.27748187858877,12.278706907348797,12.282854080200195,12.286138984786593,12.281648199593862,12.28289850381735,338
12.298402786254883,12.293305397033691,12.287144660949707,12.279538913203092,12.254914489640962,12.213534889359375,12.216682106532001,12.221755981445312,12.22508967466616,12.254485433231688,12.253617541386543,339
11.87878704071045,11.899765014648438,11.900811195373535,11.858332337559725,11.869312345572308,11.91719344053341,11.871158544404455,11.929628372192383,11.924274378292145,11.894362518809649,11.901500800481672,340
12.297765731811523,12.303564071655273,12.304183006286621,12.28386063868981,12.256423313010698,12.2862841011984,12.286284940699751,12.311427116394043,12.291752244412562,12.291282796017633,12.288525152906663,341
11.244318962097168,11.32461929321289,11.3299560546875,11.251860095462105,11.24647747519028,11.380446611415255,11.465407455239472,11.368453979492188,11.367302147569951,11.330982452707424,11.322186974779045,342
11.340047836303711,11.335464477539062,11.334081649780273,11.35441515011567,11.38190724167511,11.408783476311937,11.400908805179641,11.381136894226074,11.400975354224816,11.3708578761507,11.372212167663992,343
12.568644523620605,12.548792839050293,12.546228408813477,12.546341665258733,12.577917276939962,12.524208922665522,12.462572099785495,12.432807922363281,12.459728216788834,12.518582430587355,12.523202123457907,344
11.414719581604004,11.425383567810059,11.435202598571777,11.498020463668116,11.431293530302732,11.461411078391892,11.439798009494487,11.43511962890625,11.4738195344335,11.44608533257587,11.439168077787597,345
11.815954208374023,11.819008827209473,11.818016052246094,11.81049782301848,11.844318549318242,11.824660468087034,11.920932510191895,11.885125160217285,11.864272817800913,11.844754046273714,11.843319982702162,346
11.82677936553955,11.830284118652344,11.824687004089355,11.813791459923582,11.860454091228847,11.797828676752099,11.79103603079138,11.84826946258545,11.837149487184568,11.825586632971907,11.83891072374785,347
12.177979469299316,12.165094375610352,12.160218238830566,12.148384897052766,12.14344081570504,12.09933375679021,12.08433368661112,12.099930763244629,12.110464986045299,12.132131221021034,12.134346854959022,348
12.137730598449707,12.149283409118652,12.147697448730469,12.140983704643881,12.113836998686212,12.150296837634636,12.138612863061933,12.120002746582031,12.132563831003617,12.13677871532346,12.132776992305839,349
12.979912757873535,12.977842330932617,12.978840827941895,12.95254634739321,12.945430898735179,13.070523133111912,13.108645078872932,13.092650413513184,13.09940269221056,13.022866053398339,13.014062388792585,350
12.626102447509766,12.631855010986328,12.633350372314453,12.597566732169051,12.591315494493266,12.560036900989099,12.687480303275352,12.628045082092285,12.64670271361424,12.62249500638265,12.614909055947804,351
12.197376251220703,12.187557220458984,12.181109428405762,12.216023114951714,12.155351185257542,12.221989046463376,12.196249132125319,12.175259590148926,12.208290656412197,12.193245069493836,12.183413340845256,352
11.46972942352295,11.521414756774902,11.535475730895996,11.490585479453044,11.397766911622055,11.429168685228523,11.471608888917677,11.472990989685059,11.404147608232368,11.465876497148063,11.453930487250105,353
11.52868938446045,11.530517578125,11.529465675354004,11.553504163285321,11.605811937838947,11.554651056988853,11.598518913762396,11.568312644958496,11.596061292265306,11.562836960782086,11.568754190493705,354
11.933295249938965,11.928743362426758,11.935809135437012,11.938153060571597,11.907541446795934,11.912444376729447,11.988096744257206,11.96008014678955,11.972565506932701,11.941858781097686,11.932472936057353,355
12.063552856445312,12.056297302246094,12.05955696105957,12.071499695762206,12.01703198803011,12.067943313187566,12.083044936132287,12.030285835266113,12.053357438914867,12.055841147449348,12.042337744891073,356
12.016316413879395,12.021318435668945,12.023324012756348,12.037101718476304,12.02416336319123,11.994810303220545,12.032448663786173,11.995622634887695,12.003625679429934,12.016525691699618,12.012772900004297,357
11.852230072021484,11.851022720336914,11.849400520324707,11.843881446510519,11.832480845245975,11.876833016366405,11.893450634968254,11.862903594970703,11.839702686118102,11.855767281873673,11.8489247085021,358
11.675426483154297,11.634246826171875,11.623666763305664,11.712964098294416,11.694673959056917,11.702157523980555,11.77644711394776,11.718218803405762,11.816095342208259,11.70598854594728,11.696842445862996,359
12.57470989227295,12.570794105529785,12.568944931030273,12.566822310745568,12.555759991925832,12.450510846846864,12.4930020204847,12.519153594970703,12.50501557697714,12.53385703008709,12.536717619475088,360
11.95105266571045,11.940187454223633,11.938486099243164,11.959655124497164,11.932173715027025,11.923704068342527,11.919787436688038,11.933354377746582,11.918284759570305,11.935187300116544,11.932102015209646,361
11.891987800598145,11.894007682800293,11.8831205368042,11.852093562395018,11.857914289261917,11.877457941578214,11.86163555316239,11.843631744384766,11.874850930274437,11.87074444902882,11.871835924716938,362
12.155845642089844,12.117731094360352,12.110426902770996,12.095610637118076,12.185153845507495,12.137476162350081,12.172162638836724,12.176278114318848,12.152216354342622,12.144766821299449,12.15221022196471,363
11.612202644348145,11.596200942993164,11.595772743225098,11.603003198644235,11.60664496549453,11.562389093176863,11.55691926443719,11.597369194030762,11.578790612661296,11.589921406556808,11.593225215217231,364
12.138988494873047,12.141237258911133,12.146077156066895,12.163478669067768,12.134014294337344,12.117518533264935,12.170370978672585,12.113994598388672,12.129094925139087,12.139419434302384,12.130796660781373,365
11.671788215637207,11.707128524780273,11.713550567626953,11.695439253528102,11.758144659126028,11.747401369948523,11.733687106478854,11.769684791564941,11.769147299635954,11.729552420925204,11.74384296331747,366
12.049355506896973,12.046126365661621,12.048035621643066,12.068245591835925,12.028753441534297,12.05007528682275,12.030672211552039,12.008605003356934,12.02439505836249,12.039362676407343,12.032820148737734,367
11.916582107543945,11.932608604431152,11.933568000793457,11.927215483805735,11.915399579501406,12.003480895747856,11.984774650739176,11.966546058654785,11.947015399593674,11.947465642312356,11.942690542917735,368
11.789273262023926,11.795629501342773,11.796819686889648,11.799409879266094,11.817640101587932,11.912827273307537,11.854551081726566,11.851964950561523,11.86105843467069,11.831019352375188,11.831967902270227,369
12.044060707092285,12.022591590881348,12.017971992492676,12.046739919773483,12.024568511860732,11.990251900749369,11.960901579215385,12.007427215576172,12.046817739887045,12.017925684169834,12.020838756598783,370
12.088189125061035,12.099647521972656,12.099365234375,12.07913372221077,12.084391445334871,12.098778807697197,12.095546526411548,12.09370231628418,12.090464733072649,12.092135492491103,12.093171426307933,371
11.670943260192871,11.650664329528809,11.640040397644043,11.670483001500932,11.717832273683538,11.702561544209109,11.672361013939792,11.665474891662598,11.684616792402096,11.674997500529308,11.681458668060248,372
11.684835433959961,11.677303314208984,11.675484657287598,11.671259004433601,11.707733906089057,11.736053584017888,11.66362302664885,11.767118453979492,11.745755806024087,11.703240798516612,11.715553751403913,373
11.663287162780762,11.676433563232422,11.67873477935791,11.717606659227126,11.70494776263332,11.724662215154053,11.786499488143132,11.688921928405762,11.728414437294377,11.707723110692097,11.698559741997503,374
12.2371244430542,12.232221603393555,12.234102249145508,12.2319681170185,12.209326343858747,12.201539246856651,12.213999571526106,12.212828636169434,12.222272280402713,12.221709165713934,12.218350791429577,375
10.982994079589844,11.131792068481445,11.151572227478027,10.943548656856365,11.234318580768035,11.273161128349246,11.253100688982638,11.222620964050293,11.18204872625907,11.152795235646106,11.195759136721554,376
11.853985786437988,11.840882301330566,11.83931827545166,11.82973847174085,11.860177506609732,11.8785439847425,11.746683390033677,11.815644264221191,11.842702327507538,11.834186256452858,11.846321727775756,377
12.516209602355957,12.524221420288086,12.527348518371582,12.513204789185199,12.52646540297681,12.529472811779875,12.56577690268493,12.59152889251709,12.57870270281458,12.54143678255268,12.543731444903344,378
12.874481201171875,12.907652854919434,12.897671699523926,12.814258293989601,12.849017796417293,12.813222553835423,12.885254146205403,12.938581466674805,12.887087645133386,12.874136406430129,12.883860233060346,379
12.086176872253418,12.089158058166504,12.091960906982422,12.093288443281168,12.124823425419914,12.1239218682356,12.094407666959532,12.120312690734863,12.122767487003866,12.105201935448587,12.112143120798715,380
11.91380500793457,11.874622344970703,11.860944747924805,11.845489923157617,11.927816014576079,11.911777950578497,11.795127496461228,11.877175331115723,11.852756254033277,11.873279452305834,11.890204595251346,381
12.254289627075195,12.247981071472168,12.241059303283691,12.23044344045427,12.22749723881691,12.231951274321263,12.245712891628457,12.244827270507812,12.235980625988034,12.239971415949755,12.23854843483423,382
12.205747604370117,12.22300910949707,12.228577613830566,12.221498927489275,12.206482641403053,12.246845921572461,12.256496941737142,12.240201950073242,12.252196282269221,12.231228554693573,12.227864977757868,383
11.336949348449707,11.29918098449707,11.297894477844238,11.322839100194424,11.319658121098747,11.25019512901906,11.13168961997237,11.264680862426758,11.35127150273609,11.286039905137606,11.301653337046774,384
12.5380859375,12.51692008972168,12.511004447937012,12.545706868361757,12.48262229113755,12.482055281743378,12.470311855434003,12.47317123413086,12.519858276456478,12.504415142491412,12.497526515438926,385
12.127806663513184,12.119029998779297,12.121330261230469,12.136421306381274,12.115019536354747,12.153725311786278,12.185578715841224,12.159188270568848,12.149562394110362,12.140851384285076,12.132215158114809,386
11.252466201782227,11.264653205871582,11.282506942749023,11.508880412787562,11.63669956847776,11.345331947918384,11.373049723720102,11.371866226196289,11.481586997772888,11.390782358586202,11.421823767280795,387
11.80128288269043,11.84499454498291,11.851540565490723,11.823932653467278,11.80843756697857,11.78431275712483,11.798630396919963,11.814510345458984,11.839427120782743,11.818563203766269,11.823179687497415,388
12.164715766906738,12.1637544631958,12.164175987243652,12.184293529555442,12.163514647132281,12.181402907062413,12.155113803113808,12.167303085327148,12.170150366773202,12.16826939514561,12.166992608574658,389
12.997106552124023,12.995944023132324,12.996365547180176,12.99554205584045,12.989305833168569,12.934327924747134,12.97191159178794,12.953874588012695,12.993970320046776,12.980927604004455,12.980843958185751,390
11.754369735717773,11.751346588134766,11.74709415435791,11.73909008377888,11.729435316512713,11.73323585269802,11.732445173706298,11.74988079071045,11.726962643082112,11.740428926522103,11.73980996132825,391
12.342001914978027,12.338286399841309,12.336201667785645,12.320182274288099,12.344828501042466,12.302713891394061,12.25116660133779,12.259770393371582,12.289324965165276,12.309386289911583,12.31703627742058,392
11.493891716003418,11.492207527160645,11.492666244506836,11.50869504170043,11.573398511633153,11.559999499162197,11.5606007761245,11.591266632080078,11.574845890378768,11.538619093194448,11.548653003612475,393
11.275376319885254,11.28693962097168,11.285611152648926,11.154258995034525,11.404126822433316,11.411044120976237,11.312568571604537,11.31023120880127,11.312550633526607,11.305856382875819,11.338956125841746,394
11.598240852355957,11.587464332580566,11.582433700561523,11.598689549054107,11.624673281297769,11.637155558668635,11.602137252672339,11.597254753112793,11.583426423874116,11.601275078241978,11.603690097170682,395
11.790610313415527,11.790609359741211,11.791350364685059,11.785129097800858,11.789413380571443,11.779374638602967,11.726146058464591,11.77960205078125,11.779251049683962,11.779054034860765,11.785766845244579,396
11.70764446258545,11.7374849319458,11.733213424682617,11.719705751561795,11.743719356008102,11.722084651404638,11.727733252419211,11.751693725585938,11.755168372436906,11.733160880958941,11.74233421681896,397
11.900186538696289,11.879600524902344,11.87411117553711,11.862638913510779,11.898192018714628,11.93081412584218,11.935355113472776,11.93364143371582,11.925590994626196,11.904458982113123,11.905024575344124,398
11.393536567687988,11.434463500976562,11.430758476257324,11.465820060162304,11.46892618788496,11.46455636239785,11.378474416552285,11.463410377502441,11.372154743028197,11.430233410272214,11.442611900680696,399
12.245681762695312,12.270194053649902,12.271561622619629,12.255413123895927,12.27739408095164,12.244419063651543,12.261092557323584,12.271377563476562,12.254828038435672,12.261329096299974,12.267466393710889,400
12.485941886901855,12.484244346618652,12.484814643859863,12.431831967917649,12.459557174454773,12.346475339454818,12.301951335571347,12.385894775390625,12.41406451437013,12.421641776059966,12.437757064841644,401
12.20062255859375,12.190281867980957,12.191457748413086,12.198742407963744,12.149826012387951,12.123956077018713,12.138580665257342,12.19001293182373,12.157406744655585,12.171209668232763,12.167680821925803,402
11.501718521118164,11.510612487792969,11.510658264160156,11.49888200081322,11.551859447650028,11.511622034522315,11.564877847307216,11.572511672973633,11.516978956637656,11.526635692552818,11.532557688406756,403
12.40302848815918,12.389416694641113,12.381794929504395,12.406047050171146,12.407822593030833,12.41205018611123,12.461675165077894,12.418452262878418,12.435298318110576,12.412842854187197,12.407873397244964,404
12.054511070251465,12.045469284057617,12.042919158935547,12.052978546596627,12.052233790540516,12.053834624947037,12.068983305491836,12.026195526123047,12.023158161186716,12.046698163125601,12.041961378260586,405
11.921039581298828,11.917380332946777,11.92494010925293,11.95519941719881,11.974333765628925,12.005564618789851,11.935641781530267,11.998884201049805,11.96309906422376,11.955120319102216,11.96133860369098,406
11.662983894348145,11.589653015136719,11.625700950622559,11.66056206705437,11.640742895292915,11.656255561084752,11.71255962413493,11.608177185058594,11.557890520741346,11.634947301497148,11.608823506759862,407
12.0221529006958,12.036789894104004,12.036678314208984,11.99188583664424,12.0331942277825,11.982740010195382,11.952453396702866,11.97665786743164,11.982618295306956,12.001685638119154,12.01301726441303,408
12.58167552947998,12.580425262451172,12.575183868408203,12.56006307321293,12.57797982773925,12.547964509430662,12.52353637194821,12.50784683227539,12.586505665814899,12.560131215640077,12.565841424243361,409
12.709936141967773,12.714731216430664,12.709685325622559,12.685636699456834,12.733344305787472,12.651190522497249,12.675642976654727,12.69660758972168,12.672353136026551,12.69434754601839,12.704290533766947,410
11.501059532165527,11.470869064331055,11.471654891967773,11.513589909590257,11.474979838880072,11.487505701927352,11.517077781709485,11.464019775390625,11.510479576811642,11.490137341419311,11.478284016040918,411
11.775814056396484,11.804828643798828,11.808318138122559,11.767611944994975,11.793540491538803,11.854754899561724,11.831261488406945,11.802654266357422,11.869108155244728,11.811988009380274,11.81577417604853,412
12.445094108581543,12.424650192260742,12.415511131286621,12.43495586113592,12.42093786194787,12.439423397171533,12.340044655422506,12.367315292358398,12.382017595810309,12.40777223288616,12.410079576137322,413
11.58456802368164,11.583706855773926,11.58458137512207,11.559131505844316,11.555806418426542,11.570938297644092,11.605308306438452,11.559971809387207,11.554470671222985,11.573164807060136,11.566904755342089,414
12.424295425415039,12.393155097961426,12.385361671447754,12.402444693973857,12.393689715318928,12.39237924247098,12.389930912616224,12.401667594909668,12.408700181505628,12.399069392846611,12.396775238156549,415
12.16896915435791,12.18094253540039,12.185640335083008,12.180058145248816,12.127173640690232,12.139030214512537,12.185831364288845,12.183830261230469,12.144327018399379,12.166200296579065,12.157226435910378,416
11.958592414855957,11.964126586914062,11.961775779724121,11.929813877897363,11.984242532001605,11.945764483088345,11.946884873010537,11.956389427185059,11.916783344998436,11.951597035519496,11.959711938058515,417
12.340431213378906,12.360581398010254,12.360088348388672,12.323697279579605,12.389595152703318,12.3114977541534,12.35312153569027,12.32050895690918,12.242238438398532,12.333528897468014,12.34018087523388,418
11.58715534210205,11.558505058288574,11.554265975952148,11.585317842531804,11.540575598779775,11.648736553169856,11.547722583169167,11.611681938171387,11.59060114048581,11.58050689251673,11.575950722687901,419
11.824206352233887,11.8360595703125,11.837800979614258,11.826312320213708,11.83858602952634,11.820786613743675,11.801543464781826,11.844565391540527,11.848845166071225,11.830967320893105,11.838320117375103,420
12.150371551513672,12.158669471740723,12.169910430908203,12.200268152746665,12.1658813536225,12.154135472427555,12.119208824635834,12.233704566955566,12.19545866018133,12.171956498303562,12.177204271474967,421
12.31479263305664,12.313508987426758,12.318280220031738,12.331165456919162,12.27369527796143,12.261982368640167,12.263014832809942,12.257922172546387,12.277434840377557,12.290199643307753,12.283462480577766,422
11.635885238647461,11.65304183959961,11.650762557983398,11.636466226263794,11.669479047843287,11.645594050245048,11.662057954105226,11.672045707702637,11.71214455629931,11.659719686521084,11.668147217134207,423
12.610197067260742,12.601663589477539,12.596600532531738,12.610080398058454,12.639710955322386,12.676289198316159,12.735140795032118,12.646674156188965,12.660449469336452,12.641867351280506,12.635204953735515,424
11.857635498046875,11.861749649047852,11.862588882446289,11.870443812959753,11.838911271509458,11.837061899438016,11.855284202280552,11.843393325805664,11.834272222451673,11.851260084887349,11.84618047275597,425
11.814192771911621,11.789813995361328,11.790702819824219,11.816825978741594,11.843320122652488,11.783316676554966,11.8521843687005,11.807209014892578,11.810630137601166,11.812021765137828,11.809367929884438,426
12.383217811584473,12.399450302124023,12.398155212402344,12.394010476519668,12.384192062947141,12.397605345655897,12.409921139667583,12.418516159057617,12.425047789013355,12.401124033219125,12.401765721271703,427
11.618257522583008,11.60621166229248,11.602972030639648,11.637921478695304,11.635496635934667,11.692558864325658,11.727015637563232,11.668611526489258,11.66573295684211,11.650530923929484,11.641431858531346,428
12.201364517211914,12.203157424926758,12.205751419067383,12.201258539774647,12.179716345555956,12.219840492362282,12.221226806766389,12.157637596130371,12.199980823454062,12.198881551694418,12.190914443276537,429
12.11898136138916,12.118189811706543,12.116142272949219,12.12546171361608,12.11326668429283,12.076264993396304,12.056980414320783,12.095257759094238,12.078482675471774,12.099891965137438,12.103229838145737,430
11.431611061096191,11.4335298538208,11.438511848449707,11.453588542256504,11.483682838639366,11.488035395926376,11.544039836978701,11.476899147033691,11.503457875101027,11.47259515547804,11.469598273352242,431
11.614192962646484,11.598011016845703,11.59323787689209,11.586043215536847,11.581635923915748,11.582433567277313,11.590958343154847,11.607206344604492,11.600664834343538,11.594931565024119,11.593772713593971,432
11.670767784118652,11.64017105102539,11.638395309448242,11.675691075659342,11.679099577690097,11.736160165286053,11.759356354584643,11.699355125427246,11.701030185104958,11.688891847593846,11.678695456303942,433
12.093212127685547,12.094593048095703,12.092811584472656,12.097344373259304,12.074228282834857,12.09583202346193,12.077662420853951,12.097711563110352,12.095303778775957,12.09096657806114,12.089785489434675,434
11.344757080078125,11.33731746673584,11.328564643859863,11.39221307695152,11.393477118218215,11.320535329447209,11.31332392457598,11.272890090942383,11.301004971801355,11.333787078067834,11.335507529498093,435
12.348323822021484,12.307930946350098,12.29542064666748,12.290888783604647,12.277729189263221,12.257575570283434,12.286398589545875,12.26014518737793,12.30683139880363,12.292360459324199,12.286829612471825,436
11.602879524230957,11.59953498840332,11.595205307006836,11.569567677909497,11.609980304804594,11.551047619056257,11.533775653820113,11.530152320861816,11.497072563821675,11.565468439990562,11.571810388990125,437
11.687877655029297,11.66832447052002,11.664539337158203,11.635336010410953,11.670458083554008,11.6659589330626,11.602530703860424,11.645545959472656,11.680990946220367,11.657951344365392,11.666881439990387,438
11.530766487121582,11.542121887207031,11.535626411437988,11.507329166454273,11.536181319067975,11.586945059342076,11.478662819422524,11.563797950744629,11.578135666633443,11.539951863047946,11.553709690363023,439
11.808167457580566,11.835222244262695,11.826602935791016,11.775445347201465,11.771182529124305,11.772200677773053,11.736147951876434,11.745864868164062,11.760985431129201,11.781313271433644,11.786652012257525,440
13.152688980102539,13.129892349243164,13.126724243164062,13.117718750953362,13.056957029625375,13.093526310841266,13.083486020902784,13.178853034973145,13.073787975964919,13.112626077307846,13.106017048316142,441
11.564308166503906,11.546039581298828,11.544265747070312,11.525634264839027,11.702853499351972,11.724947468762926,11.790446115026326,11.660537719726562,11.670772972086475,11.63664505940737,11.64298523468045,442
11.947332382202148,11.942679405212402,11.935006141662598,11.911789207649221,11.924346918119264,11.922070247769943,11.886998002640173,11.87220573425293,11.910866288044316,11.917032703061444,11.919941416671609,443
12.1795654296875,12.160847663879395,12.156189918518066,12.156976459424857,12.188742972367189,12.15353533887592,12.107717390963268,12.131412506103516,12.148231109826776,12.153690976627388,12.161231626027307,444
12.287354469299316,12.288954734802246,12.293549537658691,12.299649981955508,12.292082715880492,12.291237297128646,12.293058952550185,12.283783912658691,12.297474830555464,12.29190515916547,12.290442571810019,445
11.917590141296387,11.920162200927734,11.92757511138916,11.946607896007635,11.959042644105038,11.916350810156514,11.936696616766266,11.975972175598145,11.968762892266653,11.940973387612615,11.946029070604052,446
12.230947494506836,12.224987983703613,12.235834121704102,12.279766826846156,12.221280722657161,12.287756216261046,12.289816666377412,12.228509902954102,12.232524144303788,12.247936008812692,12.232129630492423,447
12.232063293457031,12.229867935180664,12.231511116027832,12.240879952160059,12.19086052863499,12.23643888760786,12.230206667105357,12.21634578704834,12.208729211114312,12.224100375370718,12.214820527736885,448
11.703410148620605,11.73316764831543,11.73086929321289,11.703033286159735,11.78681379527127,11.753687514331705,11.739505731387245,11.751155853271484,11.725809807623655,11.73638367535489,11.751641453450699,449
11.700432777404785,11.698136329650879,11.688897132873535,11.686355601912773,11.692575618459228,11.714731149914478,11.640449011306893,11.741548538208008,11.684298703162614,11.694158318099245,11.703205362112547,450
11.460685729980469,11.48453426361084,11.4934720993042,11.496377452400056,11.526441292166322,11.567418640913383,11.582801439766055,11.535085678100586,11.52364784597686,11.518940493579866,11.51804739667249,451
12.444558143615723,12.418876647949219,12.385397911071777,12.364338652641393,12.440107020505609,12.296949194579227,12.23081390577457,12.342723846435547,12.316014864344902,12.359975576324219,12.385330067014374,452
12.29625129699707,12.279854774475098,12.276692390441895,12.286192557982623,12.262758365737682,12.264766150982426,12.200479794429828,12.217199325561523,12.217008629286527,12.255689253988297,12.254830141539522,453
12.231080055236816,12.237518310546875,12.238547325134277,12.217716833868346,12.231605646024745,12.300098057252644,12.318210319786076,12.292401313781738,12.294599690872907,12.262419728056049,12.259185154612732,454
11.971464157104492,11.986220359802246,11.995105743408203,11.980111814487369,11.984579804758742,11.946964520527853,11.8915266617916,11.848409652709961,11.812096149174312,11.935164318196087,11.93519221838319,455
12.027440071105957,12.023931503295898,12.028151512145996,12.031934516239982,12.032977701733234,12.016368427381982,11.941629108052085,12.034894943237305,12.027214914154053,12.018282521927388,12.027794192511902,456
11.381722450256348,11.396505355834961,11.402708053588867,11.409601343323953,11.514175012897805,11.369283770782625,11.236841665409372,11.27481460571289,11.377665654065964,11.373701990208088,11.40379313605389,457
12.242454528808594,12.227595329284668,12.218705177307129,12.260108933425474,12.246603725215397,12.265900643737703,12.19533686991125,12.256003379821777,12.232071841766091,12.238308936586453,12.24184032228424,458
11.979310035705566,11.959735870361328,11.970524787902832,12.008177746609066,11.997055330611664,11.92739246081706,12.053620400783142,12.001729965209961,12.011107282867675,11.98985043120759,11.980437596978884,459
11.688401222229004,11.716170310974121,11.71514892578125,11.706199540271946,11.677779739857787,11.713600681253798,11.6284460005854,11.675366401672363,11.711369771680051,11.69249806603397,11.698379733879579,460
12.403646469116211,12.39983081817627,12.399982452392578,12.398329217055732,12.402651069153318,12.388236173149195,12.433377062999948,12.454109191894531,12.40604329570418,12.409578416626886,12.408815211754288,461
11.96507453918457,11.975763320922852,11.975505828857422,11.934027186654934,11.90531345319216,11.90324325461854,11.932112935775349,11.907414436340332,11.899585444203776,11.933115599972217,11.927494011908312,462
11.715723037719727,11.692501068115234,11.689496994018555,11.71341344312485,11.712262075431065,11.741893628132418,11.736808950010143,11.789482116699219,11.759115304125151,11.727855179708484,11.727748233226198,463
12.15925121307373,12.141693115234375,12.141301155090332,12.095071164208617,12.157673622606335,12.197386312369005,12.121464495613173,12.141777992248535,12.151667931157764,12.145254111289097,12.15325138491819,464
11.675065994262695,11.663328170776367,11.660675048828125,11.615743467500124,11.64658020817221,11.684901796889852,11.724076335908363,11.712627410888672,11.671459222406565,11.672717517292552,11.669936151997451,465
12.044565200805664,12.03270149230957,12.03215503692627,12.056389765454966,12.033262309113288,12.036508319881616,12.002137714463673,12.057499885559082,12.07322039770715,12.04093779135792,12.04292749256317,466
12.067176818847656,12.094876289367676,12.100470542907715,12.052734753055192,12.126674291534563,12.070258701397567,12.024128460205372,12.033758163452148,12.058118442214006,12.06979960699799,12.086096455990724,467
11.988497734069824,11.989566802978516,11.992937088012695,11.99088591386673,11.935472344078674,11.97689742892032,11.904695649701491,11.923948287963867,11.932345652526587,11.959471878013192,11.955086254592073,468
12.42226505279541,12.414392471313477,12.412195205688477,12.426635169371501,12.42016617070303,12.442404424811418,12.432856512613203,12.41588306427002,12.450174551772982,12.426330291482167,12.42420613883121,469
12.104583740234375,12.113085746765137,12.112614631652832,12.12967085984962,12.09087078321518,12.127021357205118,12.102373194094836,12.105414390563965,12.115118586835726,12.111194810046308,12.107586115937211,470
12.28999137878418,12.28271484375,12.276429176330566,12.270625145591858,12.304685330857815,12.18988627018897,12.324266652504415,12.249738693237305,12.298686938906705,12.276336047794647,12.276128124740655,471
12.169156074523926,12.1561918258667,12.16008186340332,12.16750389993205,12.226166571972172,12.167826033577043,12.167245823220755,12.161345481872559,12.16672109311005,12.171359851942064,12.178707169224452,472
11.835511207580566,11.834238052368164,11.838715553283691,11.825701358901057,11.7878719506321,11.836564586604922,11.895054457338102,11.8517484664917,11.877264113410073,11.842518860734486,11.830783037875843,473
12.786259651184082,12.785257339477539,12.785359382629395,12.784525261582974,12.794202102343696,12.804847197201775,12.841507013962405,12.853917121887207,12.813658528891686,12.805503733240082,12.804569291413994,474
12.453872680664062,12.478276252746582,12.47479248046875,12.393366217119029,12.439609818832414,12.451856640292794,12.494446020261327,12.469324111938477,12.496052878791486,12.461288566790547,12.466162918257991,475
11.839592933654785,11.83837604522705,11.834023475646973,11.841828454930875,11.872667062664274,11.828152420037906,11.867893675071809,11.81647777557373,11.823791813656202,11.840311517384846,11.841098621498226,476
12.318891525268555,12.315515518188477,12.313399314880371,12.304060560047118,12.287025179328024,12.253844853761425,12.207955053727503,12.212457656860352,12.2207740701862,12.27043597024978,12.271656786344552,477
12.848686218261719,12.824010848999023,12.82192325592041,12.855718333211943,12.857721797590452,12.883793069333892,12.876830307016862,12.848048210144043,12.860749624934549,12.85305351837921,12.84839070270355,478
12.599056243896484,12.613127708435059,12.615120887756348,12.595874431504937,12.620389683996262,12.635265538435439,12.648584142111165,12.656514167785645,12.636568644315567,12.624500160915211,12.627565049510874,479
11.650794982910156,11.631372451782227,11.62169075012207,11.660498629156994,11.737759022666104,11.693341358612255,11.605770693184649,11.653727531433105,11.684246554804483,11.659911330519115,11.677743768946964,480
12.759859085083008,12.764240264892578,12.76709270477295,12.771952902690465,12.742283888774043,12.738489012485923,12.763470087789235,12.778669357299805,12.783238929345043,12.763255137014784,12.760584150444476,481
12.802592277526855,12.79719066619873,12.79871940612793,12.788398510540322,12.80826799461601,12.742697107615367,12.689080112517285,12.759825706481934,12.771741345913982,12.773168125282046,12.78503168229032,482
11.976530075073242,11.938654899597168,11.941329002380371,11.942575194244183,11.927087074893462,12.062545992275222,12.048085351848538,11.991628646850586,12.011972709719679,11.982267660764718,11.96716970681738,483
11.984491348266602,11.989314079284668,11.993558883666992,11.979527211301448,11.973160206721014,11.94829744277593,11.98964408174739,11.968645095825195,11.954614930959925,11.975694808949905,11.972469886396137,484
11.828110694885254,11.818522453308105,11.817777633666992,11.828926420591479,11.814966944905475,11.774873903367517,11.781694635925199,11.822515487670898,11.817312891196794,11.811633451724191,11.813479319090227,485
11.9005708694458,11.876486778259277,11.873785972595215,11.917591020922817,11.909379318254823,11.8782623467266,11.868003101660912,11.887145042419434,11.891087501266387,11.889145772394585,11.889358433833616,486
11.929855346679688,11.92798900604248,11.922760963439941,11.900514771334379,11.911631079298836,11.890316455300239,11.910586180932546,11.902502059936523,11.896884552091915,11.910337823895171,11.911191556167928,487
12.101031303405762,12.106413841247559,12.108560562133789,12.092106114780018,12.084059224760287,12.120532163112475,12.154111090353915,12.061478614807129,12.063692946680103,12.099109540142337,12.088652387569082,488
11.713316917419434,11.733717918395996,11.751989364624023,11.799731206347724,11.806100168519148,11.747021152844445,11.765003040676973,11.672849655151367,11.671437786352463,11.740129690036841,11.736293323560487,489
11.357430458068848,11.34933853149414,11.353617668151855,11.35578211114439,11.393348575537743,11.460679424933305,11.374288143685948,11.423437118530273,11.446946102955007,11.390540903833502,11.398422954912565,490
11.616847038269043,11.635580062866211,11.639214515686035,11.628958656636112,11.550473790251237,11.59843116723377,11.524411753350469,11.537139892578125,11.55783865862295,11.587655059499328,11.58205014961152,491
11.907655715942383,11.893536567687988,11.896740913391113,11.90346013824099,11.886113518171316,11.897591169850628,11.907355761506459,11.914219856262207,11.869984014545015,11.897406406177565,11.89183730771365,492
12.097771644592285,12.092814445495605,12.091403007507324,12.08957264426894,12.108421362965956,12.077562140032866,12.103230782768792,12.062352180480957,12.044212386456872,12.08526006606329,12.083744963861706,493
11.911441802978516,11.901470184326172,11.889809608459473,11.857390565358163,11.897112930240159,11.905665180401439,11.897864659482345,11.905795097351074,11.889591697249193,11.89512685842739,11.899709495071798,494
11.362798690795898,11.362478256225586,11.367820739746094,11.386246186509066,11.430076325341336,11.55553252313899,11.597200696582599,11.508566856384277,11.477814478326296,11.449837194783349,11.44030394862786,495
10.987685203552246,10.859373092651367,10.878580093383789,11.05395057487658,11.286146386727394,11.2463437778677,11.149764510636315,10.802739143371582,10.869266239283554,11.014872113594501,11.007917925595162,496
12.917319297790527,12.938421249389648,12.935968399047852,12.934813118037798,12.915999590386479,12.845455805470081,12.67263155445906,12.915223121643066,12.864216482897417,12.88222762434688,12.908448752746432,497
12.060173034667969,12.072187423706055,12.063806533813477,12.028974528663246,12.03699636032633,12.063492753366564,12.137852435264838,12.086316108703613,12.12240770184679,12.074689653373209,12.071115188425859,498
11.819981575012207,11.802372932434082,11.800378799438477,11.803255926528095,11.825953932313285,11.784070973074806,11.771512870910293,11.782333374023438,11.771491664006877,11.795705783082395,11.79931759538497,499
11.71885871887207,11.704745292663574,11.701376914978027,11.752586896434092,11.756444943811337,11.759223487198492,11.70174823756676,11.711760520935059,11.715702574012806,11.724716398496914,11.727103604040158,500
11.636449813842773,11.625503540039062,11.629508972167969,11.624548873359686,11.633708148040348,11.631502572681944,11.633662338560159,11.62709903717041,11.602545754450318,11.627169894479186,11.625331000664104,501
12.264928817749023,12.264861106872559,12.262917518615723,12.259440999090494,12.285167625209438,12.29077613534718,12.294893205155752,12.245396614074707,12.256828849717893,12.269467874648086,12.268858169507604,502
11.910115242004395,11.897416114807129,11.894024848937988,11.874002804772124,11.858578481212474,11.86610144341226,11.882355443041455,11.868334770202637,11.845054720448864,11.877331540982148,11.871580267500097,503
12.530797958374023,12.557154655456543,12.549376487731934,12.457929365582698,12.554093094641127,12.529368663364563,12.575319416686822,12.591424942016602,12.560997892801293,12.545162497406178,12.559375864498834,504
11.80543041229248,11.797499656677246,11.80257797241211,11.78277287562307,11.836733376022355,11.850230589221619,11.873769360559807,11.867366790771484,11.876460671857762,11.83253796727088,11.83587550404758,505
11.744359016418457,11.759647369384766,11.763522148132324,11.72243401088599,11.74416559679276,11.7140078023528,11.743207433583855,11.710800170898438,11.661165146716487,11.729256521685098,11.72897805718528,506
12.307938575744629,12.29410171508789,12.299327850341797,12.327022630845219,12.307772308379421,12.288737405198962,12.27129006063516,12.308929443359375,12.32716738318483,12.303587485864144,12.304302791969716,507
12.089081764221191,12.088438034057617,12.086277961730957,12.09195302979891,12.109808109680815,12.197583498950898,12.092082163792824,12.059464454650879,12.142840560215634,12.106392175233303,12.108775974974911,508
11.936166763305664,11.973468780517578,11.966663360595703,11.92449548198064,11.9670355056146,11.942932959843992,11.920190613560568,11.967824935913086,11.949725297630904,11.949833744329192,11.964277367883934,509
11.89849853515625,11.875535011291504,11.86806583404541,11.878331373703663,11.8819121886551,11.865806680059528,11.890787618762637,11.878216743469238,11.86616843764911,11.878146935865827,11.875341827692937,510
11.941458702087402,11.958102226257324,11.968893051147461,11.98198414238663,11.968945828786035,12.02339404117876,12.034470219395969,11.914606094360352,11.877955671109426,11.963312219634373,11.949557175527586,511
12.209579467773438,12.202080726623535,12.1980619430542,12.199442536604085,12.17996888112514,12.159556727304125,12.2181034982454,12.202895164489746,12.172454593588142,12.19357150431198,12.18756509684187,512
11.656752586364746,11.649768829345703,11.642394065856934,11.65667683898833,11.654050702906883,11.757406564803937,11.755818475349095,11.727448463439941,11.734038023371395,11.692706061158551,11.686345479488214,513
11.89601993560791,11.862106323242188,11.86262035369873,11.896342620361088,11.906563959127425,11.862525286809563,11.894215292461704,11.890276908874512,11.882946890981335,11.88373528568494,11.881620693746536,514
11.435148239135742,11.454350471496582,11.473493576049805,11.452257165176134,11.573151634090298,11.483349336696149,11.476354339692065,11.50137710571289,11.472338728225075,11.48020228847497,11.499573162502903,515
12.905817985534668,12.912309646606445,12.916670799255371,12.897528935815018,12.916844375166468,12.876008053806364,12.979625298191557,12.926892280578613,12.955369267301219,12.920785182472859,12.918204040941804,516
11.995296478271484,12.007259368896484,12.010537147521973,12.030977945579842,12.103048639811629,12.020968300579218,12.055254797744437,12.038475036621094,12.036187585350538,12.033111700041854,12.04372049617621,517
12.468696594238281,12.47390079498291,12.47111988067627,12.451038378749619,12.523802572288835,12.532643999477449,12.550134587612602,12.490399360656738,12.514172001014419,12.497323129966347,12.501885767379656,518
12.225530624389648,12.212668418884277,12.209938049316406,12.21210176987707,12.233382376612086,12.192674815156225,12.192244400943622,12.170796394348145,12.187507632745742,12.204093831363691,12.206040909148424,519
12.3132905960083,12.368569374084473,12.36523151397705,12.309364682105933,12.362115987510775,12.468624190109306,12.410029732099964,12.382774353027344,12.452215336720174,12.381357307293703,12.391371775291898,520
11.447074890136719,11.454435348510742,11.459135055541992,11.511835894693832,11.536225758014927,11.480565043092357,11.374136764222412,11.406412124633789,11.437304603790853,11.456347275848625,11.469355428331646,521
11.98908805847168,11.974987030029297,11.97221851348877,11.972952853746841,11.94982959975535,11.918890568846956,11.93874149437917,11.94572639465332,11.935958319702417,11.955376981452646,11.952163793473837,522
12.036375045776367,12.047637939453125,12.045411109924316,11.992727134061635,11.9838303546634,11.899036429537016,11.905537117641863,11.916032791137695,11.933067779272589,11.97329507794089,11.977845538930243,523
12.589600563049316,12.588606834411621,12.586139678955078,12.583337248450759,12.603891115243716,12.632151183108373,12.607181117744469,12.607537269592285,12.608426142703845,12.600763461473274,12.603082220893505,525
12.173259735107422,12.156902313232422,12.153169631958008,12.136178542391512,12.155031674069726,12.128681390781272,12.12701980207682,12.14776611328125,12.11356335790856,12.143508062311888,12.145846297581896,526
11.788224220275879,11.779947280883789,11.777179718017578,11.770385458210548,11.824121965274452,11.731711596960693,11.708316830811974,11.751999855041504,11.744408390302294,11.7640328128643,11.77746515450017,527
12.980188369750977,12.990431785583496,12.990092277526855,12.98468802613743,13.015209955302048,13.063112947309914,13.114038011616556,13.104732513427734,13.085203904136057,13.036410865643454,13.03619915253668,528
11.351407051086426,11.359944343566895,11.360803604125977,11.140974752609964,11.318264823238433,11.33172625051567,11.32463207656203,11.317360877990723,11.354558769988385,11.317741394409389,11.33823367533672,529
12.382882118225098,12.370281219482422,12.374551773071289,12.43863220185369,12.408815735640186,12.398854360567872,12.261431299909392,12.316849708557129,12.325038960760974,12.364148597563117,12.36885380630739,530
12.10943603515625,12.110818862915039,12.11091423034668,12.126869683723179,12.154365106866274,12.162513455009151,12.133752681175404,12.109286308288574,12.098618824240056,12.124063909746733,12.126028139237198,531
11.770721435546875,11.793285369873047,11.795703887939453,11.742618498677938,11.765802177249325,11.802800082311613,11.806537909829597,11.754557609558105,11.733327924157598,11.773928321682616,11.772172030554398,532
11.455269813537598,11.453197479248047,11.465508460998535,11.487411585804654,11.49498833124087,11.535027489472018,11.52787333994655,11.465078353881836,11.50861452233977,11.488107708496653,11.482812092930981,533
10.55648422241211,10.615994453430176,10.607086181640625,10.460498738702881,10.708008979917055,10.9378581865041,10.966917704695401,10.952005386352539,10.966570592197073,10.752380493983551,10.777243774599253,534
12.162846565246582,12.20093822479248,12.211630821228027,12.17831970288545,12.132420780142201,12.10468830517205,12.131222982715201,12.13687515258789,12.118509590389944,12.15305023612887,12.150511532923158,535
11.865280151367188,11.901185989379883,11.891327857971191,11.865113002269936,11.762461705496051,11.810285747636136,11.959413524462718,11.898674011230469,11.869741861966341,11.869275983531104,11.849208454400058,536
12.203614234924316,12.211390495300293,12.212312698364258,12.207587084276796,12.191962564338256,12.192073971279287,12.215980899011758,12.213067054748535,12.191793868102272,12.204420318927307,12.201579654027721,537
11.669898986816406,11.682190895080566,11.68204402923584,11.676089089095836,11.689543732187879,11.735932030621886,11.713371968635457,11.747331619262695,11.743750738372231,11.704461454367644,11.70879270407368,538
11.8090238571167,11.830657958984375,11.830729484558105,11.818211010862974,11.837398910227712,11.859212595066804,11.850993850737522,11.851957321166992,11.871407361674263,11.839954705599494,11.844614524560459,539
12.397629737854004,12.390192985534668,12.395648956298828,12.401843068946874,12.408080927817407,12.425395819802901,12.476017129041988,12.461938858032227,12.491093802909521,12.427537920693158,12.42437797456418,540
12.748896598815918,12.759093284606934,12.762039184570312,12.744829763211332,12.759107302065917,12.802142384550118,12.8104954922709,12.808734893798828,12.824969125643074,12.780034225503705,12.780770085187209,541
12.453393936157227,12.471199035644531,12.470032691955566,12.4295863303624,12.445362701946937,12.406266007364128,12.407268008839695,12.385784149169922,12.386402177391648,12.428366115425781,12.431914970133564,542
12.213505744934082,12.213951110839844,12.227949142456055,12.257873253123721,12.18293253554629,12.264417775205574,12.3157848174093,12.317644119262695,12.284571586055579,12.253181120537015,12.2371525097616,543
11.80240249633789,11.802168846130371,11.800248146057129,11.814840842150385,11.809030376729895,11.831028948013211,11.830767632886783,11.876440048217773,11.868948548762038,11.826208431698385,11.82823346480218,544
12.295073509216309,12.311352729797363,12.317743301391602,12.301022766892125,12.271150929928604,12.198200059279758,12.183790560826568,12.224420547485352,12.230908190264012,12.259295843897966,12.263542771975533,545
12.361003875732422,12.32939338684082,12.332240104675293,12.37183208455205,12.345059157376198,12.386243791402807,12.35555722637035,12.374014854431152,12.365798805150648,12.357904809614638,12.351760346096704,546
12.131558418273926,12.112353324890137,12.101456642150879,12.088617046633782,12.14583432954669,12.102263221982046,12.064621931967968,12.089559555053711,12.062085586679377,12.099816673019834,12.109640622234204,547
11.733099937438965,11.745101928710938,11.74609375,11.730303379927106,11.738078693723434,11.799810925363833,11.775795980989368,11.758695602416992,11.785530164660916,11.756945595914617,11.756780877240669,548
11.660446166992188,11.670074462890625,11.673053741455078,11.70461883144898,11.691337580892956,11.752284543905903,11.746983798684749,11.744832992553711,11.752326986747745,11.710662122841327,11.707872677284772,549
12.327381134033203,12.333972930908203,12.332039833068848,12.32456899196598,12.354482883680362,12.384652779379921,12.356951454293306,12.306730270385742,12.331252668051995,12.339114771751952,12.34013149564245,550
11.788871765136719,11.791991233825684,11.794342041015625,11.78407638555605,11.86043619066578,11.834409605850094,11.832243503119342,11.839174270629883,11.822887209120234,11.81649246721327,11.826803580398318,551
11.587626457214355,11.598612785339355,11.596051216125488,11.585900291355468,11.603979813377332,11.611628275168476,11.550757879393009,11.587207794189453,11.620349538530046,11.593568227854776,11.602727323250527,552
12.487022399902344,12.486528396606445,12.484292984008789,12.488411272731291,12.513473470465078,12.493521853500097,12.419738247750175,12.46060562133789,12.390894120781393,12.469387596342612,12.476854519116129,553
11.581917762756348,11.579180717468262,11.577835083007812,11.602526756873731,11.613416620120883,11.65305847583462,11.578167389734853,11.624424934387207,11.64773010689862,11.60647309412026,11.61303878287771,554
12.50796127319336,12.492208480834961,12.487415313720703,12.508254767238784,12.532762028555167,12.477297848809464,12.436702877187049,12.412534713745117,12.46345444664167,12.479843527769585,12.485036378899775,555
11.608997344970703,11.61080551147461,11.606752395629883,11.56786320139666,11.608665208749333,11.688742635543454,11.626698593173836,11.666443824768066,11.63566214313591,11.624514539871383,11.630615063063255,556
11.87272834777832,11.858768463134766,11.861827850341797,11.879956132681553,11.886230823258716,11.944816431613647,11.926188583380778,11.896218299865723,11.894850875521112,11.891287311952935,11.886196191820884,557
11.525203704833984,11.364725112915039,11.392763137817383,11.6527308295005,11.64821873047015,11.713095541582092,11.682865089992044,11.329568862915039,11.392450434350334,11.522402382708508,11.476287917024049,558
12.272478103637695,12.273112297058105,12.273079872131348,12.254243806862824,12.221591992192831,12.125317758098141,12.1909677817228,12.222335815429688,12.168540420147073,12.222407538586722,12.22087807129671,559
12.140774726867676,12.147746086120605,12.148330688476562,12.142116809056926,12.144114789389189,12.129020939025398,12.183519872455745,12.145729064941406,12.17320233304916,12.150506145486965,12.148128251144204,560
12.059646606445312,12.031854629516602,12.024955749511719,12.09404824026212,12.075857508544132,12.017370501630248,11.965944773622377,12.003193855285645,12.00734956587007,12.031135714520914,12.034292669518665,561
12.011180877685547,12.017417907714844,12.018147468566895,12.014720982972669,12.00334373226245,11.997524633689071,11.990944554930126,11.987616539001465,11.99283620044179,12.003748099696095,12.003338567342603,562
11.679797172546387,11.672085762023926,11.674012184143066,11.50797041293572,11.686137142019751,11.620552664683645,11.587678753457892,11.621213912963867,11.63570647441676,11.631683831021226,11.657358545224621,563
12.09522533416748,12.0918550491333,12.0913724899292,12.114769433246462,12.094047577709432,12.016684498462304,12.074018304288575,12.046165466308594,12.017816298822794,12.071328272452014,12.066898516837588,564
12.51380443572998,12.521589279174805,12.515724182128906,12.48894991381474,12.482437122702166,12.489210142019683,12.476374182183742,12.504638671875,12.480182783740245,12.496990079263252,12.49902763694991,565
11.792871475219727,11.751543045043945,11.745034217834473,11.748264654926567,11.688113623424332,11.703035669547509,11.855589949391872,11.696850776672363,11.710317342026153,11.743513417120772,11.71480565286686,566
12.681963920593262,12.696247100830078,12.69007396697998,12.658479284972607,12.686553717976228,12.60682113081805,12.678132724964648,12.65680980682373,12.66712484720569,12.66913405568492,12.67397188217987,567
12.199241638183594,12.191147804260254,12.189672470092773,12.19506295331303,12.194476754760016,12.175249526800053,12.206895412670717,12.187352180480957,12.189280584736162,12.192042147255286,12.189536930459644,568
12.506059646606445,12.49168586730957,12.495615005493164,12.541054323377248,12.479424869298004,12.48497303585306,12.576106108435557,12.537903785705566,12.519323071759434,12.514682857093115,12.498870789087682,569
11.852909088134766,11.827529907226562,11.827260971069336,11.82694179298715,11.818003030891768,11.871499161756848,11.895483780988734,11.887924194335938,11.885114279109759,11.854740689611207,11.84722125869518,570
11.940871238708496,11.940030097961426,11.948742866516113,11.917532070784407,11.88328943657874,11.899554206807611,11.873109601096205,11.889450073242188,11.870027461590414,11.906956339253956,11.902485829889345,571
11.6312255859375,11.652372360229492,11.652918815612793,11.632222781140506,11.614902959437968,11.651150973117,11.66797595331684,11.65893840789795,11.66144879040027,11.647017403010036,11.6444013239775,572
12.29710578918457,12.283931732177734,12.282968521118164,12.284228600591737,12.271883524289615,12.275197188033381,12.220552423711043,12.293449401855469,12.278911947910702,12.276469903208046,12.280535169439466,573
12.060297012329102,12.055803298950195,12.057234764099121,12.03390475325111,12.03999508027513,12.04368591509636,12.04984449126054,12.077082633972168,12.04053498952029,12.050931437639337,12.051423225982333,574
11.723852157592773,11.765128135681152,11.769021034240723,11.740035231294808,11.778701164658344,11.698488578741658,11.674213340151555,11.696928024291992,11.679074269744183,11.725049104044132,11.7388930300574,575
11.62930965423584,11.651782035827637,11.65224552154541,11.640308643329938,11.653876169334831,11.640763410052752,11.613404384257436,11.669849395751953,11.650437829632317,11.644664115996457,11.653856104693507,576
11.867880821228027,11.864413261413574,11.86392879486084,11.861065755848704,11.841381835303334,11.965229954331084,12.01739232037507,11.976557731628418,11.953803317376519,11.912405976929506,11.899018201256505,577
11.94064712524414,11.954383850097656,11.95583724975586,11.959659419458427,11.994355882023484,12.007272131128172,11.95147178476539,11.915189743041992,11.91667816665797,11.955055039130343,11.959186184891374,578
11.913660049438477,11.942826271057129,11.944278717041016,11.926068708452148,11.954938352073793,11.949477932066834,12.022795373541248,12.001139640808105,11.96846066463701,11.958182856568417,11.959632297934174,579
11.778560638427734,11.772175788879395,11.763260841369629,11.750114062952456,11.817403539613728,11.774858894452674,11.823693550263865,11.78561782836914,11.775893585513057,11.782397636649076,11.78737610264454,580
12.116434097290039,12.11217975616455,12.112255096435547,12.130602708568222,12.106216784920143,12.099273769512745,12.116821733971364,12.127001762390137,12.114102789577682,12.114987610981158,12.111826119867938,581
12.771049499511719,12.755284309387207,12.749731063842773,12.732708050717534,12.773031357270296,12.84914017808666,12.910305369960183,12.802290916442871,12.81043987367487,12.794886735432678,12.785108692634266,582
11.608667373657227,11.645456314086914,11.649946212768555,11.500892546878276,11.598859869373182,11.710440843919155,11.721272865109967,11.7437744140625,11.690688472770944,11.65222210140297,11.661471202538227,583
12.508533477783203,12.505987167358398,12.512261390686035,12.525769717991192,12.469919679393902,12.648785307311217,12.676242380822535,12.700560569763184,12.72498106755546,12.585893417629459,12.572860021323379,584
11.82377815246582,11.846267700195312,11.845026016235352,11.800859854223994,11.821331565665213,11.846920223608278,11.814875489613,11.831464767456055,11.818544670587983,11.827674271116779,11.833284914497924,585
12.739463806152344,12.74227523803711,12.743263244628906,12.742188291692553,12.738481602064871,12.809912740133422,12.774930044492008,12.81770133972168,12.750730858891059,12.762105240645996,12.761339793795432,586
11.802511215209961,11.770142555236816,11.775806427001953,11.772400784013525,11.781813734880146,11.69370433069589,11.73543141220942,11.744751930236816,11.747864296899177,11.758269631820413,11.758201078385875,587
11.762723922729492,11.771397590637207,11.773589134216309,11.757333563673537,11.806852369007261,11.831261376177714,11.829071689962033,11.844720840454102,11.798920056305741,11.797318949240378,11.802697016112337,588
12.444864273071289,12.435567855834961,12.431818962097168,12.39280732936613,12.449063456898244,12.334031174530022,12.268962466150011,12.2955322265625,12.322350050715288,12.374999755025067,12.390514917184532,589
11.457941055297852,11.467215538024902,11.462173461914062,11.42809991756545,11.477724494126578,11.526954008350824,11.522844342763577,11.484758377075195,11.52522684583435,11.483659782328088,11.487304517752202,590
12.142136573791504,12.150063514709473,12.153942108154297,12.147089638470614,12.14445323197724,12.15971609236154,12.148484302998035,12.153594970703125,12.155464296125423,12.150549414365694,12.150868735712002,591
13.050628662109375,13.042195320129395,13.031579971313477,13.022181003702302,12.998218267946575,12.943386899605102,13.110847311438592,12.977104187011719,13.00363986313913,13.019975720710628,13.004259024137296,592
11.846908569335938,11.849167823791504,11.847770690917969,11.832536759354305,11.861392421134438,11.835418430404273,11.842482815857675,11.810641288757324,11.868231074710879,11.843838874918255,11.847716880368653,593
11.84285831451416,11.837841987609863,11.836821556091309,11.86175322052455,11.857989615235372,11.86489124781472,11.86976861744159,11.884575843811035,11.868631164211676,11.858347951917143,11.85786165722733,594
11.624436378479004,11.621394157409668,11.617471694946289,11.643358279350457,11.66305880687394,11.665636641309096,11.614805612901062,11.667293548583984,11.642723920204931,11.640019893339826,11.647560323460684,595
12.703669548034668,12.69446849822998,12.690699577331543,12.680913754069007,12.689170489338577,12.670320966805715,12.616586869678732,12.65056324005127,12.712112975538984,12.67872287989761,12.686132667550025,596
11.591889381408691,11.626605987548828,11.642083168029785,11.593571701766953,11.60126592535969,11.613074303141712,11.682831295598533,11.569929122924805,11.619517506387943,11.615640932462993,11.608396603688309,597
12.24128532409668,12.238947868347168,12.237045288085938,12.237166003459528,12.251361015163909,12.144544233562527,12.134992227710908,12.156733512878418,12.110342981264097,12.194713161618798,12.201242246623458,598
12.300785064697266,12.302488327026367,12.291497230529785,12.24970780862406,12.280060514681281,12.289826566897037,12.197194433293044,12.194766998291016,12.247104285738578,12.26149235886427,12.270244398794837,599
11.874982833862305,11.880278587341309,11.886163711547852,11.867797960686838,11.866431548312992,11.939519272518886,11.99983178983627,11.938509941101074,11.926629946413975,11.908905065735723,11.898441367183619,600
12.564173698425293,12.559938430786133,12.558425903320312,12.558276757145263,12.558355326869819,12.509364910415744,12.491755473683476,12.468894004821777,12.493653176998597,12.529204186940712,12.530483723129654,601
11.76435375213623,11.767731666564941,11.766510963439941,11.799205905123989,11.81115346512042,11.747802858113534,11.675919240402276,11.75645637512207,11.787055993859472,11.764021135542542,11.778430955426488,602
12.29139232635498,12.301644325256348,12.30846881866455,12.341643258479902,12.291820765760637,12.288309822603477,12.261132091073806,12.302593231201172,12.305431972944522,12.299159623593265,12.29828206180076,603
11.943109512329102,11.948678970336914,11.946910858154297,11.931409191999453,11.957787614640846,11.952350873592707,11.947684981030225,11.961134910583496,11.931192736889878,11.946695516617435,11.950998555847603,604
12.324668884277344,12.315098762512207,12.318366050720215,12.334699891557777,12.313980923168726,12.300091427661084,12.310071167093342,12.305130958557129,12.307420982942253,12.314392116498897,12.310573955577667,605
12.237493515014648,12.257842063903809,12.260239601135254,12.23128395876908,12.246152845610997,12.185416213594982,12.210492638465452,12.211648941040039,12.201220813788185,12.22686562125805,12.231806868136282,606
11.926734924316406,11.920029640197754,11.916654586791992,11.942814185944645,11.927202078084058,11.947526639711116,11.889527660109232,11.939872741699219,11.938929009062596,11.927699051768558,11.930648650925132,607
12.159860610961914,12.153386116027832,12.151725769042969,12.13260451897788,12.130594342341094,12.101667032385087,12.08561814376064,12.087711334228516,12.081816539427239,12.12055382301702,12.121291996826752,608
12.52684211730957,12.541973114013672,12.543953895568848,12.493409542917892,12.578767265356849,12.559579616157416,12.618520043396796,12.686327934265137,12.649260953421452,12.577626053600847,12.591793752646176,609
11.588744163513184,11.625818252563477,11.626763343811035,11.5914337447871,11.674651751203236,11.694816243796696,11.651748433615577,11.677361488342285,11.65738543765066,11.643191428809251,11.658849190258243,610
12.707259178161621,12.682600021362305,12.680480003356934,12.702861321875737,12.709492531336624,12.657366374964095,12.668098291909697,12.728790283203125,12.703218306633577,12.693351812533745,12.697484411988725,611
11.913257598876953,11.921164512634277,11.924520492553711,11.924806062086574,11.903382173267698,11.972410633473427,11.95479777836771,11.96834659576416,11.956548446752368,11.937692699308542,11.934126856645378,612
12.514915466308594,12.500219345092773,12.503622055053711,12.510075792615787,12.518153910093021,12.449643627318604,12.433803034826111,12.464864730834961,12.486420590979208,12.48685761701364,12.492306261467485,613
11.73142147064209,11.737605094909668,11.737520217895508,11.695108499377966,11.637551228524087,11.639042393691282,11.569802545423451,11.58486557006836,11.61660323037465,11.661057805656341,11.65892948588861,614
11.333295822143555,11.305901527404785,11.29958724975586,11.095211196716264,11.345947497871457,11.291667085294993,11.280604488982009,11.238717079162598,11.268554438627675,11.273276265106578,11.299400907506596,615
11.898483276367188,11.899954795837402,11.900569915771484,11.911231098588047,11.954131896541165,11.856196115664051,11.881919259861434,11.839969635009766,11.85456681175814,11.888558089488741,11.894209322317327,616
12.156160354614258,12.152705192565918,12.155783653259277,12.164816227930483,12.118143849032464,12.130383297434287,12.123968477806029,12.129111289978027,12.129119447461377,12.140021310009125,12.133930654349275,617
11.658907890319824,11.623187065124512,11.62004280090332,11.644879133605201,11.594059138751842,11.620661937439326,11.643222135911088,11.63425064086914,11.622849158515896,11.629117766826683,11.616709866287806,618
12.665959358215332,12.663344383239746,12.66214370727539,12.657011590489343,12.654873385324438,12.607304846448004,12.65707437073761,12.621723175048828,12.62667269176196,12.646234167615628,12.643448619938596,619
12.674126625061035,12.67225170135498,12.672656059265137,12.699998364219592,12.644580871168916,12.6704004138339,12.712976659062216,12.684042930603027,12.672954350948139,12.678220886168551,12.666502856190572,620
11.20144271850586,11.136622428894043,11.13176155090332,11.286551479963236,11.288460905139058,11.130734402019312,11.15894396295234,11.079442977905273,11.121704562405917,11.170629443187595,11.166107216232842,621
12.391289710998535,12.392812728881836,12.38851261138916,12.366218594467115,12.38888030543406,12.354351426437438,12.322392151658333,12.377251625061035,12.403878250080409,12.376176378267546,12.386880875292793,622
11.762449264526367,11.772135734558105,11.767701148986816,11.748795092472633,11.830935478136015,11.785297539283084,11.773156601392552,11.799993515014648,11.780684219073366,11.780127621493731,11.795064821725475,623
12.053847312927246,12.043074607849121,12.044654846191406,12.051750640735083,12.078284548310808,12.085153619514319,12.085408010610017,12.066749572753906,12.083608434480263,12.065836843708018,12.066506799108868,624
11.994288444519043,11.979116439819336,11.978214263916016,12.029812523042445,12.018254550563846,11.976727902873368,11.98703112277896,11.983986854553223,11.92652635311579,11.985995383909113,11.982759316474867,625
11.844779968261719,11.835600852966309,11.83095932006836,11.844456687741372,11.871025548660802,11.867853297142538,11.893493605415461,11.836565971374512,11.859597674176106,11.85381476953413,11.852140620409418,626
11.713214874267578,11.692266464233398,11.687063217163086,11.73639647432541,11.791504439612952,11.68027023611298,11.720195116612611,11.674569129943848,11.707285502121817,11.71141838382152,11.71731715377074,627
12.006247520446777,12.030376434326172,12.03166675567627,11.981732833228094,11.957222970573595,11.991174917321212,12.005447296383165,11.994935035705566,12.013476842411102,12.001364511785773,11.998462719211181,628
12.170825004577637,12.16378116607666,12.163312911987305,12.15516342755963,12.138291110676006,12.136388190761961,12.176321810112166,12.112651824951172,12.171478803321174,12.154246027780413,12.147072392379425,629
12.080009460449219,12.025557518005371,12.009537696838379,12.007598381377353,12.081673194042342,12.011496823297149,12.003137295193289,12.003153800964355,12.026355230066246,12.027613266692633,12.035919886493112,630
11.587532043457031,11.58580493927002,11.588157653808594,11.610577013837766,11.587512679783595,11.614010678042176,11.609797010037854,11.561799049377441,11.650176837870802,11.599485322831697,11.59460165046728,631
12.2769775390625,12.275323867797852,12.274051666259766,12.272993882730955,12.255593608577351,12.31788167454334,12.356384657106409,12.352848052978516,12.350750652530152,12.303645066842982,12.297337463216673,632
12.105917930603027,12.128113746643066,12.134076118469238,12.091988366220356,12.055092522001342,12.04254385398165,12.106507414631363,12.107090950012207,12.100901771010026,12.096914741508032,12.092217199213204,633
11.852478981018066,11.842214584350586,11.839319229125977,11.84199870648322,11.84329540818809,11.843451944722938,11.840528201857305,11.856461524963379,11.864903960535038,11.847183615693845,11.848112808027272,634
11.822733879089355,11.83810806274414,11.841195106506348,11.828139761229412,11.843168686820997,11.802997708909169,11.833710686289603,11.812566757202148,11.834841124304225,11.828606863677265,11.831351919840003,635
12.078015327453613,12.040581703186035,12.0436372756958,12.569552065671473,12.292649885769997,12.123644641874165,12.163616891219585,12.239510536193848,12.183525373168152,12.192748188914742,12.169306071855791,636
10.769319534301758,10.79543685913086,10.822654724121094,10.859476447277302,10.924689761262993,10.834373932591125,10.840316905888761,10.736629486083984,10.895564220490902,10.83094020790542,10.839595689465611,637
11.549508094787598,11.542134284973145,11.549529075622559,11.554247687749635,11.577376296933554,11.58136674124512,11.609635420962766,11.576504707336426,11.581571360511148,11.569097074457993,11.566805372505037,638
11.475237846374512,11.456114768981934,11.439813613891602,11.498127062552157,11.325816233971661,11.40358374975697,11.44074720837176,11.480521202087402,11.412440569220925,11.436933583912102,11.412899531930105,639
12.46645736694336,12.479293823242188,12.483592987060547,12.463041591151402,12.475258324917137,12.524183984437546,12.555718117425274,12.538576126098633,12.534149286833818,12.502252400901101,12.500007441819003,640
12.639995574951172,12.6280517578125,12.625539779663086,12.602390926556053,12.635957431189619,12.554094206085994,12.531925002642204,12.510233879089355,12.58770391953931,12.590654719725478,12.59823159675599,641
12.392986297607422,12.38290786743164,12.379996299743652,12.388391725435866,12.407387342212214,12.390293154377417,12.421918842085013,12.38325309753418,12.423870762920632,12.396778376594225,12.396215532454544,642
12.81238842010498,12.79171371459961,12.782994270324707,12.805148713628416,12.766323083404163,12.7062365084762,12.81770463225959,12.755366325378418,12.703470836985488,12.771260722795729,12.757643038173951,643
11.819984436035156,11.801526069641113,11.808598518371582,11.821923422196193,11.885333417062583,11.930583120752638,11.880028375985942,11.845288276672363,11.870837719736196,11.851567039605975,11.854447267195518,644
12.788107872009277,12.786528587341309,12.785223007202148,12.756754457254537,12.798537454412504,12.805484032179553,12.763500443005237,12.810959815979004,12.817663062704568,12.790306525787571,12.800039654019931,645
11.848459243774414,11.83308219909668,11.826765060424805,11.828266385968938,11.808470534188789,11.83203109438943,11.833928145345885,11.805543899536133,11.80703589725135,11.824842495552936,11.818246553454577,646
11.5096435546875,11.480097770690918,11.478096008300781,11.540343316412622,11.530329047724265,11.503970133323437,11.485898462193468,11.539952278137207,11.524097515491091,11.510269787440144,11.511901289786296,647
11.91090202331543,11.905682563781738,11.908771514892578,11.926009263643813,11.899237278924238,11.903473002141592,11.90051633280338,11.874184608459473,11.886494998321414,11.901696842920407,11.896013175741448,648
11.979986190795898,11.973390579223633,11.96099853515625,11.956113329343527,12.011378622526758,12.022391993757239,12.065771512293695,12.040533065795898,12.020229361770797,12.0034214656293,12.00603178565671,649
11.24759578704834,11.207693099975586,11.205211639404297,11.244595012703485,11.197296247143196,11.174557797236668,11.139655858458562,11.19491958618164,11.203528435861779,11.20167260711262,11.198826281680708,650
12.236754417419434,12.23544979095459,12.2344970703125,12.216725968531877,12.212981654791417,12.185557743699768,12.187104195944578,12.220023155212402,12.208502376059798,12.215288485880707,12.217899658043725,651
11.57055377960205,11.58171272277832,11.57848834991455,11.57964592725556,11.55185091603988,11.652832963452944,11.612290164978278,11.632270812988281,11.578654506534402,11.593144460393809,11.588509471871934,652
12.161454200744629,12.167888641357422,12.16981029510498,12.16641884290598,12.153909468629104,12.1533400754452,12.14185393994522,12.174522399902344,12.173978769472967,12.162575181500872,12.164494699110982,653
11.860218048095703,11.87251091003418,11.871147155761719,11.838249652150376,11.892435170579292,11.845268099602745,11.827556071319915,11.849725723266602,11.826991364527371,11.853789132815322,11.865015053403855,654
12.768402099609375,12.752955436706543,12.7520170211792,12.779575704326328,12.79355246527554,12.84293094259855,13.033299259949406,12.832179069519043,12.804139714772724,12.817672412659634,12.79308047601781,655
11.417252540588379,11.402989387512207,11.411367416381836,11.421151095308675,11.48230679356681,11.413650018596428,11.389746632439042,11.364272117614746,11.442130831086455,11.416096314788286,11.425119498178693,656
11.929877281188965,11.916243553161621,11.919820785522461,11.935164070993185,11.89865001473188,11.887988137195876,11.856741043981092,11.884841918945312,11.92499497782077,11.906035753726794,11.904841895240422,657
12.010015487670898,11.991753578186035,11.988750457763672,12.002698234529813,12.055214936346193,12.027068565166266,12.121017651087367,12.07302474975586,12.079770518808374,12.038812686590497,12.037982259915285,658
11.743879318237305,11.771464347839355,11.77577018737793,11.75417355329383,11.762735463992582,11.77438257891616,11.816233341002812,11.818714141845703,11.806059036982736,11.780379107720934,11.78176282912888,659
12.070921897888184,12.061300277709961,12.06214427947998,12.044880616946463,12.011786550543126,11.995160696773217,11.957489756908098,11.986089706420898,11.965116002852136,12.01720997616912,12.015444740565407,660
12.188326835632324,12.230461120605469,12.23028564453125,12.176241829208685,12.201095358510045,12.21685997425762,12.204684503995566,12.243080139160156,12.228690956423563,12.213302929147186,12.222809364018953,661
12.879337310791016,12.867713928222656,12.857216835021973,12.844598771344053,12.856883235325906,12.801953486105468,12.791072996222628,12.831002235412598,12.802891227031605,12.83696333616421,12.842925860810492,662
11.850750923156738,11.822378158569336,11.823457717895508,11.946124482732131,11.898346838697234,11.80213295493364,11.738477030450403,11.715010643005371,11.658584499064148,11.806140360944944,11.800653266110867,663
11.806727409362793,11.831496238708496,11.835334777832031,11.807915289435709,11.860420280754926,11.8496067023429,11.842412991700128,11.863544464111328,11.847715981425168,11.838352681741497,11.84858245376914,664
12.858890533447266,12.83433723449707,12.838191986083984,12.862300309464388,12.90411119338339,12.923214587041008,12.850815006040182,12.900622367858887,12.83612440717494,12.867623069443455,12.873189403982318,665
12.357758522033691,12.36901569366455,12.368860244750977,12.391366883815412,12.332362528210506,12.364662319998533,12.377840849059286,12.409137725830078,12.408296452743281,12.375477913345145,12.370525893860115,666
12.00960636138916,12.061210632324219,12.0693941116333,12.064297628369594,12.109937017815833,12.11695290296828,12.163487261716869,12.096701622009277,12.06875145086449,12.084482109899003,12.08688477880708,667
12.208893775939941,12.236299514770508,12.245908737182617,12.218548389232645,12.22538999421202,12.250934086783863,12.230380330575965,12.216569900512695,12.21184979215976,12.227197169041112,12.228268419424593,668
12.067785263061523,12.02397346496582,12.011239051818848,12.059581936247131,12.085759563332935,12.046076493787442,12.023788792251224,12.063663482666016,12.01436385504734,12.044025767019809,12.047913609831859,669
11.587380409240723,11.620058059692383,11.627561569213867,11.59358744349774,11.678796532750264,11.655983331691552,11.617620464782732,11.632486343383789,11.608831010503524,11.62470057386184,11.640088034070942,670
12.059270858764648,12.071015357971191,12.075471878051758,12.079397933354615,12.05568521534581,12.048856971299706,12.056023859513095,12.032997131347656,12.072133657439906,12.061205873676487,12.058732205561544,671
11.615361213684082,11.635663032531738,11.644164085388184,11.64431375641025,11.648497655938366,11.704808673742217,11.660609264369288,11.619357109069824,11.643147703210373,11.646213610482702,11.644831445321369,672
12.085151672363281,12.066164016723633,12.06646728515625,12.077410549364382,12.093867605586917,12.076156847633369,12.045401710791863,12.018537521362305,12.072774907656845,12.066881346293206,12.068173900177419,673
12.53136157989502,12.53714656829834,12.534679412841797,12.467214878664162,12.460894964871725,12.429887953756172,12.378874151843904,12.45961856842041,12.441217657546565,12.471210637348676,12.479434035382528,674
11.898776054382324,11.916594505310059,11.921751022338867,11.896172609949451,11.906004792583895,11.881407651210084,11.863431596078058,11.91157341003418,11.931754072385315,11.903051746030249,11.91143720263096,675
11.85584545135498,11.861613273620605,11.860883712768555,11.819748508512674,11.866193888337774,11.886692282578794,11.935693884097008,11.92453670501709,11.901964511627527,11.879241357546112,11.88111250435909,676
11.735107421875,11.750080108642578,11.743441581726074,11.716503475188873,11.674332007933993,11.68423667616944,11.70152397979411,11.739566802978516,11.66215761508986,11.711883296599828,11.708487982851354,677
11.513516426086426,11.52884292602539,11.532166481018066,11.527453083613727,11.582214783204805,11.623900941356762,11.543529883419376,11.607522010803223,11.623862078926653,11.564778734939381,11.579128774091332,678
12.703620910644531,12.705911636352539,12.697436332702637,12.687061372176295,12.728721153319066,12.769943946958094,12.881560465302336,12.812122344970703,12.806119203217996,12.754721929516023,12.749748937992193,679
11.735769271850586,11.736364364624023,11.73542594909668,11.732161316837146,11.785727056107385,11.785480248156176,11.763490248956336,11.772497177124023,11.769700886483045,11.7574018354706,11.765302370854117,680
11.748895645141602,11.74543571472168,11.748457908630371,11.742533400439207,11.789639052847367,11.739267343081561,11.67076556621302,11.73716926574707,11.70923786432516,11.736822417905227,11.75033224390875,681
11.62476921081543,11.624082565307617,11.621594429016113,11.6430300659651,11.659628604736875,11.649069588109427,11.621540921249192,11.63782024383545,11.653639570077157,11.637241688790262,11.642702465919458,682
12.05378246307373,12.031661033630371,12.029760360717773,12.066692782908017,12.10621429304345,12.070780162495913,12.083817480984008,12.076140403747559,12.117056662970368,12.070656182619022,12.075135151260904,683
12.53460693359375,12.535581588745117,12.537819862365723,12.55546748285039,12.50290214945601,12.496163180005452,12.526352481378016,12.536831855773926,12.540106709327844,12.529536915944025,12.523458376972137,684
12.346941947937012,12.33751392364502,12.328423500061035,12.292603148601511,12.315256768185638,12.311634303460536,12.291464822753495,12.28052043914795,12.280049662549047,12.309378724037916,12.311625577955654,685
12.175474166870117,12.159436225891113,12.150982856750488,12.197009908248495,12.184796798407747,12.208442523139565,12.31891705895531,12.241454124450684,12.213102022913896,12.205512853958602,12.191963376991204,686
12.349591255187988,12.36343765258789,12.361705780029297,12.319545735684757,12.321821369341095,12.306901971883146,12.339945346425568,12.316167831420898,12.323052705834346,12.33357440537722,12.333074995670994,687
11.99764347076416,11.992325782775879,11.998015403747559,12.005122282446145,11.968035143474115,11.952278815223266,11.96662655791281,11.967764854431152,11.95248662911112,11.97781099332069,11.972028444131826,688
12.437251091003418,12.447154998779297,12.4419527053833,12.426827375486617,12.417538219872604,12.297560129011467,12.325890422900379,12.349902153015137,12.395879061464509,12.393328461879637,12.4009694347435,689
12.180732727050781,12.14719295501709,12.138178825378418,12.168215407295225,12.145436474274865,12.139316219772146,12.096617132912208,12.063919067382812,12.076571168558868,12.128464441960269,12.122729683181978,690
11.916316986083984,11.908015251159668,11.90689468383789,11.925342749420151,11.919793292068112,11.91661960080307,11.912819078815092,11.923229217529297,11.923729675935217,11.916973392850275,11.916739925563501,691
13.323737144470215,13.297941207885742,13.29578971862793,13.286606566414108,13.387803479205479,13.27682909046952,13.225268435234373,13.204460144042969,13.213492547718284,13.279103148229845,13.293396363546929,692
12.614548683166504,12.614328384399414,12.61650276184082,12.629724386388206,12.60783949866429,12.639869965290078,12.656706751149759,12.617284774780273,12.61319735225976,12.623333617548788,12.615523535050306,693
11.458934783935547,11.487896919250488,11.513575553894043,11.526957750674924,11.484223780538878,11.522492714083759,11.559096777258754,11.5280179977417,11.602013930477735,11.52035668976176,11.513076506284213,694
11.815773963928223,11.803522109985352,11.79172420501709,11.777376028000068,11.840896251839311,11.756056723669884,11.758316763029324,11.748266220092773,11.733983669539962,11.780657326122444,11.790130440898345,695
12.058438301086426,12.054900169372559,12.057037353515625,12.059817737432196,12.035621710885602,12.044700989316336,12.030208416312412,12.041954040527344,12.040842349142553,12.047057896399004,12.044566759874556,696
11.449971199035645,11.445981979370117,11.450035095214844,11.463722534170447,11.466537871554406,11.539505951081317,11.659512259486528,11.381830215454102,11.46037738844847,11.479719388201763,11.453238403996796,697
11.7841796875,11.795583724975586,11.794567108154297,11.795217575099418,11.78529943901204,11.764247245045784,11.72962649776431,11.759963989257812,11.742186129068184,11.77231904398638,11.776320369008582,698
11.808669090270996,11.787834167480469,11.798888206481934,11.808174725611634,11.793614287769932,11.826499629206962,11.8369331034937,11.841588020324707,11.824752144311159,11.814105930550166,11.807138339944352,699
12.177713394165039,12.159867286682129,12.151928901672363,12.184098658359668,12.169793444340295,12.182253549308141,12.150992397957326,12.150225639343262,12.136079909088078,12.162550353435144,12.159978382738977,700
12.661133766174316,12.659083366394043,12.658933639526367,12.658614645707274,12.62896532945713,12.669459509549428,12.679873745040737,12.697243690490723,12.682077306764509,12.666153888789392,12.661266402833155,701
11.880019187927246,11.8936767578125,11.896815299987793,11.867551779877891,11.859189691954464,11.845646263167842,11.895696397974303,11.907389640808105,11.843691950099505,11.876630774401072,11.87435552058824,702
12.787076950073242,12.771855354309082,12.760663032531738,12.74004176047018,12.794982206286647,12.784507215729766,12.701998894898862,12.722503662109375,12.8250936193273,12.765413632859577,12.779276692829576,703
11.736560821533203,11.76733112335205,11.772870063781738,11.767933479031703,11.812499277885978,11.90120608384056,11.911317823496736,11.87427043914795,11.891433564559781,11.826158075181077,11.82801392037861,704
12.237363815307617,12.24244499206543,12.243961334228516,12.244403359514333,12.25202172794704,12.259524722050958,12.307041942049855,12.22439193725586,12.25818991643364,12.252149305205915,12.246224330636963,705
11.100784301757812,11.116477966308594,11.124678611755371,11.1947120935356,11.295394687935705,11.116446032924447,11.004147278178909,10.963099479675293,11.07814749988462,11.110431994661816,11.135452153485522,706
12.631972312927246,12.622303009033203,12.628173828125,12.607766301270647,12.669553976644405,12.597320851439704,12.643613639099511,12.597713470458984,12.650392896030365,12.627645587225452,12.632672691587898,707
12.28519344329834,12.283533096313477,12.283489227294922,12.291591678093825,12.28577977636379,12.275308079505496,12.262527306185152,12.276805877685547,12.293284254965982,12.281945859967392,12.283621083298293,708
12.161983489990234,12.174046516418457,12.1779146194458,12.182531076815154,12.128146653871497,12.093417279289495,12.102093651279418,12.149066925048828,12.112210509145916,12.142378969033865,12.140465639060647,709
11.507841110229492,11.533464431762695,11.539527893066406,11.556406596913227,11.585503862811466,11.61092105633036,11.48546128339517,11.558856964111328,11.508324042943011,11.54292302684035,11.55604463578442,710
11.173255920410156,11.173583984375,11.198355674743652,11.024471724795148,11.229698651531459,11.227113234228424,11.278157501369122,11.238658905029297,11.205657636618238,11.194328137011166,11.209185327701684,711
11.438374519348145,11.241374969482422,11.249977111816406,11.550146524261393,11.595256784698334,11.488905503876353,11.454482786576833,11.20079231262207,11.229104019220022,11.38315717021133,11.355014299739715,712
12.213006973266602,12.209054946899414,12.208657264709473,12.203371644783909,12.185068199106563,12.147148432113138,12.117788160120757,12.169153213500977,12.119701138672246,12.174772219241452,12.177096058100148,713
11.68825912475586,11.721037864685059,11.713153839111328,11.644129763876949,11.741931285574545,11.727292982905075,11.681887184515492,11.696611404418945,11.730745720241028,11.705005463342697,11.724901541854516,714
12.136198043823242,12.149930000305176,12.145403861999512,12.12659861712799,12.15936817091423,12.133823662754589,12.112591315060927,12.085208892822266,12.137912946860398,12.131892834629815,12.138925830230278,715
11.855646133422852,11.858935356140137,11.861669540405273,11.8557459875158,11.879960108248069,11.915174975397623,11.876900861204263,11.840084075927734,11.886870399068913,11.870109715258963,11.87150237540726,716
12.158523559570312,12.158628463745117,12.163100242614746,12.177039722927056,12.20153482415777,12.127517508960102,12.22022566063086,12.243897438049316,12.207488595645286,12.184217335144506,12.187423196744303,717
11.971717834472656,11.969159126281738,11.979273796081543,11.996105877201874,11.964076759426447,11.978638264546024,11.98082023143642,12.0031099319458,11.972308078462454,11.97946776665055,11.97455305767718,718
12.631930351257324,12.648101806640625,12.647746086120605,12.644540910771902,12.634881778233847,12.723316178782934,12.729039160216592,12.606766700744629,12.682661894532924,12.660998318589042,12.650752098274934,719
11.808121681213379,11.806266784667969,11.803717613220215,11.78788024405276,11.837636165912087,11.813335119205673,11.817590834215437,11.819872856140137,11.8161707616893,11.812288006701884,11.819068603259597,720
12.438033103942871,12.458984375,12.451037406921387,12.42161938305367,12.418827037156255,12.43134122626554,12.48800322471929,12.476680755615234,12.441102240150082,12.447292083647149,12.445445789014592,721
11.825071334838867,11.822880744934082,11.82431697845459,11.849701938662985,11.855459338373379,11.874192913666345,11.874275469934833,11.872444152832031,11.86281968466334,11.85124028404005,11.850544697161595,722
11.672656059265137,11.675314903259277,11.668811798095703,11.65788894330072,11.691046064899101,11.721728876112792,11.683357314987763,11.67245101928711,11.670458808583382,11.679301531976774,11.683263038893838,723
11.810457229614258,11.813385963439941,11.811827659606934,11.803086471198256,11.807426484152916,11.780523098592175,11.766713620816539,11.772685050964355,11.7663263618145,11.792492437799986,11.795242647483699,724
12.64098072052002,12.641134262084961,12.64955997467041,12.651167150386582,12.6354612901575,12.67056217543862,12.64812048929317,12.639143943786621,12.682611795613765,12.650971311327963,12.648252422319358,725
11.554903984069824,11.575143814086914,11.577813148498535,11.565334687043197,11.641650554455218,11.675963606300305,11.63469277890064,11.682517051696777,11.649810879497679,11.617536722727676,11.631204620608335,726
12.422367095947266,12.472846984863281,12.46645450592041,12.340338209376174,12.406503752564273,12.390452702659378,12.37667665121145,12.43332576751709,12.331356853224866,12.40448028036491,12.419887599703046,727
12.15753173828125,12.164336204528809,12.167182922363281,12.161223788031217,12.153708332047506,12.170839505971681,12.200157120694032,12.132415771484375,12.166995147799524,12.16382117013352,12.157485227518249,728
11.96351432800293,11.971542358398438,11.967087745666504,11.93658904051292,11.924704492218485,11.830155390692035,11.715632500464334,11.863162994384766,11.864368271374603,11.892973013523893,11.911813539656343,729
11.485028266906738,11.504416465759277,11.496865272521973,11.47876788176578,11.543775234215055,11.484385549677846,11.437323027304586,11.469246864318848,11.44930260415002,11.483234574068902,11.499629213312911,730
12.339197158813477,12.34869384765625,12.345792770385742,12.322214472255514,12.381290849690258,12.400243541133515,12.445734614514354,12.426088333129883,12.45192833789382,12.3845759917192,12.389790751526089,731
12.21987533569336,12.20559310913086,12.204051971435547,12.213252147611758,12.200495638243721,12.1535604913243,12.062725542439983,12.05750560760498,12.131519365099487,12.160953245398222,12.164950179400241,732
12.363064765930176,12.34848403930664,12.347970962524414,12.38818154074012,12.341431621930518,12.35976600114633,12.356726782314754,12.339879035949707,12.370774934374825,12.357364409357498,12.34956663793754,733
11.791728019714355,11.79638671875,11.79811954498291,11.79097253434528,11.825529535674974,11.836930701882647,11.856462461629597,11.809526443481445,11.840702345277831,11.816262033971006,11.816894768496077,734
11.577805519104004,11.588647842407227,11.58602523803711,11.596956641733346,11.647831356329611,11.657103307450068,11.642645285430913,11.560328483581543,11.591787203014354,11.60545898634313,11.607816973009893,735
11.965513229370117,11.959833145141602,11.961380004882812,11.985142102674684,11.979156787277685,12.022870632098847,12.058561899624936,12.055243492126465,12.069993464262328,12.006410528606608,12.002341372203727,736
11.352261543273926,11.334680557250977,11.338814735412598,11.343727428339719,11.274348838736625,11.348309352114903,11.384008046427947,11.39184856414795,11.347006965523425,11.346111781247563,11.3304682742237,737
12.358586311340332,12.35756778717041,12.358052253723145,12.372928546682465,12.345907657207352,12.343405127604587,12.352858835923731,12.361367225646973,12.404088219860947,12.361640218351106,12.360162945288197,738
11.809479713439941,11.864388465881348,11.863035202026367,11.76405455295992,11.909957440728032,11.852457295778105,11.887004834879727,11.968853950500488,11.91707216018709,11.870700401820114,11.899462648343471,739
12.165892601013184,12.172098159790039,12.175324440002441,12.171848423570335,12.16758195718424,12.197289040801074,12.21871236332834,12.183123588562012,12.191998477464217,12.18265211685732,12.178060561629174,740
11.63703727722168,11.657646179199219,11.661797523498535,11.664853436273024,11.749180850566576,11.714123970418477,11.704885652969077,11.68333911895752,11.694294712350205,11.685239857939367,11.69762681443897,741
11.851241111755371,11.83670711517334,11.834583282470703,11.854813387841272,11.828637779441044,11.834607719032942,11.850461083659358,11.83809757232666,11.839207305825882,11.840928484169618,11.834873833379103,742
12.058401107788086,12.065544128417969,12.068079948425293,12.046635565148133,12.079077587503134,12.06530170484769,12.101449442415534,12.090271949768066,12.09866024802894,12.074824631371426,12.07780429987868,743
11.96130084991455,11.96579647064209,11.96206283569336,11.962669227993139,11.94507455116771,11.985688930042604,11.977128477938631,11.961770057678223,11.957212314953326,11.964300412891514,11.960380167444665,744
12.297107696533203,12.282580375671387,12.275947570800781,12.282799728675176,12.239801737296698,12.230506239522727,12.250595523602447,12.241360664367676,12.259287886746039,12.262220824801792,12.255754545599004,745
12.60977554321289,12.591278076171875,12.582382202148438,12.613560438866777,12.633491705714896,12.681454293430294,12.728061657814136,12.670766830444336,12.712262344042527,12.647003676871797,12.641857872877091,746
12.329950332641602,12.333826065063477,12.339431762695312,12.342460147229577,12.324702010988064,12.343540979428848,12.371476511844923,12.404202461242676,12.35883458532017,12.349824984050516,12.346993720351565,747
12.242132186889648,12.230175971984863,12.227216720581055,12.244886809753734,12.24523996187706,12.328390240495906,12.469200065757763,12.41915512084961,12.280447183507496,12.298538251299682,12.281358456376523,748
12.391523361206055,12.386727333068848,12.3850736618042,12.398370781602402,12.423719150656165,12.360318968037951,12.373194792222492,12.352226257324219,12.326786155931744,12.377548940206006,12.380051952426932,749
11.421204566955566,11.398950576782227,11.391855239868164,11.427560424640557,11.420133670048564,11.387914809006576,11.373777309620634,11.389999389648438,11.384796311316286,11.399576921987448,11.40012830827973,750
11.352267265319824,11.344676971435547,11.340729713439941,11.030311078715386,11.265882157999112,11.287890758688759,11.318644997617241,11.365073204040527,11.363061386878428,11.29650417045942,11.323219369390625,751
11.950995445251465,11.965068817138672,11.970939636230469,11.96154206989591,11.928246990289638,11.970208587633877,11.971328392728516,12.025870323181152,11.981245364681909,11.969493958559067,11.967477193412861,752
12.25330638885498,12.251249313354492,12.253957748413086,12.251868041434124,12.253899289563826,12.252396261360568,12.208005061576745,12.210979461669922,12.236593191732133,12.24136163977332,12.243663974521757,753
12.489996910095215,12.48745346069336,12.488879203796387,12.489731921371416,12.516444203356752,12.475400098643535,12.482842836751576,12.45577621459961,12.49407768786517,12.486733615241446,12.49003341560295,754
11.968477249145508,11.971427917480469,11.964083671569824,11.946793844667653,11.965854828715003,11.934180934067758,11.950702064717293,11.916851997375488,11.873711903151369,11.943564934543375,11.94352826199586,755
11.9568510055542,11.955201148986816,11.9470853805542,11.928456828428644,12.01894450112542,12.002393174039604,12.007532522558325,11.971799850463867,11.992122389901784,11.975598533512539,11.985281758336846,756
12.25795841217041,12.269087791442871,12.27275276184082,12.266948155389915,12.264566973443477,12.268657642495127,12.28962912915333,12.310351371765137,12.294616853380864,12.277174343453549,12.27794649838188,757
11.892438888549805,11.918132781982422,11.926119804382324,11.902475558726243,11.946244458663708,11.965363547089423,11.85769718967453,11.88762092590332,11.882021943419572,11.908679455376816,11.920720979188147,758
12.01167106628418,12.008478164672852,12.003667831420898,11.991033777982903,12.022376880066147,12.077159816691987,12.066196727084419,12.08370590209961,12.068704496953243,12.036999407028471,12.039805054708253,759
12.56039047241211,12.573164939880371,12.572906494140625,12.54943605329142,12.562479339327952,12.581529207684195,12.597018215658212,12.621368408203125,12.616197654294202,12.581610087210244,12.584851163689695,760
11.72934341430664,11.682271003723145,11.674809455871582,11.689851201393381,11.755357296103066,11.72614337535347,11.78754113761584,11.763718605041504,11.733381730719705,11.726935246680924,11.726766196595737,761
11.564735412597656,11.55697250366211,11.563554763793945,11.610660094831577,11.61278680181502,11.627859963362097,11.667586066591923,11.593162536621094,11.64603982736159,11.604817552293001,11.59787925306887,762
12.249398231506348,12.24103832244873,12.22902774810791,12.201327830137336,12.23330566572497,12.246564860946336,12.208204718581745,12.233898162841797,12.191208763705259,12.225997144888936,12.231284607935756,763
12.633652687072754,12.640869140625,12.641145706176758,12.65181896438073,12.670622777098366,12.717978438100985,12.681064809128094,12.633384704589844,12.664172323089868,12.659412172251377,12.659100615807048,764
12.445693016052246,12.435904502868652,12.438879013061523,12.400669616364734,12.403840537330158,12.44055235436268,12.394882033067297,12.424193382263184,12.419020693953065,12.422626127702614,12.423433769491744,765
12.47695255279541,12.480595588684082,12.481425285339355,12.472774683766158,12.5242397050296,12.475106728567813,12.488070408741057,12.528109550476074,12.5456319663391,12.496989607748738,12.508620206750393,766
12.124584197998047,12.110846519470215,12.112646102905273,12.136189317260552,12.168349140971968,12.078448995677423,12.065593776782931,12.127799034118652,12.146091856883695,12.118949882452085,12.13078318311532,767
12.043059349060059,12.056607246398926,12.055132865905762,12.090239705945605,12.037759940748966,12.105618817695383,12.084271138419643,12.063445091247559,12.086399267547721,12.069170380329957,12.061905441593895,768
12.312768936157227,12.324858665466309,12.326465606689453,12.333750871678188,12.295392774837854,12.352193193743387,12.36297934286116,12.323365211486816,12.366059897918438,12.333092722315424,12.325339470042751,769
13.107487678527832,13.07237434387207,13.068684577941895,13.128364414115929,13.157452928324648,13.123865555123537,13.032903327742437,13.20403003692627,13.062624255179582,13.106420790861579,13.120134565415674,770
11.750594139099121,11.734908103942871,11.729902267456055,11.73857770743413,11.823346168228563,11.782858037301134,11.766153558027868,11.78722095489502,11.771540795376328,11.76501130352901,11.77734708159732,771
11.694475173950195,11.698209762573242,11.696374893188477,11.654840733463184,11.712705828220404,11.686656107019731,11.63908293729112,11.691353797912598,11.660889635233696,11.681620985428072,11.69454461505609,772
11.811080932617188,11.80538272857666,11.806124687194824,11.81652759323203,11.820335659812951,11.830362086081855,11.848142909544766,11.857243537902832,11.843675988587696,11.826541791505642,11.825653756443312,773
11.607141494750977,11.622954368591309,11.622222900390625,11.612193183276036,11.623058107313856,11.696144444115411,11.71626241863037,11.698338508605957,11.667071805875397,11.651709692394435,11.648732321473615,774
12.570250511169434,12.560946464538574,12.558526039123535,12.585166195151974,12.557499379864074,12.56249983806451,12.460459403845634,12.564972877502441,12.472562583878597,12.543653699237641,12.548201963679357,775
11.9654541015625,11.96075439453125,11.964999198913574,11.975700370007216,11.989163814324789,11.991955914794314,12.034279788049597,11.981268882751465,11.991578159852114,11.983906069420758,11.97932903330735,776
12.368870735168457,12.370433807373047,12.371781349182129,12.37924733477059,12.374701967491518,12.323821618451657,12.269782929728168,12.295452117919922,12.29428259652248,12.33870827295644,12.344098456414232,777
11.768482208251953,11.778094291687012,11.778764724731445,11.771802608156937,11.805520444642912,11.836233130751607,11.843419101343715,11.835616111755371,11.850576924195916,11.807612171724097,11.810961072838706,778
11.866601943969727,11.90044116973877,11.902877807617188,11.819972722331496,11.80067511779547,11.8475446639168,11.886159208948875,11.88220500946045,11.864879791429768,11.863484159467616,11.859925935936348,779
11.8934965133667,11.880958557128906,11.882533073425293,11.870611113227998,11.867556780897184,11.871069635374617,11.918898236776707,11.878470420837402,11.86436068297807,11.880883890445876,11.873535304011726,780
11.995382308959961,12.009730339050293,12.013693809509277,11.98943759918724,11.983376486499768,12.000965765645205,12.053992713964515,12.07735824584961,12.027384381579795,12.016813516693963,12.014820499052353,781
12.062835693359375,12.05946159362793,12.060248374938965,12.064934647442595,12.065151515660881,12.077601744682402,12.041456394842358,12.069974899291992,12.077462825250558,12.064347521010784,12.067110807485228,782
12.157285690307617,12.15394401550293,12.155174255371094,12.156687116611874,12.161318213615917,12.139344670597257,12.171370686980625,12.148506164550781,12.174484294833755,12.15756834537465,12.156503130867309,783
11.995015144348145,11.994792938232422,12.00055980682373,12.018455403656873,11.991440380723306,12.014284106393227,11.946526288687702,11.971392631530762,11.988717383466776,11.991242675984772,11.99136042021624,784
11.705920219421387,11.716798782348633,11.720162391662598,11.78707075397324,11.765748125053895,11.807642987623169,11.865682746824653,11.850458145141602,11.83590913801361,11.783932587784754,11.777529436597167,785
11.999977111816406,12.014508247375488,12.012929916381836,11.962919763459183,12.001778059729261,12.025159524468432,12.051464201477462,12.01305103302002,12.029104063641368,12.012321324596606,12.014011025769385,786
11.769013404846191,11.772745132446289,11.77508544921875,11.753835664866829,11.762456098011842,11.75560555952597,11.741128429558628,11.749842643737793,11.77301520879118,11.761414176778164,11.764608218617948,787
12.318343162536621,12.32118034362793,12.323014259338379,12.326924520615185,12.34734000263896,12.370406923701308,12.392710229901606,12.335006713867188,12.348380338550024,12.342589610530801,12.33944775434152,788
11.593419075012207,11.58804702758789,11.585792541503906,11.571588052863724,11.589993283053879,11.618360108323094,11.637536100210454,11.648201942443848,11.61687817429872,11.60553514503308,11.605296590540167,789
12.275379180908203,12.295379638671875,12.285799026489258,12.239017526266638,12.267278508199233,12.326178703167466,12.343202354110938,12.298914909362793,12.241073888022555,12.285802637244329,12.283762542984427,790
11.970916748046875,11.9735689163208,11.973763465881348,11.988848281736301,11.97318032589721,11.989042513311746,12.05110522185795,12.016833305358887,11.987390147150906,11.99162765839578,11.98384634818459,791
11.940584182739258,11.935306549072266,11.939181327819824,11.955372488284794,11.906195537328557,11.929948718009681,11.946547584930816,11.907561302185059,11.925908947504652,11.9318451819861,11.921143753080734,792
12.489389419555664,12.48085880279541,12.476774215698242,12.459821223252773,12.464058716143246,12.41097442134632,12.46378221909461,12.389012336730957,12.40838872950905,12.449228898236251,12.444259575986452,793
12.340500831604004,12.323192596435547,12.326539039611816,12.334652873709821,12.323679155555398,12.306314327318278,12.348806121510224,12.336501121520996,12.321116419290979,12.32903360961745,12.323368798675444,794
12.197266578674316,12.198389053344727,12.199660301208496,12.21249689543985,12.147551258874554,12.18650108331487,12.179739587431184,12.201811790466309,12.189316668999185,12.190303690861498,12.182598842865254,795
11.986031532287598,11.993711471557617,11.9935941696167,11.992443043326592,12.035096742939832,11.975204338834965,12.02955414906567,11.992112159729004,11.988898301526888,11.998516212098318,12.002085519812704,796
11.884440422058105,11.890270233154297,11.889117240905762,11.861485192409841,11.894060459499299,11.849494618505645,11.856660027483311,11.811792373657227,11.793579544845251,11.858988901390973,11.860932561881878,797
11.44542121887207,11.44044303894043,11.443269729614258,11.469151289651098,11.471076520297546,11.599760694200638,11.575012617507522,11.539974212646484,11.54853063114497,11.503626661430557,11.496374053621068,798
13.044082641601562,13.035957336425781,13.028098106384277,13.03486609841759,13.03747904930138,13.214388673620826,13.19769192709921,13.151511192321777,13.199176245364304,13.1048056967263,13.096352874821202,799
11.983291625976562,11.954374313354492,11.951406478881836,11.948497211886494,11.94595074917453,11.961483171946378,11.87211804923191,11.895434379577637,11.89876584410879,11.934591313793183,11.93562597058721,800
12.208107948303223,12.173096656799316,12.166093826293945,12.196596645456076,12.213171203143563,12.191713729354689,12.175750621570673,12.201452255249023,12.188625441881534,12.190512036450226,12.192583009701734,801
11.688486099243164,11.737316131591797,11.738327980041504,11.693444282256099,11.704264959178273,11.690530637460705,11.656854650021028,11.733001708984375,11.743203591208637,11.709492226665066,11.723645853085701,802
12.202288627624512,12.205046653747559,12.206942558288574,12.198583512815059,12.151862860617223,12.13126713998715,12.163956493726246,12.167571067810059,12.141222239071146,12.174304572631947,12.167950985963515,803
13.033428192138672,13.019481658935547,13.014091491699219,13.031503404823349,13.050834318309773,13.093091087629642,12.99974916535858,13.112212181091309,12.961522840160598,13.035101593349632,13.041958213133901,804
11.559151649475098,11.559361457824707,11.569684028625488,11.618434231969387,11.661145856819864,11.695000035813205,11.603197241273943,11.653059005737305,11.644661232744534,11.618188304475948,11.62798017799195,805
12.284774780273438,12.2664794921875,12.267926216125488,12.292046404795489,12.304807073895523,12.248735744305215,12.228173695701757,12.237146377563477,12.25535570569857,12.265049498949606,12.268840793584337,806
11.760013580322266,11.755786895751953,11.753988265991211,11.753792497243094,11.741730329629585,11.803035620426582,11.832333194419148,11.788091659545898,11.772961968124296,11.77352600127267,11.764408879869213,807
12.292708396911621,12.259690284729004,12.25326919555664,12.288668147642602,12.303035742649671,12.2206210819141,12.21920534496118,12.313756942749023,12.261540818750968,12.268055106207202,12.276166453202755,808
11.820687294006348,11.841856956481934,11.844680786132812,11.843869790205872,11.864648680572218,11.91542844529418,11.899335802317507,11.87414836883545,11.914047442863431,11.868744840745528,11.871058571205385,809
11.799543380737305,11.8507080078125,11.85391616821289,11.782034677950733,11.728887636870631,11.721699830846527,11.670385699996716,11.784934997558594,11.7439974663569,11.770678651815865,11.778678097843354,810
12.267973899841309,12.269351959228516,12.26247501373291,12.225824410881506,12.216879062266944,12.021311305577655,12.064540486330916,12.213920593261719,12.15323109188449,12.188389758111775,12.204068100351755,811
11.950925827026367,11.923439025878906,11.915068626403809,11.949007830971398,11.93465406495245,11.92447469121366,11.902553458647686,11.926939010620117,11.925087537952127,11.928016674851836,11.92737653191709,812
11.396306991577148,11.287091255187988,11.300505638122559,11.479985336977947,11.465950399506758,11.48160866076282,11.360930057754965,11.351410865783691,11.291517387220765,11.379478510321627,11.366594439768662,813
11.986556053161621,11.999649047851562,11.994494438171387,11.943010121299226,11.969335639165207,11.898844270467233,11.873927858056721,11.877792358398438,11.924835833054656,11.940938402180672,11.951115735461704,814
11.73166275024414,11.697397232055664,11.696495056152344,11.693259969298563,11.734951448888149,11.66939100912701,11.687166210494057,11.667051315307617,11.640067328555626,11.690826924458129,11.691734466557097,815
12.235923767089844,12.22375774383545,12.221282005310059,12.214267067234491,12.239060199123104,12.221995775589024,12.237686751389402,12.236266136169434,12.219091547906375,12.227703443738575,12.229030643890592,816
11.81664752960205,11.815335273742676,11.81029224395752,11.81745598998596,11.845047103962802,11.865944917093849,11.844507433128188,11.859451293945312,11.848926458558026,11.83595647155293,11.840386088119848,817
12.501276016235352,12.497682571411133,12.508746147155762,12.562487654529317,12.508166480307306,12.516459134319485,12.54763939306785,12.534357070922852,12.552609545694224,12.525491557071478,12.516079570161699,818
11.94390869140625,11.929360389709473,11.919283866882324,11.909407506251235,11.933418762428202,11.920515742905737,11.91867928650772,11.905346870422363,11.870131316574295,11.91667249256529,11.917320440414523,819
12.323554992675781,12.306925773620605,12.304252624511719,12.317374397956634,12.307450726155247,12.289535638655998,12.319985154554283,12.316994667053223,12.330623581562266,12.312966395193973,12.310225018797835,820
12.158223152160645,12.158513069152832,12.158592224121094,12.156980914235167,12.132623765991694,12.162628553717164,12.17198795252949,12.139766693115234,12.148322892618316,12.154182135293516,12.147511134307768,821
11.343854904174805,11.373430252075195,11.363008499145508,11.369453027962937,11.408748610717812,11.444946889535627,11.391912250821171,11.402337074279785,11.412270767170412,11.389995808431472,11.400530836300268,822
12.215547561645508,12.227931022644043,12.231757164001465,12.234956438205192,12.208902481030751,12.179933020118943,12.18097233803564,12.079422950744629,12.112736166394305,12.185795460313384,12.177995544707034,823
11.87769603729248,11.881765365600586,11.875638961791992,11.857606969044788,11.907481662622958,11.883183888365975,11.868945238082409,11.909341812133789,11.868986944483948,11.881182986602102,11.891408679681973,824
12.368334770202637,12.374061584472656,12.373157501220703,12.349840339001068,12.36019408270229,12.336058469035674,12.332449111573096,12.317886352539062,12.369083908567296,12.353451791034942,12.356804649480955,825
12.968623161315918,12.966833114624023,12.967116355895996,12.967228350513015,12.952274290603787,12.998541697409836,12.959452543158008,12.968127250671387,12.887012257292882,12.959467669053872,12.954995679320959,826
11.581162452697754,11.536944389343262,11.53071117401123,11.40074928966169,11.35013585647155,11.593787216929499,11.592894241119092,11.561365127563477,11.536630605163833,11.5204867058846,11.495934767632145,827
12.174270629882812,12.171049118041992,12.17020320892334,12.172488253015203,12.150948520923537,12.189405964496785,12.160096527271214,12.178495407104492,12.172703528475441,12.171073462014979,12.168906475495445,828
12.140926361083984,12.124364852905273,12.127813339233398,12.148630900420065,12.21870201264137,12.224620253396393,12.079728609751898,12.056411743164062,12.034088080637424,12.128365128137098,12.13682463496945,829
11.914020538330078,11.935599327087402,11.933667182922363,11.900370001496956,11.90645223352179,11.915297365361488,11.926085461895985,11.972975730895996,11.932137926578447,11.926289529787832,11.930963764545314,830
12.12088394165039,12.09951400756836,12.097563743591309,12.086056021469853,12.066205147485666,12.060512129920236,12.068518865938556,12.036097526550293,12.035493761270885,12.07453834949395,12.06731757687815,831
11.908936500549316,11.940763473510742,11.93980884552002,11.908108543665426,11.90472966345867,11.880339076565733,11.850602626858993,11.9178466796875,11.898165472064141,11.905477875764506,11.915027102956017,832
12.350622177124023,12.36111831665039,12.364821434020996,12.349877932870363,12.351484104193057,12.318056300456956,12.31469618813315,12.30312728881836,12.351962220016391,12.340640662475966,12.343603647142094,833
11.957496643066406,11.9824857711792,11.987736701965332,11.965271741788554,11.985635641666729,11.967602216920852,11.922237957850143,11.981703758239746,11.97903358571954,11.96991155759961,11.981179663264909,834
11.762453079223633,11.793211936950684,11.795187950134277,11.789003831344978,11.8121580465395,11.832785152235015,11.816263751229851,11.84160041809082,11.842575470158982,11.809471070656416,11.817115172218129,835
11.748489379882812,11.740973472595215,11.737791061401367,11.75592537892511,11.790781643609288,11.793623199234528,11.761956706317712,11.81033992767334,11.786674507335489,11.769617252997207,11.777389784678537,836
11.795443534851074,11.80344009399414,11.80595588684082,11.863743525805232,11.887930341946133,11.796720061753113,11.790576945958945,11.803509712219238,11.7950618659202,11.815820218809877,11.824493538821415,837
11.483412742614746,11.487776756286621,11.493799209594727,11.494901253031248,11.4788228418957,11.46525073063018,11.47222723079596,11.462592124938965,11.487226735832682,11.480667736180092,11.478966910537695,838
11.901609420776367,11.893998146057129,11.89034652709961,11.88940953111805,11.868360179321419,11.87067888141842,11.916307580456575,11.851388931274414,11.89650634094894,11.88651172649677,11.878272422672435,839
11.811372756958008,11.793741226196289,11.789020538330078,11.797421918940207,11.769306258909673,11.763692550301995,11.789941590688928,11.768916130065918,11.764096200959662,11.783056574594529,11.77585529701107,840
11.805652618408203,11.803582191467285,11.79061508178711,11.756913827267589,11.799116574187229,11.816846249451569,11.824198288700883,11.754831314086914,11.799928687298758,11.794631648072839,11.795558851997887,841
11.947863578796387,11.894742965698242,11.889070510864258,11.932633665722822,11.959679529832668,11.850191613523258,11.847715614809815,11.864736557006836,11.79815491182029,11.887198772008286,11.88925002927205,842
12.01635456085205,11.984066009521484,11.97856616973877,11.981053756820469,11.986312984622604,11.942614621576553,11.96299459382193,11.959105491638184,11.953917702360094,11.973887321216905,11.97214558649183,843
11.797122955322266,11.795408248901367,11.798200607299805,11.995141075484753,11.82439959407234,11.700500552627974,11.793867273587384,11.728195190429688,11.77571070672369,11.80094957827214,11.780040006692333,844
11.816631317138672,11.787993431091309,11.782979965209961,11.838141872781478,11.84962288628381,11.819348065935953,11.833061372304485,11.812959671020508,11.798739375129848,11.815497550766224,11.813438803527095,845
12.052894592285156,12.072768211364746,12.084799766540527,12.089309558628797,12.068604809146425,12.155874603030448,12.14311649801818,12.032876968383789,12.027620684207317,12.08087396573393,12.06755756748585,846
12.234758377075195,12.243578910827637,12.246329307556152,12.259267857638298,12.208897755189863,12.246228600620972,12.203756164122876,12.245526313781738,12.22055449604882,12.234321975873506,12.231462841310433,847
11.744023323059082,11.750710487365723,11.748880386352539,11.72535853958388,11.723351100595684,11.732488465728515,11.678854089177628,11.687599182128906,11.749444264797251,11.726745537643247,11.73128399035152,848
12.364999771118164,12.309675216674805,12.291626930236816,12.326311421494239,12.440413497177415,12.299320224245678,12.277526342542728,12.28549575805664,12.285423732656666,12.320088099355907,12.336827782444361,849
12.102715492248535,12.110067367553711,12.117414474487305,12.101838659764516,12.131768800414875,12.103812407088054,12.069409176653421,12.117507934570312,12.10930778774475,12.107093566725053,12.116370612211313,850
11.818124771118164,11.810522079467773,11.811450004577637,11.830613740608008,11.838086390422637,11.874990749750868,11.892230722994675,11.88525104522705,11.875414476814411,11.848520442331248,11.84570789076337,851
12.191300392150879,12.180652618408203,12.180041313171387,12.187623033078733,12.169700351030025,12.170383161671367,12.210042711170162,12.192550659179688,12.195245009241091,12.18639324990017,12.180565195842302,852
12.101334571838379,12.080581665039062,12.078974723815918,12.028611289441958,12.06154399386141,12.013866671075098,11.985538861261727,12.083349227905273,12.076954938910466,12.05675066034992,12.068402617651714,853
12.08398151397705,12.080181121826172,12.078883171081543,12.062440622094623,12.108821940650223,12.029564507991902,12.018735576453105,12.039762496948242,12.02774524288733,12.058901799323356,12.068863948167527,854
12.052872657775879,12.053055763244629,12.058096885681152,12.094955852833772,12.095434221586899,12.001969323874878,12.007530218734502,12.021775245666504,12.07324179901988,12.050992440935344,12.057211998781815,855
11.888612747192383,11.874773979187012,11.870194435119629,11.854307121625284,11.91744180347816,11.86715351113785,11.864533641290148,11.878022193908691,11.883081288448041,11.877568969043022,11.887260329281668,856
11.946172714233398,11.96087646484375,11.960441589355469,11.935346991980982,11.928927439436755,11.905565350849649,11.936583260651012,11.888365745544434,11.918993869035774,11.931252602881248,11.929081616356736,857
11.921988487243652,11.935589790344238,11.938948631286621,11.913449087536993,11.94653143471954,11.942565091234872,11.956326139360069,11.930276870727539,11.97565648391614,11.940148001818851,11.944162234909818,858
11.87396240234375,11.88504409790039,11.890419006347656,11.88681015289697,11.912507601968072,11.908645714567028,11.811290738309113,11.786551475524902,11.83598627132805,11.865690829020659,11.872463490213912,859
12.381999015808105,12.381781578063965,12.384942054748535,12.395461803503693,12.336520139551387,12.361499275508915,12.35784382227257,12.324524879455566,12.3869383609905,12.367945658878137,12.359118269054004,860
12.005452156066895,12.004226684570312,12.004670143127441,11.986019766393213,12.005080698742903,12.10328676885218,12.07571661825119,12.088000297546387,12.06825058639584,12.03785596888293,12.037053460244675,861
11.796392440795898,11.80957317352295,11.80786418914795,11.774180169374057,11.763055878825979,11.74491410417347,11.819661947081347,11.815038681030273,11.776713603669885,11.789710465291313,11.786404004460962,862
11.904363632202148,11.892823219299316,11.890975952148438,11.894197140447814,11.90760843741552,11.89770266738475,11.89550425662805,11.876025199890137,11.858583195826185,11.890864855693595,11.889818858384078,863
11.875042915344238,11.874075889587402,11.87135124206543,11.858897165935584,11.898817542304066,11.89772713159403,11.91238204899531,11.891397476196289,11.88250592101522,11.884688592559732,11.88717518000075,864
12.262187957763672,12.26949691772461,12.266512870788574,12.23209275994968,12.235481264030478,12.189111664255858,12.133769689596507,12.185945510864258,12.186474202145819,12.217896981902161,12.22693369347638,865
11.810282707214355,11.817859649658203,11.819028854370117,11.81592321224236,11.846164971527434,11.811068343644125,11.839554744369076,11.800193786621094,11.823277684161726,11.820372661534277,11.822831874699784,866
12.442996978759766,12.433760643005371,12.434523582458496,12.459402687530774,12.41414839807808,12.48377396345999,12.512513655677273,12.51466178894043,12.532830931761344,12.46984584774128,12.460483315781289,867
11.744148254394531,11.729036331176758,11.726243019104004,11.733759518587807,11.765335506780577,11.799292905048137,11.798066532347931,11.795783996582031,11.787576041286583,11.76436023392315,11.765033184666438,868
11.971896171569824,11.99898910522461,12.003214836120605,12.002965524570824,12.004112039688513,12.010758747855364,12.048318864201308,12.018686294555664,12.00095984914057,12.0066557147697,12.004981305923298,869
12.35482120513916,12.349762916564941,12.350350379943848,12.381897283541466,12.366040373860127,12.357688810204094,12.35886334207912,12.354233741760254,12.36558676278576,12.359916090653197,12.357964367950485,870
11.447891235351562,11.445051193237305,11.435020446777344,11.455128772164398,11.453048312160147,11.506073057378103,11.499731265100744,11.474832534790039,11.502172343640101,11.468772128955528,11.466389630506548,871
12.13211727142334,12.13193130493164,12.129802703857422,12.1215327373374,12.151315385189777,12.152341207189716,12.136200020012076,12.115972518920898,12.115316869825289,12.131836668743064,12.134433771189384,872
11.627497673034668,11.643048286437988,11.64627742767334,11.65450235241177,11.626827266986286,11.682137620081383,11.687410370099448,11.744297981262207,11.721190560137373,11.670354393124938,11.669773133434466,873
11.755420684814453,11.769699096679688,11.771166801452637,11.752148957701948,11.76812995120703,11.76117623962591,11.700510511750073,11.765782356262207,11.774503341758797,11.75761532680586,11.76845695367903,874
11.46769905090332,11.4746675491333,11.475781440734863,11.488597710168385,11.447356438470516,11.496665994679761,11.508434905927372,11.427275657653809,11.428329676588428,11.468312047139973,11.45547692927259,875
12.671167373657227,12.678262710571289,12.6758394241333,12.649474347438447,12.674646208056252,12.639988960154817,12.713250499722406,12.71704387664795,12.679301435184053,12.677663870618415,12.679553547946355,876
11.862595558166504,11.865283012390137,11.862283706665039,11.848880712742739,11.871220101969094,11.85632641635403,11.836487518761206,11.864255905151367,11.875447412143737,11.860308927149317,11.867252262896798,877
12.767535209655762,12.766785621643066,12.762984275817871,12.748731324383613,12.770596890392001,12.644057591192535,12.615103449363858,12.691247940063477,12.664707669483617,12.714638885777312,12.728635931229402,878
11.94803524017334,11.917930603027344,11.915349006652832,11.935688067371489,11.979829681149626,11.897908993018415,11.854586371189177,11.909482955932617,11.899164260161298,11.917552797630682,11.928649052387481,879
11.770812034606934,11.78175163269043,11.779426574707031,11.783653458205556,11.82880387239875,11.828362290679392,11.782664155037454,11.806978225708008,11.794880467800816,11.795259190203817,11.805205274613849,880
11.966848373413086,11.947343826293945,11.94807243347168,11.947919072479326,11.954216478946087,11.976034157230492,11.95214920931891,11.969030380249023,11.957005077635891,11.957624334337604,11.95697801054257,881
12.294774055480957,12.299832344055176,12.304377555847168,12.281100136240116,12.263379734511638,12.295720145034771,12.25627380238843,12.283167839050293,12.272663656689469,12.283476585477558,12.283014731676552,882
12.055429458618164,12.038666725158691,12.034489631652832,12.040113322405638,12.04636508901941,12.052280679694292,12.069492384940835,12.068425178527832,12.050151674293392,12.05060157159012,12.048488799229535,883
11.685883522033691,11.690680503845215,11.681206703186035,11.68464378984067,11.608717871441865,11.736836606066325,11.846046741948735,11.736091613769531,11.735410223774409,11.71172417510072,11.68674634212814,884
11.552826881408691,11.55997085571289,11.564200401306152,11.592689627892113,11.605000302849014,11.65050651233655,11.628212987211807,11.638769149780273,11.633307912312793,11.602831625645587,11.604449326182861,885
12.451815605163574,12.465005874633789,12.459148406982422,12.462949731056284,12.481321186620919,12.488060310273104,12.580421576576368,12.522541046142578,12.48482193327262,12.488453963413516,12.483704467794578,886
11.9937162399292,12.00244140625,12.008892059326172,11.995620703792994,11.928595579166402,12.060791071277455,12.01230743026391,11.970635414123535,11.99471800986173,11.9964131015546,11.982352180214253,887
11.891077995300293,11.895434379577637,11.89659309387207,11.897630835414333,11.878224959193643,11.856368661963678,11.86374216260272,11.886558532714844,11.858168730467693,11.88042215012299,11.87999519785719,888
12.604937553405762,12.594386100769043,12.59262752532959,12.607922485326425,12.541687020317603,12.692277174932912,12.736806987998218,12.683406829833984,12.632298708388298,12.631816709589096,12.609656133711932,889
11.990489959716797,11.992846488952637,11.994195938110352,11.999321230515125,11.984394735567502,11.935277582848089,11.933458469985865,12.001558303833008,11.9797827070583,11.979036157398632,11.984080218997613,890
11.6515531539917,11.655351638793945,11.653413772583008,11.663358100808246,11.652614826956336,11.736849768495144,11.664533057845086,11.644864082336426,11.680527365877834,11.667007307520858,11.665013979973759,891
12.037201881408691,12.039807319641113,12.03952407836914,12.025642364769203,12.06724071235869,12.02866013395786,11.95480250237295,12.03654670715332,12.028614700883972,12.028671155657214,12.043987518167569,892
11.918392181396484,11.91459846496582,11.910921096801758,11.878026849530393,11.943787132877285,11.858431870440993,11.870087757886415,11.877685546875,11.877112485900414,11.894338154074951,11.905536791596827,893
11.923961639404297,11.915069580078125,11.921377182006836,11.936847205211329,11.920237995711938,11.904716842372064,11.977636039477819,11.913862228393555,11.959097259632758,11.930311774698746,11.921485666601809,894
11.657203674316406,11.685602188110352,11.690020561218262,11.665038789253764,11.700914759187166,11.71145046491209,11.715612954670249,11.68989086151123,11.694478350531599,11.690023622634568,11.694383840845106,895
11.977551460266113,11.99022388458252,11.987120628356934,11.978210348514123,11.975806327510886,12.050966881000951,12.03792886519429,12.044427871704102,12.031253671451513,12.00816554873127,12.006995536696902,896
11.322052001953125,11.35605239868164,11.36442756652832,11.362322204183458,11.410975880138894,11.381674037148974,11.261021212003433,11.384536743164062,11.37764098098707,11.357855891643219,11.381181445710133,897
11.762632369995117,11.794588088989258,11.800655364990234,11.764089007834322,11.82944625207022,11.816493992334294,11.871032966380115,11.85884952545166,11.820840991685847,11.813180951081229,11.820176745896873,898
13.055891036987305,13.051275253295898,13.0526762008667,13.071519948285573,13.097123713791143,13.12097229273735,13.09519435919135,13.076669692993164,13.087314279377372,13.078737419725094,13.080093345148398,899
11.810749053955078,11.811869621276855,11.808802604675293,11.784754410728276,11.819302803321014,11.797699235211793,11.790041467931363,11.84392261505127,11.823164786934766,11.810034066565079,11.819067734065674,900
11.595325469970703,11.58650016784668,11.586282730102539,11.600257783125254,11.631141201830664,11.641940490424911,11.530455925415856,11.583151817321777,11.615849122049697,11.596767189787563,11.608034906285091,901
11.981366157531738,11.971288681030273,11.96672534942627,11.971296586202934,11.97084333646833,11.891316657967167,11.882384705421316,11.920221328735352,11.9241858280037,11.942180958976342,11.948112559059698,902
12.099010467529297,12.10928726196289,12.112465858459473,12.112955462613243,12.08363164093486,12.103820224489587,12.081165714297956,12.1138277053833,12.089013120138286,12.100575272867655,12.099578199046167,903
12.411409378051758,12.41324234008789,12.410223960876465,12.413553311082383,12.400126465204089,12.357287819685396,12.391910509237844,12.374937057495117,12.388626934332295,12.395701975117026,12.394335294442655,904
11.662798881530762,11.647198677062988,11.649418830871582,11.676067461357952,11.711581217945955,11.67929523860173,11.735686433184702,11.708392143249512,11.709538461120095,11.68666414943614,11.686523675637947,905
11.687045097351074,11.68423843383789,11.680418968200684,11.689467673029636,11.721121453319647,11.791526733582138,11.810482508162927,11.777458190917969,11.766903126635835,11.734295798337534,11.731843931293724,906
12.494884490966797,12.45593547821045,12.453414916992188,12.504026196289608,12.496621320925456,12.486701163535203,12.440546665168231,12.468875885009766,12.472771098794698,12.474864135099155,12.474611346047535,907
12.290416717529297,12.338356971740723,12.340495109558105,12.262587413928118,12.238192158215739,12.367202088005474,12.427622005644166,12.392683029174805,12.382505699898767,12.337784577077244,12.329003104694243,908
11.704358100891113,11.721931457519531,11.722644805908203,11.756684225643415,11.750477186030295,11.799116956281374,11.789860790500562,11.820600509643555,11.822934321791639,11.765400928245521,11.767619240893655,909
12.092142105102539,12.086661338806152,12.086162567138672,12.118057824227458,12.090078542847538,12.036171478327182,12.02436726602141,12.05079174041748,12.050137509638512,12.070507819169661,12.071494818332042,910
11.955219268798828,11.971525192260742,11.972135543823242,11.937366730127607,11.920134902198422,11.884393556574638,11.943939071716013,11.924724578857422,11.946654132479729,11.939565886315185,11.937617562870638,911
11.997663497924805,11.998661994934082,11.992975234985352,11.938887699110493,11.917486736783498,11.952563524205097,11.92060059464651,11.94070816040039,11.932525155775863,11.954674733196233,11.9532923396765,912
11.538217544555664,11.554259300231934,11.542030334472656,11.567151213367817,11.614490579281577,11.570718359486326,11.55787984512493,11.537172317504883,11.58212252144549,11.562671335052364,11.573604538349294,913
11.967277526855469,12.037589073181152,12.031547546386719,11.909845427445829,11.859144235693964,11.954642852365525,11.900560188212845,11.968124389648438,11.927533117275813,11.950696039673973,11.95391475358553,914
12.016312599182129,12.01728630065918,12.011026382446289,11.993508274118476,12.046283924647856,12.043275293224704,12.053194725527556,12.049788475036621,12.03206589372625,12.02919354095212,12.035076827229673,915
11.35012149810791,11.390220642089844,11.391355514526367,11.388040870797656,11.366793047151672,11.38135614436687,11.315305173613611,11.33806324005127,11.347607461158992,11.363207065762687,11.368660235952817,916
10.732095718383789,10.586139678955078,10.599288940429688,10.909728874499919,10.894514882688515,11.022790914391614,11.12435392225473,10.734649658203125,10.933845798296842,10.837489820900366,10.788142808535476,917
11.801187515258789,11.798102378845215,11.793455123901367,11.759463623526207,11.812629585404153,11.789215806432164,11.796327834543362,11.833364486694336,11.812358935419992,11.799567254447288,11.80870203042708,918
12.44063663482666,12.442258834838867,12.441671371459961,12.43827631774973,12.48019834348333,12.477894387414398,12.487187313431777,12.469772338867188,12.484228609065992,12.462458239015323,12.466571240839599,919
12.137594223022461,12.114953994750977,12.112870216369629,12.142614885700391,12.11058332185055,12.073895348357626,12.037217714060363,12.045807838439941,12.048037699176136,12.091508360192007,12.089085148786111,920
12.150628089904785,12.152570724487305,12.158736228942871,12.179781918743778,12.182466876722858,12.190313707728066,12.188126645264163,12.178267478942871,12.16372568288576,12.171624150402495,12.170238721912899,921
11.988666534423828,11.96651840209961,11.96951961517334,12.433921919791828,12.148363492641732,12.041666337143132,12.084502348971418,12.123899459838867,12.093069517032486,12.094458625235138,12.066485937465618,922
12.139283180236816,12.130791664123535,12.128551483154297,12.134331615227136,12.109005391269832,12.094347979216103,12.0735406615683,12.060052871704102,12.069867190656975,12.10441911523968,12.101278546720827,923
12.118435859680176,12.150914192199707,12.162363052368164,12.136795702035243,12.178475386851582,12.187949319457239,12.123568328548853,12.144311904907227,12.153518426125473,12.150703574685963,12.161575338285317,924
12.222853660583496,12.230178833007812,12.230531692504883,12.212871809285284,12.223727659043956,12.185229578205472,12.092750513854554,12.155197143554688,12.176149067014956,12.192165550783901,12.204260885363887,925
11.927543640136719,11.943492889404297,11.939895629882812,11.930746564993152,11.961534791017938,11.950786348745156,11.88581820629102,11.917122840881348,11.928237446538345,11.931686484210088,11.942824928932732,926
12.633513450622559,12.627330780029297,12.621689796447754,12.618032015227683,12.643754192583764,12.618252985281815,12.551004814806808,12.586176872253418,12.581745574686915,12.609055609104447,12.617872809628782,927
12.094230651855469,12.095367431640625,12.099494934082031,12.11727147478911,12.111019758519042,12.10687655970889,12.128784489699003,12.113101959228516,12.101938861195585,12.10756512452425,12.104538169460135,928
12.398344993591309,12.418113708496094,12.422845840454102,12.386643310582148,12.40005638595848,12.426736321187866,12.403589651751634,12.46829605102539,12.428869973679326,12.417055137414037,12.423534357026574,929
12.263742446899414,12.273487091064453,12.27596664428711,12.262800172853968,12.26467219888018,12.274298245258757,12.32742810185048,12.297561645507812,12.304923296053296,12.282764426961718,12.279447845990678,930
12.28377628326416,12.268077850341797,12.266538619995117,12.301037054441451,12.249124188680275,12.261688225022613,12.34879265719997,12.323442459106445,12.313859041354206,12.290704042156227,12.277505543060895,931
11.713371276855469,11.723913192749023,11.727306365966797,11.74595763493215,11.765033481655934,11.743435848051826,11.722290484168749,11.766326904296875,11.72421182619761,11.736871890541604,11.743816816273903,932
12.620622634887695,12.596095085144043,12.599737167358398,12.587993465234772,12.600845120189568,12.665374375839999,12.659368683034371,12.553333282470703,12.604582596493557,12.609772490072567,12.599064660993163,933
12.158220291137695,12.167892456054688,12.17316722869873,12.174612736380627,12.151947300600519,12.213795585923293,12.24331590273021,12.184222221374512,12.16645316049388,12.181514098154906,12.170694995416632,934
12.441947937011719,12.43255615234375,12.435351371765137,12.447119837647787,12.428738472147515,12.440439203755414,12.334107446228284,12.382673263549805,12.337382225084433,12.408923989948205,12.410921070982639,935
11.413483619689941,11.390556335449219,11.389348030090332,11.453752010321493,11.483879543465406,11.372673691569204,11.367309127380077,11.379074096679688,11.36034824615298,11.401158300088705,11.407918270525306,936
12.158902168273926,12.159157752990723,12.158928871154785,12.155720381139822,12.158679270438958,12.135123891518933,12.109914607554948,12.084426879882812,12.134909703817717,12.139529280752512,12.141319765581315,937
12.344012260437012,12.322653770446777,12.32535457611084,12.357267823509622,12.388505543093753,12.376204591245903,12.371780978277725,12.300418853759766,12.333461856491354,12.346628917041418,12.34413550307732,938
12.402271270751953,12.394164085388184,12.397565841674805,12.405649928699358,12.399027299577433,12.403773511831869,12.416406932350782,12.428799629211426,12.409603653411466,12.40636246143303,12.404131637801731,939
12.369192123413086,12.35268497467041,12.346357345581055,12.309549686261505,12.350495155242013,12.357521314823108,12.463856976529549,12.361652374267578,12.28203819450953,12.354816460588648,12.343929178912154,940
12.123345375061035,12.134048461914062,12.142768859863281,12.11070849864005,12.064231981219324,12.04399496661674,12.219406286829924,12.11446475982666,12.107270664057845,12.117804428225435,12.098844428188409,941
12.251897811889648,12.232627868652344,12.240314483642578,12.290583816195777,12.269112881109374,12.27211991953468,12.318089400256444,12.324474334716797,12.301472699744691,12.277854801749148,12.27089699727439,942
11.692867279052734,11.643898010253906,11.643963813781738,11.681919005227314,11.773373571852598,11.728022387538468,11.758724294198341,11.784485816955566,11.824870798298898,11.725791664128842,11.735701092445542,943
11.884861946105957,11.90671443939209,11.91104507446289,11.890355825146655,11.817098131312486,11.779113634490889,11.848405116568147,11.844383239746094,11.857415931713247,11.859932593215383,11.852300839543359,944
11.943697929382324,11.95976734161377,11.954045295715332,11.955251020859473,11.933023609489469,11.97303105756002,11.996539634228075,12.016042709350586,11.96728397067655,11.96652028543062,11.963808456748515,945
11.934307098388672,11.954099655151367,11.95227336883545,11.981822344484664,11.920616418849585,11.83015822095223,11.843298630884798,11.93702220916748,11.918045269536057,11.919071468472255,11.924310025362088,946
11.840137481689453,11.847546577453613,11.854161262512207,11.831872380343734,11.869740848701648,11.912827913296214,11.91076099247558,11.89541244506836,11.89832004734282,11.873419994320402,11.875120559803856,947
12.502960205078125,12.50782585144043,12.509920120239258,12.530203636318916,12.471327640267475,12.544921059327168,12.525710034054326,12.571166038513184,12.572564359228666,12.526288771607504,12.520965280233833,948
12.252381324768066,12.25496768951416,12.259176254272461,12.259277527044159,12.265944223395541,12.23499863377309,12.217293327207493,12.235705375671387,12.235431320007278,12.246130630628183,12.25005768652703,949
12.063356399536133,12.07516098022461,12.080020904541016,12.05390082436952,12.063002117419508,12.058950397762876,12.073482364913906,12.045360565185547,12.058413403287794,12.063516439693435,12.063101345993132,950
11.779021263122559,11.789883613586426,11.790973663330078,11.767944784704383,11.800763465445902,11.871121155143072,11.813106690234525,11.777524948120117,11.826992291558316,11.801925763916152,11.8046225059639,951
11.656546592712402,11.63526439666748,11.634364128112793,11.641518894246422,11.60822371110137,11.664223748490318,11.658617132213216,11.659449577331543,11.645678062555865,11.644876249270155,11.636220912183191,952
11.724299430847168,11.700641632080078,11.691689491271973,11.679640789456919,11.77483097424784,11.797696531342767,11.74466092417606,11.734533309936523,11.754124687307453,11.733568641185197,11.743818464849928,953
11.92074203491211,11.923038482666016,11.927266120910645,11.971345323239355,11.963452837455424,12.018679172606376,12.016673708331128,11.950760841369629,11.93905811960837,11.959001849011006,11.950587507826206,954
11.757637023925781,11.7575044631958,11.74479866027832,11.884068728352872,11.76702465669387,11.74009020473612,11.729699795118083,11.787762641906738,11.78180550342661,11.772265741959353,11.766504499568947,955
12.020118713378906,12.035303115844727,12.032910346984863,11.965574421898214,11.957909337311483,11.95883689850484,12.037405075040853,12.022171020507812,12.015320397884295,12.005061036372886,12.001437148811968,956
11.688186645507812,11.688129425048828,11.691097259521484,11.715363599957058,11.724352560554687,11.770744192702052,11.841451639074112,11.799764633178711,11.748157127928115,11.740805231496983,11.732661569683954,957
11.724026679992676,11.73509407043457,11.732109069824219,11.712910491045813,11.742194334527909,11.74829621256346,11.77665290828641,11.759471893310547,11.729976222173326,11.740081320239879,11.741497184213236,958
12.18140697479248,12.195162773132324,12.198124885559082,12.176450297928826,12.14579931929603,12.146902601058287,12.165169754071261,12.139409065246582,12.177502014604961,12.169547520632202,12.165462694039379,959
12.054422378540039,12.079345703125,12.082876205444336,12.053324729861401,12.040393131919348,12.032159327268971,12.064400005961717,12.06483268737793,12.018245107035451,12.054444364059355,12.052875337386459,960
11.746447563171387,11.75762939453125,11.75796890258789,11.578114050633417,11.542534572683596,11.702240121566335,11.776368301502963,11.787358283996582,11.743733778656146,11.710266107703283,11.696182547529716,961
12.469545364379883,12.445384979248047,12.444713592529297,12.479484037591563,12.4457091285181,12.43380078919626,12.350999658275907,12.448293685913086,12.508749919639449,12.447409017254621,12.453763029821355,962
11.959772109985352,11.944035530090332,11.940823554992676,11.939364554388792,11.969356394036351,12.014803671660374,12.019533539027485,12.013635635375977,11.941319920324572,11.97140498998688,11.968819140993208,963
12.541728019714355,12.556623458862305,12.557649612426758,12.529511812104271,12.533770822604456,12.489390787836339,12.563299389440887,12.570725440979004,12.520244611204705,12.540327106130341,12.540467392707916,964
12.311951637268066,12.311164855957031,12.310738563537598,12.315370931813971,12.309936265682559,12.280553776280211,12.274637423862819,12.257864952087402,12.292770059248461,12.296109829526456,12.296645557793015,965
12.069013595581055,12.074511528015137,12.076169967651367,12.082050972815535,12.048460369507701,12.039522085361128,12.015502237948521,12.017757415771484,12.047988532765302,12.052330745046358,12.051096927062417,966
11.864962577819824,11.89932918548584,11.889442443847656,11.872104235105143,11.835182205647364,11.853790503733343,11.776331791255236,11.848804473876953,11.851610988038358,11.854617600534413,11.862435028465455,967
11.82236099243164,11.805741310119629,11.799912452697754,11.820235844003566,11.820734868332503,11.844184787896378,11.84342239697412,11.830208778381348,11.819846447206144,11.822960875338119,11.819664041737216,968
11.141214370727539,11.203007698059082,11.203115463256836,11.00527135916218,11.22180298950629,11.118774436977601,10.962935701356571,10.956707000732422,11.014008767457586,11.091870865248456,11.133670343385482,969
11.759674072265625,11.765707015991211,11.76052188873291,11.709588920771193,11.758234237426889,11.73877931590861,11.724555811142976,11.720033645629883,11.745165827441133,11.742473415034492,11.750768754746558,970
11.29997730255127,11.325798988342285,11.321694374084473,11.386550890303624,11.498088173376884,11.296293012889777,11.14653938683242,11.315207481384277,11.202059694097116,11.310245478206902,11.350191961683164,971
12.077038764953613,12.088772773742676,12.087937355041504,12.08858951682346,12.093304624703055,12.118431686714734,12.127251127161117,12.088188171386719,12.095598780556394,12.096123644564805,12.09396490480205,972
11.700824737548828,11.691368103027344,11.683515548706055,11.668435792333264,11.718233444670894,11.759464266846551,11.743940131898194,11.73001480102539,11.712655567175151,11.71205026591463,11.71484772077771,973
12.271800994873047,12.260801315307617,12.257857322692871,12.236503547124475,12.244904216339997,12.212288985987325,12.281708518923622,12.215030670166016,12.262181107332195,12.249230742083018,12.244444960391325,974
11.949892044067383,12.006556510925293,12.013298034667969,11.992362258937181,11.982326753072009,12.077338053108697,12.097244554361534,12.104726791381836,12.050439019377713,12.030464891099959,12.029029316638601,975
12.040352821350098,12.056340217590332,12.056992530822754,12.060663361004156,12.018607829034867,12.023204726068455,11.987125138805359,12.024174690246582,12.008638965473782,12.03067780893293,12.030794706109221,976
11.407466888427734,11.414531707763672,11.412805557250977,11.554753673975938,11.318312819808245,11.319381235971736,11.228508410558353,11.39309024810791,11.363425089954932,11.379141736868831,11.367869792936302,977
12.218806266784668,12.212240219116211,12.210920333862305,12.215462875032966,12.239377757676198,12.167890602639208,12.126990301861014,12.168057441711426,12.199590373380158,12.195481796896017,12.206247278262987,978
11.546441078186035,11.539087295532227,11.538968086242676,11.566206694529033,11.522057536755256,11.551691790798495,11.586603559346521,11.57780647277832,11.571737618407672,11.555622236952916,11.546519526793926,979
11.80772876739502,11.801675796508789,11.800302505493164,11.807451815368378,11.843761023012265,11.805592363538372,11.810039016449537,11.832022666931152,11.79343244663914,11.811334044592869,11.817104418645899,980
12.192988395690918,12.198013305664062,12.192428588867188,12.137468783336239,12.153214643599588,12.00106648627974,12.033754646414211,12.040425300598145,12.063999135775008,12.112595476247233,12.121500158326532,981
12.636869430541992,12.640098571777344,12.635862350463867,12.63069666348054,12.664228787686492,12.658423202177076,12.657918672692267,12.654036521911621,12.661425714220124,12.648839990550147,12.653785550518295,982
12.019766807556152,12.022056579589844,12.023612976074219,12.040241521773856,12.03755600054945,12.041346361246811,12.02777669751789,12.078490257263184,12.065158111010502,12.039556145842434,12.043289907273879,983
12.420021057128906,12.41634464263916,12.423311233520508,12.425240906485243,12.357766375237427,12.392040617538386,12.426869511661593,12.45616626739502,12.456189472661766,12.41932778714089,12.409864209845232,984
11.746912002563477,11.755205154418945,11.760711669921875,11.7568256031943,11.726403085759179,11.725781692469214,11.742625252020769,11.743817329406738,11.746431658482948,11.744968160915272,11.741288437170361,985
11.756111145019531,11.748043060302734,11.732346534729004,11.68415996629465,11.690554041245715,11.76176467870609,11.740474646631867,11.717840194702148,11.763320541354014,11.732734978776195,11.731290713050631,986
11.727121353149414,11.752995491027832,11.757586479187012,11.715288836379319,11.679665241190053,11.706271794999815,11.825234579885386,11.820731163024902,11.797160269430297,11.753561689808226,11.745188463147928,987
12.878942489624023,12.865730285644531,12.862380027770996,12.867167962293292,12.875701433145002,12.995391857000943,12.927558678018109,12.915420532226562,12.949284417358259,12.904175298120188,12.90163451326957,988
12.12054443359375,12.141477584838867,12.147438049316406,12.142520003794465,12.115837942165207,12.159405809695887,12.194451801290473,12.17252254486084,12.15827219922872,12.150274485420512,12.1436575330239,989
12.19651985168457,12.20417594909668,12.202498435974121,12.162220631442759,12.183518059504856,12.168164761816056,12.125671638329562,12.147894859313965,12.156300187334306,12.171884930499653,12.179148773647075,990
12.618444442749023,12.618938446044922,12.615900039672852,12.604360429180355,12.637573194908692,12.631841583007796,12.6583381932462,12.663920402526855,12.686105289796547,12.637269113459247,12.641990010718315,991
11.987868309020996,11.983115196228027,11.984903335571289,12.050843504421973,12.016216974822392,12.043197003590393,11.98896453266328,12.094949722290039,12.134510512276355,12.03161878787608,12.037519898214228,992
12.229283332824707,12.243430137634277,12.23910903930664,12.217481987582968,12.22915910915958,12.179218051348755,12.131968322733977,12.213960647583008,12.196952649337724,12.208951475279072,12.221624093521392,993
12.058074951171875,12.069961547851562,12.068707466125488,12.037178630160193,12.039852892586268,12.087105777687556,12.034502166340515,12.049928665161133,12.038180402499817,12.053721388842712,12.055886290635671,994
12.780879020690918,12.795204162597656,12.7999849319458,12.774841897229535,12.78082264077251,12.763022653581483,12.750018620841002,12.774176597595215,12.79116918965786,12.778902190545777,12.784075006447104,995
11.68022632598877,11.690546035766602,11.688477516174316,11.668718160471538,11.670090008620564,11.643141968404251,11.659608694441332,11.668155670166016,11.631766357662631,11.666747859744001,11.668165980698378,996
11.78492259979248,11.797453880310059,11.798990249633789,11.78609630481767,11.792795368940244,11.790763525473206,11.797754579201433,11.813727378845215,11.80944171167158,11.796882844298409,11.799763453898338,997
11.948293685913086,11.97171401977539,11.974310874938965,11.960838478123529,11.979512405889581,12.014233126479699,11.978275774625391,11.9857177734375,11.982090695061478,11.977220759360513,11.981929443543565,998
11.190107345581055,11.261438369750977,11.271929740905762,11.27059941667224,11.262275095054742,11.317663531846428,11.32739741595867,11.296284675598145,11.305634077668312,11.278147741004037,11.27928838021019,999
12.142806053161621,12.16091251373291,12.163601875305176,12.157224270217615,12.162348815088661,12.17992587557787,12.153645414793855,12.106645584106445,12.154866349621557,12.153552972400634,12.15387963595693,1000
11.155336380004883,11.089411735534668,11.090622901916504,11.255726750750277,11.33032942119198,11.074068153016384,10.909255187314868,10.994373321533203,10.871231901236737,11.085595083611057,11.107155770388225,1001
11.305032730102539,11.30496883392334,11.302919387817383,11.330063280247554,11.391338723853925,11.326388034388009,11.377594021008802,11.309597969055176,11.38004473379373,11.336438634910051,11.3420727730192,1002
12.380049705505371,12.358528137207031,12.360984802246094,12.407129972746493,12.416980055434829,12.388778490738067,12.388276404107595,12.388143539428711,12.38203415834222,12.385656140639602,12.385547074812667,1003
11.945036888122559,11.942434310913086,11.949438095092773,11.948733678822524,11.927269111189146,11.941004997019542,11.955370274764123,11.906238555908203,11.908094237848427,11.935957794408932,11.927579287347076,1004
12.137411117553711,12.115314483642578,12.11035442352295,12.143988334659273,12.162570882725143,12.156583955749364,12.161136625546328,12.144622802734375,12.160813773160667,12.143644044366043,12.143526762073023,1005
11.825278282165527,11.833620071411133,11.829973220825195,11.798455981416407,11.829144997765834,11.848712867214294,11.857096204132745,11.826493263244629,11.83932809613726,11.832011442701448,11.833665916095498,1006
12.122950553894043,12.045079231262207,12.051708221435547,12.12806629470135,12.040096579970982,11.95354929764464,11.946666819442992,11.973386764526367,11.97488269988772,12.026265162529539,12.012933821447984,1007
11.406505584716797,11.414076805114746,11.411064147949219,11.437333579151307,11.414563075700487,11.359089717550319,11.378070664538166,11.42105770111084,11.378252936941848,11.402223801419304,11.404487150466423,1008
12.402235984802246,12.392359733581543,12.392404556274414,12.409718636192936,12.378039223519293,12.38166651983489,12.363563933058721,12.356407165527344,12.35629323960418,12.381409888043954,12.376563876683438,1009
11.582540512084961,11.585530281066895,11.580686569213867,11.857615465570234,11.675277751505828,11.629376056869729,11.59833305262216,11.626181602478027,11.604066583426707,11.63773420831538,11.623483714310975,1010
11.76598834991455,11.774152755737305,11.772934913635254,11.761127657924238,11.801141218904155,11.79124536469367,11.81163424455145,11.726717948913574,11.763730137494019,11.774296954640914,11.774307127846502,1011
11.61085319519043,11.610993385314941,11.616476058959961,11.662743908924313,11.640425852237184,11.630137900721413,11.62544590985608,11.574492454528809,11.597914653224917,11.618831479884228,11.613365295876857,1012
12.02709674835205,12.030854225158691,12.028019905090332,11.991033013586778,12.024177578021934,11.982403158703429,11.90853740242203,12.014824867248535,12.010111513663322,12.001895379138567,12.018530400008782,1013
11.460463523864746,11.465752601623535,11.470773696899414,11.527658161581474,11.515982769743024,11.507626771369921,11.620467958443212,11.544867515563965,11.470411393782491,11.509333821430197,11.496844994309642,1014
11.696077346801758,11.698540687561035,11.699657440185547,11.705282497616125,11.673333848534696,11.641107005766473,11.611245764626814,11.699568748474121,11.678772957781984,11.67817625526095,11.683075714603481,1015
12.237560272216797,12.254637718200684,12.263012886047363,12.262975276950085,12.241291585134233,12.213877276529322,12.246842670795145,12.277776718139648,12.268746641294475,12.251857893923082,12.252432634827677,1016
12.341777801513672,12.339871406555176,12.338091850280762,12.340850682229046,12.30667910567258,12.320779096048485,12.28420543999902,12.33604621887207,12.316250996464637,12.32495028862616,12.324908332101343,1017
12.134039878845215,12.152694702148438,12.150524139404297,12.130584361773664,12.184410833015948,12.108241833552322,12.235635944023123,12.122540473937988,12.136813275137918,12.150609493537656,12.149679583744671,1018
12.006924629211426,12.005459785461426,12.011027336120605,12.03440764060546,11.995841774472687,12.042152825048625,12.029468814610905,12.048774719238281,12.045111119403998,12.024352071574823,12.019127093364661,1019
12.179581642150879,12.161025047302246,12.159256935119629,12.172626397234282,12.180289924908083,12.196002818993584,12.201382963645587,12.175058364868164,12.214592771209913,12.182201873936927,12.179733445934925,1020
11.940688133239746,11.925715446472168,11.924773216247559,11.936302756810466,11.934909467570286,12.014176749446744,11.986174671009012,11.993950843811035,11.994464196709782,11.961239497924089,11.957935126944209,1021
12.219983100891113,12.225278854370117,12.22533893585205,12.227215453964728,12.213722602281754,12.202437612141752,12.20015019135781,12.162216186523438,12.189923259324702,12.207362910745275,12.204808957490064,1022
11.649943351745605,11.636297225952148,11.629709243774414,11.644273000049417,11.618723453417335,11.695691373202143,11.714970771916935,11.670702934265137,11.632212980330577,11.654724926072635,11.642524832142472,1023
12.156750679016113,12.141457557678223,12.13878059387207,12.163754913392044,12.126346663287507,12.15987996112788,12.180647171919436,12.128299713134766,12.151801997469638,12.149746583433075,12.138674648519983,1024
12.55357551574707,12.571379661560059,12.5733642578125,12.598264946159627,12.548194993232794,12.574965628869842,12.63426199339512,12.597089767456055,12.599641308192224,12.583415341380588,12.573532453713495,1025
11.6663179397583,11.68209457397461,11.679377555847168,11.664787779883273,11.68521516461991,11.717409868450831,11.754353334493587,11.739744186401367,11.69555000629693,11.698316712191776,11.697595865039547,1026
11.85104751586914,11.868256568908691,11.869077682495117,11.840099370229716,11.867448480397583,11.919303818526451,11.901705439314764,11.906120300292969,11.895121681883422,11.879797873101985,11.883125566012646,1027
12.599419593811035,12.59572982788086,12.598770141601562,12.611204615974495,12.589335834408294,12.63320962935493,12.681535674458768,12.680328369140625,12.698940561065681,12.632052694188472,12.625910822755687,1028
11.62568473815918,11.639204025268555,11.643840789794922,11.657680606317994,11.629743063899937,11.72060829969177,11.788204220814286,11.72081470489502,11.721473618824428,11.683028229740678,11.669658558144913,1029
11.683358192443848,11.665494918823242,11.661775588989258,11.671006179440813,11.676236914970891,11.6847775980601,11.686271765525818,11.662117004394531,11.667803844288045,11.673204667437394,11.670211615272013,1030
11.782273292541504,11.793919563293457,11.793038368225098,11.673803944516749,11.764887906439522,11.746951481390271,11.78551076810289,11.767067909240723,11.731987525934846,11.759937862187229,11.768105686509067,1031
12.307061195373535,12.272873878479004,12.272933959960938,12.360445033882383,12.28430490567938,12.232058328099239,12.318921538553068,12.305116653442383,12.281793605692272,12.292834344351355,12.278080845019574,1032
12.646713256835938,12.656255722045898,12.654098510742188,12.656250490309157,12.692571359677968,12.660158783178218,12.752656776866493,12.623025894165039,12.67683838592703,12.66872990886088,12.664227610231496,1033
12.370038986206055,12.3690824508667,12.369614601135254,12.361509621618179,12.399168208315468,12.346419856740678,12.326570901157208,12.37116813659668,12.354460658175016,12.363114824534582,12.373138500016948,1034
11.693902969360352,11.732166290283203,11.735816955566406,11.648452983435876,11.659441803557336,11.64966610450086,11.638331485924217,11.717353820800781,11.734570554501474,11.689966996436722,11.70186915636758,1035
11.272172927856445,11.216015815734863,11.218672752380371,11.332398367646322,11.304779900399332,11.224384086609732,11.256050719985186,11.318662643432617,11.304063426304426,11.27191118226103,11.269680661916917,1036
12.656083106994629,12.676950454711914,12.679380416870117,12.660753475858595,12.681436457119062,12.655332026310814,12.596030330382245,12.67041301727295,12.663787637018116,12.660018546948717,12.673017561141368,1037
12.409626007080078,12.41948127746582,12.424379348754883,12.439798206162624,12.430994808403899,12.411551627007228,12.434989075544076,12.469781875610352,12.491411837297292,12.436890451480695,12.43995181500123,1038
11.427499771118164,11.447617530822754,11.443917274475098,11.646644167707564,11.507468329221343,11.522506094216716,11.56485016330878,11.586820602416992,11.523715727716356,11.519004406778196,11.504388671638532,1039
11.243350982666016,11.227663040161133,11.23133373260498,11.277431608232368,11.251412763016864,11.236151831937894,11.190106983332239,11.269816398620605,11.268173471357231,11.243937867992148,11.24739852483612,1040
11.928077697753906,11.951338768005371,11.968376159667969,11.998645703503804,11.95218784662586,11.9660954217362,12.016676285502765,11.980966567993164,11.959868834177543,11.969137031662955,11.958978352234762,1041
12.00173568725586,12.004053115844727,12.006840705871582,11.993772817524643,12.010387243588507,11.962466684160216,12.005823907333038,12.020316123962402,11.997851328419994,12.000360845995665,12.00312674822127,1042
12.180782318115234,12.178189277648926,12.174088478088379,12.175004972898897,12.207855273596234,12.172370535029478,12.132952400935707,12.114665031433105,12.151943931451655,12.165316913244178,12.171903858975314,1043
12.45005989074707,12.45376968383789,12.45442008972168,12.472308863609086,12.439123509534697,12.435645864661792,12.451720271061196,12.47464370727539,12.463927042969901,12.455068769268744,12.452643109711484,1044
12.618148803710938,12.582574844360352,12.58696174621582,12.627716302288471,12.613383915846882,12.634016095579709,12.648717913430493,12.601201057434082,12.638102256663679,12.616758103947824,12.607128777078522,1045
11.775578498840332,11.755465507507324,11.740752220153809,11.701969757112838,11.762807478433801,11.74532885959071,11.729069751163047,11.713072776794434,11.696268952270195,11.735590422429611,11.74129656045622,1046
12.99514102935791,12.98435115814209,12.975823402404785,12.989153940876877,13.03638409405901,12.986414544004225,12.951207220013575,12.9785737991333,12.965167614122198,12.98469075579044,12.99504576364043,1047
11.909585952758789,11.907155990600586,11.902862548828125,11.887777413359277,11.91272497363396,11.8609411583865,11.872924810603207,11.861804008483887,11.911949719021402,11.891969619519525,11.897417984511778,1048
11.831427574157715,11.809494972229004,11.8112211227417,11.844926387926,11.882790495180716,11.7945204538138,11.861474962869753,11.805511474609375,11.851175393266509,11.832504759643841,11.833153012119169,1049
11.538012504577637,11.514969825744629,11.51440143585205,11.554481836242694,11.520236349455061,11.57827532315681,11.548282451491584,11.538496017456055,11.570081924122267,11.541915296455421,11.534533888347061,1050
12.109652519226074,12.128539085388184,12.132786750793457,12.11384696770286,12.087863714737885,12.130146319095346,12.129947074123763,12.18278980255127,12.123053730110586,12.126513995969937,12.125415195563637,1051
12.170927047729492,12.169846534729004,12.171982765197754,12.17418398818382,12.096602132053585,12.123412629505683,12.126611598231525,12.179146766662598,12.134201491713275,12.149657217111859,12.14152108657517,1052
12.014165878295898,12.047059059143066,12.048276901245117,12.045874046703382,12.024620368210769,12.010301071001784,11.994897995441644,12.012969970703125,12.020166611411911,12.024259100239632,12.027953586367504,1053
11.88022232055664,11.884702682495117,11.882245063781738,11.893401176908883,11.86122764241857,11.876213921362202,11.90570461775587,11.879517555236816,11.917402633669647,11.886737512687278,11.881296032835643,1054
12.457466125488281,12.460476875305176,12.463930130004883,12.475435026194464,12.445189807298311,12.478136743529099,12.47985907594059,12.514711380004883,12.490908451966332,12.474012623970225,12.471031189750663,1055
12.030488014221191,12.050094604492188,12.047469139099121,12.035214272049627,12.039623194954746,12.01934929343837,11.91460973035386,11.977120399475098,11.97564518769987,12.009957092864896,12.021964572869365,1056
12.307766914367676,12.300111770629883,12.295941352844238,12.298333398131046,12.291481726586237,12.258067116357982,12.277519182489453,12.243760108947754,12.263799407910497,12.28186455314053,12.279360758565891,1057
12.46102523803711,12.460031509399414,12.456710815429688,12.44213087540722,12.433159405894717,12.387394561507735,12.316597829743706,12.33381462097168,12.337264107024247,12.403125440379503,12.407834000080198,1058
12.75480842590332,12.751015663146973,12.751435279846191,12.769893726831505,12.793476160362268,12.741472471047953,12.763953250007235,12.756270408630371,12.783213815715111,12.762837689054548,12.766968428881512,1059
12.144814491271973,12.156980514526367,12.147567749023438,12.11918908701924,12.149446584799907,12.128795098570663,12.154726869439603,12.149027824401855,12.175508118954083,12.147339593111901,12.15339909723678,1060
12.256083488464355,12.264988899230957,12.257057189941406,12.217818627660336,12.243568089885825,12.208969316670194,12.24305206276375,12.248157501220703,12.255600644883097,12.243921757857848,12.249369594622387,1061
11.335780143737793,11.205205917358398,11.209685325622559,11.43994329942822,11.523670716454184,11.537720544333771,11.296114315469657,11.249505043029785,11.19093046622348,11.332061752406426,11.331122862159882,1062
11.781521797180176,11.774969100952148,11.770642280578613,11.776012016903344,11.76853361411964,11.717987717539922,11.72813488570762,11.76195240020752,11.741970567291029,11.75796937560889,11.760550925984562,1063
11.681601524353027,11.67265510559082,11.682044982910156,11.771483285263518,11.701557637770026,11.745007643425579,11.749062258189355,11.766366004943848,11.76074130110031,11.725613304838514,11.715316025852106,1064
11.930670738220215,11.939690589904785,11.942021369934082,11.91332690462857,11.978920634506245,11.933515132943345,11.957494251449907,11.917778968811035,11.927440325703934,11.937873212900236,11.944505065662666,1065
12.535333633422852,12.51307201385498,12.511503219604492,12.520801250053935,12.569734920174076,12.501114516998543,12.52939689604793,12.582686424255371,12.52266633477719,12.531812134354375,12.539528893825185,1066
12.074437141418457,12.079907417297363,12.078652381896973,12.07364876361203,12.085027274506617,12.073868380347616,12.029241632111196,12.062009811401367,12.06727929568189,12.069341344252612,12.076054190051051,1067
12.1736421585083,12.160517692565918,12.156622886657715,12.139072955328485,12.130091708977568,12.09163262826174,12.081131551175904,12.090115547180176,12.074296672046936,12.121902644522528,12.121735477885622,1068
12.040678024291992,12.042742729187012,12.050139427185059,12.103944731920425,12.004084389769673,12.080350016960733,11.946834946837853,11.945517539978027,12.03657683344854,12.02787429328659,12.019983472630276,1069
11.79684829711914,11.767541885375977,11.764206886291504,11.761100629152173,11.77412564221787,11.788883328150881,11.752013022152328,11.733863830566406,11.74461189990667,11.764799491214772,11.762978835048676,1070
11.790430068969727,11.783232688903809,11.778402328491211,11.776092064478389,11.762747407596999,11.813651148573001,11.82581949113857,11.79752254486084,11.784892415032962,11.79031001756061,11.783315551166384,1071
11.936807632446289,11.942841529846191,11.941875457763672,11.936836196700412,11.940601931949967,11.94766847201148,11.942513822028276,11.948573112487793,11.933654078543825,11.94126358153088,11.942326309937766,1072
11.598270416259766,11.570886611938477,11.576152801513672,11.626646170928312,11.496256622063694,11.567173806734111,11.596134284233244,11.589448928833008,11.58473939234305,11.578412114983038,11.555137366893428,1073
11.897839546203613,11.903488159179688,11.905895233154297,11.919606350268738,11.923773356019026,11.916925229357762,11.92106003660334,11.919937133789062,11.890670985198915,11.911021781086047,11.911149765820303,1074
12.136463165283203,12.138083457946777,12.141809463500977,12.138802714376979,12.141718065824897,12.148494327922549,12.155542687147758,12.16147232055664,12.108974361406032,12.141262284885089,12.139679224950536,1075
12.199604988098145,12.181539535522461,12.182085037231445,12.140874774503633,12.188300632281095,12.135825776094286,12.169026892865425,12.181736946105957,12.197336873337797,12.175147939560027,12.180910542155104,1076
11.941134452819824,11.912155151367188,11.901862144470215,11.912255567022164,12.007598808320557,11.940723652116587,11.900666550716375,11.92398452758789,11.932267212831428,11.930294229694693,11.945759488380666,1077
11.79859447479248,11.808307647705078,11.809432029724121,11.796988704963292,11.812178218662499,11.795498276694694,11.833828431933394,11.792314529418945,11.833006460515612,11.808905419378902,11.809034414246446,1078
11.855419158935547,11.842623710632324,11.845138549804688,11.871153597730936,11.861821276032165,11.857128790624468,11.835183151514245,11.863264083862305,11.865596345241512,11.855258740486466,11.855863826449978,1079
11.781160354614258,11.765690803527832,11.76036262512207,11.7718364552994,11.811946240593388,11.811865920144951,11.813808389189676,11.848066329956055,11.82255576532107,11.798588098196522,11.80410832970735,1080
12.040922164916992,12.057238578796387,12.060885429382324,12.045903944874725,12.043874395951132,12.001464390359025,11.952609667657084,11.992330551147461,11.993264848248089,12.02094377459258,12.028486188170115,1081
11.726997375488281,11.7138032913208,11.71405029296875,11.732466115292828,11.751124682051584,11.787045174248467,11.753298101458409,11.792234420776367,11.749478659771839,11.74672201259748,11.74896491617754,1082
12.15149211883545,12.16040325164795,12.1627836227417,12.15812354046535,12.15695822916148,12.160016502913553,12.162199782383539,12.175464630126953,12.171640361562773,12.162120226648751,12.163399252548858,1083
11.914966583251953,11.920060157775879,11.924890518188477,11.93203184815119,11.946860510178723,11.88034543678033,11.884796805678603,11.923588752746582,11.909599285431485,11.915237766464802,11.922273547696962,1084
12.111200332641602,12.097487449645996,12.096292495727539,12.091033234189762,12.081971852354403,12.116113437501072,12.131807936629116,12.11841106414795,12.124324860873159,12.10762696263451,12.102328226481823,1085
11.95618724822998,11.96817398071289,11.975798606872559,11.945748586568175,11.97219895052392,11.9105251263418,11.888442473913901,11.917617797851562,11.932825144011929,11.940835323891855,11.950286436879114,1086
11.449965476989746,11.466776847839355,11.468817710876465,11.467563246041264,11.45117544494756,11.412042537616953,11.381997699136747,11.451333045959473,11.407730833240887,11.439711426960939,11.446007860797332,1087
12.472296714782715,12.465764999389648,12.465324401855469,12.477394996269151,12.508798683178046,12.45556556684144,12.448108383464982,12.410097122192383,12.455235223702513,12.462065121297373,12.466130002303892,1088
11.858297348022461,11.879364967346191,11.884918212890625,11.891290709145116,11.849389824088487,11.779492407051684,11.780706276145347,11.852945327758789,11.81752027819336,11.843769483404673,11.847880475409111,1089
12.23142147064209,12.231514930725098,12.233819007873535,12.240283564001242,12.239207904365605,12.234682558790844,12.29153620474082,12.202764511108398,12.237653721799605,12.238098208227472,12.230285575842833,1090
11.362393379211426,11.382623672485352,11.374141693115234,11.348746123773076,11.363002756145669,11.420827675867045,11.403781395807552,11.412263870239258,11.419173771869868,11.387439370946053,11.391139518806291,1091
11.968021392822266,11.970564842224121,11.968316078186035,11.964163577110268,11.959158993570085,11.998282122943733,11.959072859567014,11.984100341796875,12.009004839000276,11.97563167191341,11.977957957528586,1092
12.072957038879395,12.035573959350586,12.02286148071289,12.058044288364636,12.01906463393224,12.021967389024052,12.038801147977242,12.037942886352539,11.99387376932544,12.033454065991002,12.024105410170433,1093
11.98838996887207,11.993056297302246,11.988245964050293,11.99061082484184,12.015067387121587,11.947443262754819,11.909697407571938,11.966920852661133,11.93402553720585,11.970384166931309,11.981765273127099,1094
11.813509941101074,11.806169509887695,11.803064346313477,11.802674327226361,11.787028695520466,11.785755117380628,11.778714749479517,11.792787551879883,11.773917839300278,11.793735786454377,11.792149497804806,1095
12.035745620727539,12.021164894104004,12.021871566772461,12.058115586164663,12.032851133477669,12.078154806221042,12.088117943081802,12.012969970703125,12.05532620425504,12.044924191723037,12.033838817165885,1096
11.726170539855957,11.706995964050293,11.706762313842773,11.779168861339713,11.666497367824006,11.718649390051793,11.670712347670973,11.68618106842041,11.707780406052313,11.707657584345359,11.69405082462188,1097
11.976359367370605,11.997251510620117,11.994210243225098,11.959383954435605,11.939792143645388,11.92749037607457,11.968625170236834,12.001964569091797,11.949201789637419,11.968253236037492,11.968297707645409,1098
11.659317970275879,11.647860527038574,11.638965606689453,11.642497786284107,11.702120201433583,11.641834932982768,11.670031650793911,11.65040111541748,11.618395526754945,11.652380590852301,11.658161602466695,1099
12.000040054321289,12.014026641845703,12.016342163085938,12.001318975646573,12.04687673585768,12.044075741510257,11.930371706765882,12.043526649475098,11.981645349666717,12.008691557575014,12.026087365180517,1100
10.91769790649414,10.93718147277832,10.932500839233398,10.941107916292484,11.00469589406853,10.906975590716538,10.94006245547418,10.977758407592773,10.975004830446053,10.948109479232935,10.964146915473401,1101
11.677618980407715,11.671819686889648,11.668357849121094,11.684410510789256,11.701571407193832,11.713723398544484,11.708328448719625,11.700077056884766,11.702733701583623,11.692071226681561,11.693100991718472,1102
11.749810218811035,11.776432037353516,11.780972480773926,11.764150173729423,11.821815722414913,11.75677907970889,11.762097362415851,11.748316764831543,11.759314873376585,11.768854301490629,11.779847346842923,1103
12.024683952331543,12.034967422485352,12.026813507080078,11.981734853184436,12.00214822175811,11.928814917521938,11.948239469243578,11.973089218139648,11.935715771086748,11.98402303698127,11.991147333067078,1104
11.595454216003418,11.579509735107422,11.582026481628418,11.56211960746128,11.617957404489001,11.619454264933664,11.639682283226794,11.586272239685059,11.622929485995833,11.60060063539232,11.601350563785024,1105
12.715409278869629,12.71689510345459,12.71495532989502,12.701518913488577,12.725048745022576,12.654321666307322,12.66902766650225,12.697043418884277,12.697162686946317,12.699042534374506,12.706673069051822,1106
12.164833068847656,12.164168357849121,12.171186447143555,12.208198874794247,12.136715789434572,12.164157001136731,12.1355794033244,12.169290542602539,12.180850524100418,12.166108889914804,12.159899575594615,1107
12.427989959716797,12.422700881958008,12.423018455505371,12.430247519959694,12.4264406343179,12.330875847042316,12.320772236254061,12.359512329101562,12.369070626909659,12.390069832307264,12.396592421426424,1108
12.026268005371094,12.044801712036133,12.046736717224121,12.026724258262679,12.049854600992578,12.033271190239317,12.031139731604366,12.042973518371582,12.02671623169394,12.036498440643978,12.042109211188208,1109
12.611635208129883,12.605135917663574,12.605201721191406,12.619546586338595,12.623895809268317,12.615898606465567,12.621174745234788,12.576070785522461,12.611057305672649,12.609957409498582,12.607619076413037,1110
12.120415687561035,12.119638442993164,12.117679595947266,12.110011121951736,12.093174995694467,12.104161272352025,12.101771836496756,12.082924842834473,12.07966987140679,12.103271963026412,12.099373326238787,1111
12.13139820098877,12.149118423461914,12.153379440307617,12.138844021833988,12.168402282708398,12.168935891321786,12.117033046465185,12.160611152648926,12.164961463807478,12.150298213727117,12.16047827047522,1112
11.687170028686523,11.683600425720215,11.682710647583008,11.67651432582593,11.678461197476688,11.69941573052078,11.70569776126406,11.714927673339844,11.683065589033406,11.690173708827828,11.688699074835075,1113
11.826276779174805,11.813336372375488,11.813082695007324,11.82021254490659,11.820310557959042,11.751064550159544,11.768213829840764,11.781628608703613,11.773389279263194,11.79639057971004,11.798078122280097,1114
11.664300918579102,11.668729782104492,11.670733451843262,11.681918884496277,11.684779325084959,11.666480578302721,11.689069997688723,11.67047119140625,11.713663345126141,11.678905274959101,11.679534237752614,1115
12.689065933227539,12.681583404541016,12.678407669067383,12.640788300748934,12.66949173794568,12.615357865418583,12.604338405058375,12.626762390136719,12.572852657510273,12.642072040406056,12.647295173005535,1116
12.179607391357422,12.171404838562012,12.176132202148438,12.18418363423272,12.150963906285186,12.157067984389192,12.181567699534895,12.140291213989258,12.153941830518127,12.166128966779693,12.156983051488398,1117
11.78101921081543,11.800667762756348,11.806674003601074,11.803990360872323,11.788848877071448,11.802592326568854,11.874281495913944,11.832320213317871,11.83096980668393,11.813484895289024,11.806958881076236,1118
11.791149139404297,11.781861305236816,11.777694702148438,11.797751488085305,11.86759742634646,11.786323528661072,11.822696154142808,11.795589447021484,11.774972563883532,11.799515083881134,11.806775077148716,1119
11.72138500213623,11.72867488861084,11.724419593811035,11.698587710292363,11.74783393451213,11.751799838887333,11.650958284939394,11.68379020690918,11.667174422153739,11.708291542472471,11.720447953803523,1120
11.61276626586914,11.64315128326416,11.638988494873047,11.620804066572116,11.68996682559726,11.601224645106814,11.53066780528647,11.566877365112305,11.612342979706863,11.61297663682091,11.63511482538217,1121
12.332902908325195,12.333824157714844,12.332286834716797,12.332574290945765,12.32707051112987,12.298183362005023,12.31875546082965,12.302119255065918,12.300594988137682,12.319812418763414,12.31856387625828,1122
11.347649574279785,11.333345413208008,11.344223022460938,11.417731428845947,11.365530572341818,11.34784882679388,11.393067652768131,11.361403465270996,11.387180577938484,11.366442281545332,11.355678533644012,1123
11.480544090270996,11.491498947143555,11.478535652160645,11.26991634361002,11.361769967933999,11.555276219773052,11.513812033926481,11.558340072631836,11.539524510437518,11.4721353153209,11.480269267020859,1124
11.988451957702637,12.004048347473145,12.009356498718262,12.013714003674218,12.004571606690435,12.029886075539741,12.016195852154256,12.056591033935547,12.029874973137547,12.016965594336199,12.018821066880658,1125
11.575780868530273,11.587035179138184,11.590218544006348,11.58328785505416,11.632311033146607,11.648907588803626,11.5951647104379,11.669209480285645,11.67520018976885,11.617457272130176,11.631248880661639,1126
12.184489250183105,12.168462753295898,12.166644096374512,12.186420033501463,12.21279995831139,12.21176796056935,12.193614027593828,12.207876205444336,12.189489054424447,12.191284815522035,12.194193626142308,1127
12.387085914611816,12.412494659423828,12.418991088867188,12.426227678251017,12.367758742138326,12.430502406184262,12.434730485371194,12.463607788085938,12.473050309913912,12.423827674760831,12.418895808435696,1128
12.267834663391113,12.277033805847168,12.282805442810059,12.27822295394304,12.259481021895452,12.252330636811832,12.24503414123439,12.241621017456055,12.25754502443527,12.262434300869376,12.261354254027456,1129
11.778507232666016,11.771299362182617,11.767975807189941,11.753036467287416,11.788626476626714,11.747555711944996,11.765446026705103,11.746299743652344,11.799547136957091,11.768699329468028,11.77363275547673,1130
11.850750923156738,11.797271728515625,11.78512191772461,11.87486871953213,11.822930758727166,11.88856473699742,11.888931254675148,11.895796775817871,11.886856008995712,11.854565869349157,11.841990255565179,1131
11.673626899719238,11.645359992980957,11.634540557861328,11.389003271233832,11.686475944280218,11.654202396861594,11.541571780475852,11.618560791015625,11.670423664566053,11.61264058877719,11.656798398038072,1132
11.84621524810791,11.803132057189941,11.797945022583008,11.851250562164317,11.844764907830067,11.760077441010605,11.660053844245605,11.734761238098145,11.787442531552532,11.787293650309126,11.79697054145969,1133
12.358797073364258,12.360879898071289,12.36458683013916,12.374693487859735,12.34615341700345,12.3522867615426,12.368570882065265,12.443557739257812,12.399817370119946,12.374371495491504,12.374546282972263,1134
12.08169174194336,12.064406394958496,12.063241004943848,12.07766734008577,12.08292386798472,12.08620816317828,12.077426221674449,12.073409080505371,12.073718827408621,12.075632515853657,12.074441398860694,1135
11.537724494934082,11.528112411499023,11.5220947265625,11.539115833710767,11.566513372906847,11.56301832795967,11.535676103448374,11.526537895202637,11.558582797411894,11.541930662626202,11.546259372363048,1136
11.69229507446289,11.695283889770508,11.690423011779785,11.68420418321345,11.699315076302044,11.711082535385088,11.684136060119906,11.73160457611084,11.694998642115346,11.698149227695541,11.703691139155685,1137
11.41973876953125,11.449616432189941,11.434359550476074,11.590200427886884,11.435309465012061,11.395767827009236,11.336324958354963,11.426410675048828,11.39624459398981,11.43155252216656,11.428879103179993,1138
12.295494079589844,12.280497550964355,12.285018920898438,12.288528597314805,12.251760226374996,12.287946138401763,12.190510483372607,12.182231903076172,12.227365023335498,12.254372547036498,12.25043794295052,1139
11.718317985534668,11.724477767944336,11.729792594909668,11.72032644271461,11.731633121012301,11.759751956644596,11.789143616930344,11.822920799255371,11.732866696480382,11.747692331269587,11.74676378451846,1140
11.775136947631836,11.785014152526855,11.782085418701172,11.74402694047199,11.755690090372578,11.74361544747841,11.751893554149627,11.768474578857422,11.76276080427281,11.763188659384745,11.766979429400372,1141
12.124836921691895,12.120975494384766,12.119682312011719,12.10679660941685,12.077420285237707,12.144911370304401,12.099270671199603,12.11568832397461,12.115961514595012,12.113949278090729,12.11009178084302,1142
12.832751274108887,12.831901550292969,12.831360816955566,12.828753523774083,12.849826352527883,12.970389503885679,12.856913303539462,12.86566162109375,12.865781589846991,12.859259948447253,12.861292534122196,1143
11.486899375915527,11.455394744873047,11.453861236572266,11.403609051594685,11.511731324072324,11.444459044999096,11.433128371621152,11.43581485748291,11.406364524838212,11.44791805910769,11.459480411268363,1144
11.356212615966797,11.352363586425781,11.380711555480957,11.45137972611883,11.4653878179291,11.419667475977912,11.231575444597427,11.345097541809082,11.327229861774734,11.369958402897847,11.385308055222184,1145
11.743241310119629,11.73973274230957,11.734793663024902,11.750157142297246,11.772339792952103,11.854935666004032,11.822388912869567,11.7931489944458,11.841625524053773,11.783595972008515,11.783480939459329,1146
12.109192848205566,12.1153564453125,12.120293617248535,12.11124306732129,12.145501056544644,12.087292109318305,12.038752311858785,12.049764633178711,12.04369774430642,12.091232648143862,12.10008933898563,1147
12.143878936767578,12.143492698669434,12.139123916625977,12.109771924667456,12.162247855944832,12.15281081458298,12.18532322904939,12.176193237304688,12.159531965409709,12.152486064335783,12.156982181470237,1148
11.652359962463379,11.669806480407715,11.67024040222168,11.673895030984095,11.673504188798612,11.660018106664367,11.722065258947191,11.623882293701172,11.624427581848042,11.663355478448473,11.656099388748716,1149
11.9753999710083,12.00528621673584,12.00239086151123,11.927966251341285,11.93527685819934,11.876109768615327,11.771162878904644,11.816991806030273,11.86879729598894,11.908820212037243,11.92378590791725,1150
11.653387069702148,11.68246841430664,11.682942390441895,11.655827585894814,11.676861531145885,11.76008028838275,11.744513209037882,11.741661071777344,11.723911283145004,11.70240587153715,11.704227388739838,1151
11.973579406738281,11.95559310913086,11.957891464233398,11.99335062781564,11.974605612821493,11.972618438907748,11.949448371075125,11.938857078552246,11.956879396496495,11.963647056196809,11.960073539867114,1152
12.286319732666016,12.305407524108887,12.302949905395508,12.24126155064404,12.335258093515892,12.250706495531075,12.239851013468897,12.24742603302002,12.20268454301125,12.267984987929063,12.284061259602476,1153
11.645944595336914,11.66970443725586,11.66995620727539,11.6789268203614,11.696354654705678,11.700760415790358,11.73849281783848,11.652695655822754,11.712499590543308,11.685037243881126,11.6835916478507,1154
12.348328590393066,12.320473670959473,12.314638137817383,12.352999857525688,12.32877838416497,12.26388572855762,12.349834241872925,12.312827110290527,12.303843982905288,12.321734411609661,12.313276462721879,1155
12.218037605285645,12.21805191040039,12.22374439239502,12.20046692385743,12.197022185016312,12.163453622662344,12.143826048073253,12.155119895935059,12.154169670610832,12.185988028248476,12.187664659279784,1156
12.108004570007324,12.110573768615723,12.100067138671875,12.072731784685507,12.142378515609229,12.116087920426438,12.05166846107496,12.087085723876953,12.079014347976752,12.096401358993864,12.111585350540583,1157
12.21678638458252,12.207971572875977,12.207624435424805,12.22878624389796,12.232125247486605,12.24110640391151,12.248798633601723,12.204766273498535,12.226987312343303,12.223883611958104,12.220177186509167,1158
12.336938858032227,12.318887710571289,12.322090148925781,12.31928819438351,12.360601656185656,12.34450649366398,12.435415484401425,12.391997337341309,12.382418545662198,12.356904936574153,12.353430505439961,1159
12.145743370056152,12.115068435668945,12.117981910705566,12.145352521011523,12.178060246370618,12.164824186415247,12.10250946108962,12.127056121826172,12.123502101811118,12.135566483883885,12.14042378300704,1160
11.865395545959473,11.860420227050781,11.864333152770996,11.852071244930379,11.874506124108514,11.87995690774811,11.9007845225762,11.840116500854492,11.831194331188385,11.863197617465259,11.858912011864405,1161
12.355645179748535,12.364561080932617,12.350197792053223,12.326240540069987,12.31838104111016,12.303285085949248,12.308291428332797,12.313056945800781,12.327963200960532,12.329735810550874,12.332341257415825,1162
11.709580421447754,11.700912475585938,11.694263458251953,11.705982673084598,11.740853605121616,11.797298526191298,11.773347027604057,11.765381813049316,11.754365582359771,11.737998398077366,11.739528190579879,1163
11.774445533752441,11.814332008361816,11.821375846862793,11.803386157769966,11.77514010292471,11.784902739587041,11.8186429559388,11.826410293579102,11.805099819118759,11.802637273099492,11.801219801766319,1164
12.185345649719238,12.181414604187012,12.18454647064209,12.16748067300986,12.163479815282384,12.153139669293775,12.176348317309964,12.120774269104004,12.140667537410376,12.163688556217634,12.15826104297324,1165
12.253320693969727,12.2460355758667,12.24319839477539,12.249842548830845,12.2557064810705,12.373094145548079,12.371842235783884,12.362998962402344,12.349115980057144,12.300572779811624,12.294953460328847,1166
12.347167015075684,12.359719276428223,12.362387657165527,12.34543638537431,12.37117204387599,12.4122692015902,12.440589372158392,12.452374458312988,12.393198568557576,12.387145997615432,12.387633685413808,1167
12.175542831420898,12.178315162658691,12.176450729370117,12.178514299180256,12.194546020586142,12.143418926866572,12.168763144230837,12.146809577941895,12.149925879932548,12.168031841354217,12.170092954771736,1168
12.226428985595703,12.231919288635254,12.236615180969238,12.226948649010101,12.187541697493868,12.156209291491097,12.28615004823943,12.23917007446289,12.240264811749606,12.225694225294133,12.214339734616466,1169
13.165705680847168,13.156265258789062,13.159710884094238,13.185819001610616,13.232942382394073,13.281314148392598,13.265345275185322,13.316385269165039,13.2528537253509,13.224037958425448,13.22902567293881,1170
12.03590202331543,11.983657836914062,11.974202156066895,11.982998190088884,11.99425043976717,11.886024131032716,11.898485436249729,11.917935371398926,11.968912315973308,11.960263100089682,11.963952651475818,1171
11.9873046875,11.995744705200195,11.995433807373047,11.982474550510542,11.982765062441866,11.981571244792779,12.018996646068292,11.99330997467041,11.993260669016852,11.99231792750822,11.990012042480094,1172
12.008212089538574,12.01870059967041,12.014276504516602,12.006946454164812,12.002576020700934,11.988098856466157,11.97600914564256,12.007646560668945,11.989752869299112,12.001357677852011,12.005278535224898,1173
12.253677368164062,12.235517501831055,12.229104042053223,12.456160269350221,12.072427021079504,12.330873296735724,12.401554699427773,12.25166130065918,12.27899383007742,12.278885481042018,12.209888934699471,1174
12.291646957397461,12.294134140014648,12.28403377532959,12.241501093824384,12.340688727095866,12.326494626752602,12.324666646043935,12.247672080993652,12.350382442085225,12.300135609948596,12.310845779677177,1175
12.630622863769531,12.625581741333008,12.625419616699219,12.608564942836054,12.622867275564841,12.602684617039122,12.628446002983292,12.63467025756836,12.625018873175888,12.622652910107702,12.623815915687814,1176
11.68113899230957,11.683467864990234,11.686681747436523,11.698343057829272,11.716162924542598,11.758576783974524,11.805390917356796,11.805243492126465,11.790907723242656,11.736212611534292,11.734618555413954,1177
11.66148567199707,11.677044868469238,11.680743217468262,11.650723014536375,11.67266424815984,11.640038497171158,11.724456304391675,11.683564186096191,11.61790033232409,11.667624482290433,11.66460354637838,1178
11.746615409851074,11.762635231018066,11.762064933776855,11.742683121055109,11.770816118186152,11.765159432888117,11.731772641270378,11.777860641479492,11.721424769636599,11.753448033240206,11.761636324826476,1179
11.423851013183594,11.396991729736328,11.392736434936523,11.536462185934397,11.391343937474176,11.487430980514583,11.507525650319366,11.490710258483887,11.49062556171398,11.457519750255205,11.432944691794788,1180
12.361268997192383,12.383739471435547,12.385921478271484,12.370097946439419,12.348755861293197,12.381904743810741,12.428135260285739,12.38669490814209,12.318398800305372,12.373879718575107,12.365199838661812,1181
12.590982437133789,12.594525337219238,12.589314460754395,12.575620422038192,12.60353021588325,12.609197275789148,12.603522033329844,12.62094783782959,12.540432987892473,12.592008111985544,12.594936030570024,1182
13.226394653320312,13.22945785522461,13.2265625,13.240492438249529,13.25067809859107,13.111725304151353,13.06275052162616,13.055473327636719,13.106130976284982,13.167740630564971,13.178038406033403,1183
11.855948448181152,11.8524169921875,11.854753494262695,11.84034830185169,11.879883377248323,11.855357581190528,11.871370242137107,11.904534339904785,11.83270070464086,11.860812609067182,11.865564065188261,1184
12.274065971374512,12.317903518676758,12.31225872039795,12.269333683186078,12.263951697671263,12.16955752294698,12.184805778393844,12.20178508758545,12.205914920224814,12.244397433384181,12.253617006372465,1185
11.69865894317627,11.705118179321289,11.707069396972656,11.69592552754948,11.657265162138511,11.74643474224935,11.724476410833116,11.735302925109863,11.730313402455092,11.711173854422848,11.704760062371566,1186
11.55928897857666,11.594934463500977,11.61204719543457,11.624503184873621,11.569333433951329,11.646345152543754,11.73044161437148,11.649269104003906,11.664604682680412,11.62786308999297,11.611805657561035,1187
12.52027702331543,12.518411636352539,12.514986038208008,12.497497464600151,12.528471912057944,12.53886166366316,12.556620466515064,12.55056381225586,12.507178920158974,12.525874326347457,12.52672187856367,1188
12.124178886413574,12.13341999053955,12.136649131774902,12.145145299005229,12.135784971776761,12.13308247720041,12.116941069604525,12.15301513671875,12.148555307840729,12.13630803009716,12.139267227826311,1189
12.168027877807617,12.170781135559082,12.171767234802246,12.159863465461612,12.163778689386303,12.206101298641979,12.235927683185302,12.21738052368164,12.198906923390506,12.188059425768477,12.183888926094705,1190
12.15199089050293,12.187235832214355,12.181827545166016,12.155301135397949,12.203730966898222,12.12681620836932,12.087686669055511,12.111373901367188,12.046761256067814,12.139191600559922,12.153474564992477,1191
12.056046485900879,12.074080467224121,12.073458671569824,12.047478278873431,12.036530432729876,12.093279870877932,12.121380839347031,12.111001968383789,12.127169251468287,12.082269585152796,12.079259118027538,1192
11.653560638427734,11.718846321105957,11.729626655578613,11.703312259273112,11.746175006980666,11.753044303617944,11.7357409704861,11.712320327758789,11.722236666732346,11.719429238884585,11.729273770981004,1193
11.987603187561035,11.977827072143555,11.980937957763672,12.008291016685448,12.003245722762488,12.01144321297903,12.041286313458162,11.997430801391602,12.011491440591112,12.002172969481789,11.99610246593521,1194
11.933130264282227,11.928946495056152,11.924427032470703,11.896243573994505,11.94396652664976,11.91189512220471,11.895202171177143,11.865869522094727,11.854243354115658,11.905991562449508,11.910679038752232,1195
12.019657135009766,12.026784896850586,12.027449607849121,12.03246221039176,12.013454526575567,11.984432144642492,12.03114580546287,12.004300117492676,11.988774813502255,12.014273473086343,12.009810645672472,1196
12.343345642089844,12.354751586914062,12.355903625488281,12.355855460856635,12.350143457907265,12.324245277887291,12.268965111592648,12.319969177246094,12.324066791337328,12.333027347924382,12.340485782456048,1197
11.905098915100098,11.904377937316895,11.89965534210205,11.9041778892385,11.8732545074082,11.937967414389053,11.922828586904053,11.943066596984863,11.990129555413898,11.920061860539734,11.917731356428634,1198
12.02906608581543,12.040792465209961,12.043173789978027,12.02279929749199,12.01179864494401,12.086535052592447,12.07636812599958,12.078081130981445,12.067419248095794,12.050670426789853,12.047334938270167,1199
11.825016975402832,11.839888572692871,11.838974952697754,11.81903368243471,11.88165233186076,11.902888850677266,11.838485638296559,11.852721214294434,11.846444955003479,11.849456352595631,11.860722326640266,1200
11.478174209594727,11.460126876831055,11.445923805236816,11.46540417835948,11.512177679979123,11.512997450310205,11.477188182985271,11.483736038208008,11.482753060842406,11.479831275816345,11.486687491161819,1201
12.177435874938965,12.184037208557129,12.184959411621094,12.152514431810898,12.16061472670188,12.196946340923166,12.218184663442793,12.215886116027832,12.179307538466498,12.18554292361003,12.183354824090802,1202
11.790485382080078,11.795439720153809,11.788655281066895,11.73529130491745,11.803539245038872,11.803130413993864,11.741075411767842,11.814390182495117,11.78046853012336,11.783608385737475,11.799282923693848,1203
12.205615997314453,12.210192680358887,12.211735725402832,12.203257811037634,12.198023693238362,12.254394564934447,12.25628064374879,12.238675117492676,12.24080500669385,12.224331248913549,12.220325531659926,1204
11.926979064941406,11.921942710876465,11.921640396118164,11.92307514976716,11.915613451418027,11.90343097321536,11.903701562253127,11.898225784301758,11.889690010368062,11.91158878925106,11.909972372507646,1205
12.50906753540039,12.522377967834473,12.527936935424805,12.519051164255858,12.50749744514156,12.570284553703509,12.595466723643396,12.635573387145996,12.549793475534358,12.54856102089826,12.54502782601309,1206
11.719547271728516,11.706991195678711,11.706457138061523,11.689383722672652,11.689896323208457,11.632294141891007,11.662237667169762,11.679750442504883,11.659505092233458,11.682895888349885,11.68353631189903,1207
12.289331436157227,12.286284446716309,12.285698890686035,12.28741293144438,12.283005561278763,12.253126078792532,12.206153415820891,12.176231384277344,12.20540689098528,12.252516781795416,12.253107605131149,1208
11.846590042114258,11.875149726867676,11.879770278930664,11.845456987180555,11.864780329036142,11.860410466852558,11.888590302390647,11.886252403259277,11.854045645138147,11.866782909085547,11.869540906452535,1209
12.576644897460938,12.54882526397705,12.549686431884766,12.583550681321189,12.596650523320365,12.551354947750557,12.606361436080661,12.586518287658691,12.57594423623549,12.575059633965521,12.571866052158583,1210
12.175616264343262,12.165188789367676,12.166443824768066,12.192036358678399,12.212180685836874,12.2146087134029,12.150193325132351,12.178937911987305,12.202253372318323,12.184162138426128,12.190525796253016,1211
12.31803035736084,12.329383850097656,12.330913543701172,12.331017280297033,12.343558955664966,12.221217299897814,12.252004929757435,12.32469367980957,12.28826037098066,12.304342251951905,12.315395203547547,1212
11.326661109924316,11.346829414367676,11.34996509552002,11.366931235420182,11.391384076733408,11.387093067647042,11.196710232168424,11.33974838256836,11.361140324775912,11.34071810434726,11.364032886024514,1213
11.853997230529785,11.87147331237793,11.856375694274902,11.80471258031113,11.879082093599095,11.833061063392654,11.742297243103183,11.796957969665527,11.788364185547458,11.825146819200183,11.845977630554575,1214
11.766552925109863,11.762152671813965,11.761011123657227,11.75113371879601,11.757957650419309,11.759731509023613,11.786358268470634,11.768248558044434,11.770240699193211,11.764820791614252,11.762874580894364,1215
11.600967407226562,11.606660842895508,11.604256629943848,11.644761667307142,11.65688465262469,11.66741154225797,11.696344634007158,11.677592277526855,11.69083457141499,11.649523802800525,11.649763686523707,1216
11.834874153137207,11.84227180480957,11.852441787719727,11.825612540496735,11.808310060287019,11.740391729933568,11.796408884332104,11.823613166809082,11.797025888990188,11.813438890723912,11.813084280751914,1217
12.365402221679688,12.378133773803711,12.377031326293945,12.353717735610115,12.349111824734162,12.382275300609637,12.45209699032864,12.414237976074219,12.413892942238993,12.38732223237479,12.381463695560079,1218
11.230491638183594,11.221455574035645,11.213286399841309,11.190577401107362,11.06596085427244,11.12476555166038,11.064507790799833,11.249471664428711,11.117779037468981,11.164255101310918,11.158825677504673,1219
11.428937911987305,11.421404838562012,11.41831111907959,11.314464856906852,11.529665225968376,11.479143479574144,11.516202473323261,11.475042343139648,11.488425127381646,11.45239970843587,11.474782937589453,1220
11.521952629089355,11.523948669433594,11.522575378417969,11.57194868525427,11.617110458426954,11.656190925108472,11.589806762817217,11.635168075561523,11.647244944586456,11.587327392077313,11.598048175499711,1221
11.751049041748047,11.750411987304688,11.749617576599121,11.739747292445795,11.760316116212456,11.75183229529868,11.746330850924815,11.775096893310547,11.777063002735616,11.755718339619975,11.760930998141381,1222
11.920201301574707,11.931066513061523,11.940994262695312,11.960407385587203,11.91313647156587,11.904904226729036,11.932030478966277,11.970080375671387,11.928831649450109,11.93351696281127,11.929299631403229,1223
11.836311340332031,11.821942329406738,11.81829833984375,11.893101338707188,11.846324535271114,11.681061664869068,11.741284815635174,11.744864463806152,11.713915732459188,11.788567173370044,11.786400761513505,1224
12.232917785644531,12.250059127807617,12.257018089294434,12.266502167460214,12.239405911922415,12.19819483721466,12.179130597043512,12.198068618774414,12.22967644019181,12.227885952817068,12.230696500249703,1225
11.836502075195312,11.86627197265625,11.863187789916992,11.824146219405074,11.814045632892514,11.853478128221743,11.856790036451972,11.802764892578125,11.785860331975336,11.833671897699256,11.829310771885812,1226
12.353506088256836,12.328193664550781,12.323179244995117,12.348057930794578,12.37283569412147,12.337353245788304,12.196162758052072,12.243353843688965,12.236248380224442,12.304321205608062,12.314807913864314,1227
11.870136260986328,11.878454208374023,11.873391151428223,11.848355505336535,11.89616893493479,11.851957175255047,11.869454278701728,11.847713470458984,11.88861623283124,11.8693608020341,11.877124843333325,1228
12.814065933227539,12.80519962310791,12.80345344543457,12.794366859363436,12.763126654205282,12.781165967592857,12.738146579350278,12.812623977661133,12.793341905623063,12.789498993951785,12.79075936173171,1229
11.81163215637207,11.82676887512207,11.826208114624023,11.812951205751856,11.831658253998476,11.916538379251735,11.906325070045082,11.87358570098877,11.862913512353598,11.852064585389744,11.849937786450795,1230
12.24912166595459,12.271419525146484,12.262236595153809,12.248633698254984,12.22163616609186,12.19102716075887,12.1830907713502,12.216211318969727,12.217137671477785,12.228946063684255,12.23313174473667,1231
11.822455406188965,11.827363967895508,11.826676368713379,11.814040353175455,11.857376008752547,11.88284316917354,11.849819084585326,11.883292198181152,11.876242246393698,11.84890097811773,11.857039859626534,1232
11.48833179473877,11.487141609191895,11.50306510925293,11.507819588248358,11.470404752737739,11.50246354219186,11.482314989612282,11.475408554077148,11.477931653999265,11.488320177116695,11.481030967426868,1233
11.776841163635254,11.805710792541504,11.809027671813965,11.815514568040257,11.838480314943649,11.810616316187671,11.828861872312213,11.851749420166016,11.849668335059905,11.82071893941116,11.828625210572602,1234
11.667046546936035,11.671372413635254,11.66045093536377,11.364567513062866,11.515571404684522,11.654975905252057,11.691242851394843,11.684469223022461,11.643170038124007,11.616985203497315,11.625414953461512,1235
11.874359130859375,11.869296073913574,11.868321418762207,11.8399543509888,11.927758480072958,11.931396178960881,11.918249352339256,11.902532577514648,11.949726115371222,11.897954853198103,11.908312754285937,1236
12.035948753356934,12.059070587158203,12.058761596679688,12.037621944521243,12.024480574641478,12.015333955870005,12.011935922071167,12.022510528564453,11.994388299910735,12.028894684752656,12.030164333170045,1237
12.266683578491211,12.263206481933594,12.267789840698242,12.261891284830698,12.240061409479438,12.280751054660762,12.288289279630934,12.232070922851562,12.2555708390705,12.261812743516327,12.252759918909959,1238
11.827288627624512,11.848191261291504,11.852380752563477,11.860200098825672,11.846963670775073,11.806661066115037,11.774010949536791,11.774253845214844,11.769259019751805,11.817689921299856,11.820659586352592,1239
12.387113571166992,12.385841369628906,12.386454582214355,12.38221766565114,12.352870481699181,12.319078153166176,12.318503896033482,12.3003568649292,12.31483114528647,12.349696414419546,12.34638551514139,1240
12.240013122558594,12.242757797241211,12.24428939819336,12.259886889531645,12.258273649509718,12.282306829308084,12.314535522998783,12.251192092895508,12.254631941880637,12.260876360457504,12.25409721111745,1241
12.428407669067383,12.419198036193848,12.417516708374023,12.40356260340131,12.440593388951875,12.397630748903135,12.279525401627186,12.38370132446289,12.300264952179027,12.385600092573409,12.400222993640595,1242
12.034996032714844,12.068650245666504,12.070243835449219,12.0530730208465,12.07818799630384,12.092853902445222,12.0363009232264,11.909236907958984,11.89692570678591,12.02671873015527,12.024192104039178,1243
13.006182670593262,13.014081954956055,13.017382621765137,12.99035304826014,12.975582049169772,12.98015952365706,13.009434081052568,12.983457565307617,12.964982642308646,12.993512906341138,12.98828940023809,1244
12.199006080627441,12.212996482849121,12.214715003967285,12.169437225899735,12.201065978716823,12.159506024566598,12.257151811146729,12.226234436035156,12.16614438525737,12.20069526989625,12.19960323111324,1245
12.219364166259766,12.207497596740723,12.202024459838867,12.22325053573206,12.239336742715993,12.148076156996922,12.16008307723375,12.129015922546387,12.144333524966578,12.185886909225673,12.188617513540907,1246
12.176918983459473,12.189050674438477,12.187787055969238,12.152133070111253,12.181849267826225,12.19466196291748,12.168817853394284,12.175701141357422,12.180147677373961,12.178563076316426,12.18430939585062,1247
11.893248558044434,11.883955001831055,11.887103080749512,11.903516421931855,11.949773804512452,11.873066122206941,11.883851004180558,11.857841491699219,11.868295969244901,11.888961272711214,11.894350554343948,1248
11.80190372467041,11.811667442321777,11.819209098815918,11.836075834309032,11.851367793809871,11.890404026538986,11.778412447354263,11.882095336914062,11.784078451070384,11.828357128422745,11.837765349401444,1249
11.673619270324707,11.691329956054688,11.692813873291016,11.677776671754208,11.686810518204622,11.690352579392451,11.745510899170101,11.739262580871582,11.716129599790733,11.7015117720949,11.701077131079554,1250
12.567028999328613,12.567700386047363,12.564711570739746,12.502693433466481,12.5145119058265,12.469650897782767,12.446036822555245,12.403792381286621,12.42928013713832,12.49615628157463,12.49755938688746,1251
12.16289234161377,12.144237518310547,12.137505531311035,12.168795320746629,12.125343950764501,12.12906796600183,12.106992021964842,12.105697631835938,12.153834299744213,12.137151842477033,12.13283992386281,1252
11.564594268798828,11.589131355285645,11.598565101623535,11.624767349196102,11.63361626701245,11.678719015168653,11.657583917665129,11.677617073059082,11.696648110387022,11.63569360646627,11.639761215007852,1253
12.508973121643066,12.490493774414062,12.494070053100586,12.540375787702398,12.522624957738465,12.534340981283506,12.493628339627323,12.463937759399414,12.513370319112196,12.506868343780114,12.50285536271212,1254
12.15983772277832,12.155708312988281,12.157898902893066,12.176167782812088,12.131861182665487,12.152901958552595,12.15354656017773,12.137513160705566,12.153739034927476,12.153241624277845,12.145800786766335,1255
11.74424934387207,11.764387130737305,11.769868850708008,11.773168814965342,11.780244522043933,11.720723971327718,11.771753881654579,11.745996475219727,11.764273662727952,11.759407405917402,11.761247850991936,1256
12.647610664367676,12.642133712768555,12.643372535705566,12.6418159173911,12.630566995985832,12.698412697172941,12.723877648090628,12.705815315246582,12.681513652769137,12.668346571055336,12.660471010028328,1257
11.361923217773438,11.362838745117188,11.364189147949219,11.377131493743036,11.265095146928532,11.402429286319414,11.372668159386775,11.38758659362793,11.3866279683006,11.364498862127348,11.347702731965963,1258
12.183350563049316,12.175658226013184,12.177921295166016,12.18734398765088,12.188455565458563,12.138098527411929,12.095041952961974,12.07879638671875,12.117968623123259,12.14918168083932,12.151769551689318,1259
11.977537155151367,11.983638763427734,11.982155799865723,11.96157849027014,11.918101941572198,11.89844166908343,11.916507698105598,11.896876335144043,11.908655626545055,11.938165942129476,11.932660605115661,1260
12.188161849975586,12.176907539367676,12.171317100524902,12.149794422569304,12.208175406063846,12.152046581396117,12.125081553312766,12.139959335327148,12.114841576152333,12.158476151632186,12.168151202279615,1261
11.735746383666992,11.734399795532227,11.732038497924805,11.742602881445237,11.744056276416757,11.740060889351659,11.726171565407453,11.780929565429688,11.743517601459653,11.742169272959385,11.746227722657633,1262
11.821669578552246,11.800527572631836,11.79371452331543,11.799273681058514,11.837417901434526,11.802765131588831,11.811798493256497,11.77109432220459,11.762547808675027,11.800089890301944,11.800728704990357,1263
12.013460159301758,12.03937816619873,12.029801368713379,11.997985231028991,12.073597846410575,12.012711869372165,12.01618615323519,12.018054008483887,12.034669049222657,12.026204872440815,12.04187204134234,1264
11.976597785949707,12.00422477722168,12.002455711364746,11.977646080171972,11.950027522882596,12.080193809560445,12.07460276941905,11.995636940002441,12.004210428495073,12.007288425007523,11.99605044162999,1265
12.097820281982422,12.109024047851562,12.104537963867188,12.091588194230612,12.0778372637874,12.031174926313147,12.068307596320512,12.042899131774902,12.059063716041218,12.075805902463218,12.074947730982572,1266
11.765356063842773,11.741554260253906,11.748221397399902,11.751821970929822,11.719207117754664,11.822610445929959,11.844336202983246,11.858760833740234,11.807931029780425,11.784422146957214,11.771807066941152,1267
12.746156692504883,12.72642993927002,12.729795455932617,12.737440101794446,12.748764128548276,12.731745254186214,12.873444881012674,12.763656616210938,12.82785402195948,12.765031899046615,12.753362862830906,1268
12.7543363571167,12.8053560256958,12.799132347106934,12.706440417043073,12.758351731277543,12.797868292371414,12.834527712678772,12.881257057189941,12.803525091615219,12.793421670232823,12.803495879167576,1269
11.820300102233887,11.807700157165527,11.799591064453125,11.80847129509474,11.824345779113047,11.850947137459436,11.779515852933036,11.828596115112305,11.824712230815743,11.81601997048676,11.822423039595282,1270
12.33109188079834,12.365774154663086,12.377494812011719,12.363347825353504,12.415530465694335,12.347031924444883,12.357712211361173,12.300840377807617,12.313038511913224,12.352429129338653,12.359600855421135,1271
12.039216995239258,12.045158386230469,12.043293952941895,12.02173876956432,12.030875908590458,12.069395062719233,12.05539027063818,12.031551361083984,12.028085633042465,12.040522926672253,12.039223949540805,1272
11.787808418273926,11.780206680297852,11.776092529296875,11.783092597645817,11.831254054722093,11.816995551804471,11.826221652692654,11.80437183380127,11.810453550894126,11.80183298549212,11.805998737612844,1273
12.103060722351074,12.129823684692383,12.133177757263184,12.115119080424632,12.074339139568439,12.016019078904455,12.022437090472978,12.008098602294922,12.043079164678833,12.071683813405654,12.071426663268172,1274
11.868221282958984,11.914454460144043,11.912466049194336,11.858592893519015,11.837851624768085,11.83943030151266,11.774663730197291,11.796432495117188,11.871813528858075,11.852658485141074,11.861224275396525,1275
11.883338928222656,11.862354278564453,11.864396095275879,11.830896937925822,11.811166697486138,11.916634450636181,11.896498686267751,11.894977569580078,11.834809439544575,11.866119231500392,11.855300334174363,1276
11.97508430480957,11.990543365478516,11.995729446411133,11.971109368095881,11.996451971209446,12.007664152692085,12.036227308429494,12.003368377685547,12.004405905253721,11.997842688896153,11.997919492693038,1277
12.183280944824219,12.178101539611816,12.177499771118164,12.18999508928512,12.17605627019012,12.13695045772982,12.122086467948064,12.124671936035156,12.09477072030812,12.153712577450067,12.152985633137941,1278
12.389838218688965,12.394932746887207,12.400500297546387,12.41349810223146,12.392871661667574,12.409517512823045,12.441143510621144,12.489102363586426,12.46785962785211,12.422140449100478,12.421098898927934,1279
11.334982872009277,11.194437026977539,11.20421028137207,11.4144330935834,11.391506855258,11.510662011091206,11.461307369151646,11.291309356689453,11.345206077108509,11.349783882582344,11.317513056496985,1280
12.232892990112305,12.238276481628418,12.243430137634277,12.246071444766093,12.240845954082001,12.23306565085282,12.257091138201014,12.239946365356445,12.277895258687153,12.24550171348006,12.244344982663739,1281
12.21169376373291,12.192245483398438,12.185782432556152,12.185120170427732,12.195093133750786,12.108449933597512,12.157376699191007,12.149155616760254,12.151306642250471,12.170691541740585,12.171699851058635,1282
11.884248733520508,11.907238960266113,11.909727096557617,11.860713639807503,11.871504974031126,11.868261529314339,11.866526806670946,11.911783218383789,11.901002584102184,11.886778615850458,11.893315905946462,1283
11.850337982177734,11.8375883102417,11.839970588684082,12.22245696637765,11.907058578434027,11.830709819514855,11.89004335677488,11.903064727783203,11.867771125011316,11.90544460611105,11.87033436844813,1284
12.125375747680664,12.130976676940918,12.120888710021973,12.139610185192808,12.08315269999387,12.106300789358826,12.156126361901968,12.104141235351562,12.112146949767347,12.119857706245547,12.108525804532935,1285
11.792627334594727,11.781766891479492,11.779891967773438,11.753855440628863,11.815726543349372,11.760042344975544,11.690528295555676,11.730216026306152,11.751760253295041,11.761823899773145,11.776341836479443,1286
11.931788444519043,11.930187225341797,11.931986808776855,11.942686581171026,11.943800281801634,11.980984144093256,12.001401154568963,11.967874526977539,11.986175206694638,11.957431597104973,11.953070024769776,1287
12.139387130737305,12.12939167022705,12.12502670288086,12.121420140686864,12.206280034959478,12.146307458849833,12.110750951127313,12.12512493133545,12.115470004599603,12.13546211393375,12.149363949915108,1288
12.408538818359375,12.441237449645996,12.436501502990723,12.378030084967564,12.432988887960352,12.425336084680819,12.46698156797501,12.43183708190918,12.475604210344354,12.433006187648154,12.440768864128191,1289
12.572376251220703,12.565372467041016,12.562637329101562,12.568658658756062,12.569164489265216,12.550187069154758,12.46135838036285,12.475312232971191,12.518778379821107,12.53820502863272,12.544015165410705,1290
11.998587608337402,12.015999794006348,12.015666007995605,11.989721105155677,12.035044741975637,12.008447297405658,12.024050946401537,11.984888076782227,12.004906108830971,12.00859018743234,12.013909807654443,1291
11.67031192779541,11.666193008422852,11.666650772094727,11.626753252056366,11.681399531254911,11.703591322094786,11.691244386823913,11.68463134765625,11.676097631785863,11.674097019998342,11.678517711651294,1292
11.718962669372559,11.673032760620117,11.66347885131836,11.739792191911086,11.712569567553063,11.703072634716113,11.641377854760927,11.699894905090332,11.721095647566774,11.697030786989925,11.697963985346284,1293
12.109055519104004,12.111029624938965,12.117233276367188,12.132806983105228,12.09820577389882,12.123966287799492,12.104837129377682,12.113971710205078,12.117736451750911,12.114315861838598,12.110311337127149,1294
11.677098274230957,11.704996109008789,11.703831672668457,11.657903932032067,11.689275915463362,11.692286573977217,11.694101426127649,11.706114768981934,11.725927956157584,11.69461518096089,11.702569532487692,1295
11.740595817565918,11.744488716125488,11.750223159790039,11.762608374448856,11.744912977820128,11.824079829129198,11.81541742415347,11.808391571044922,11.816346134725608,11.778562667200402,11.773168358014305,1296
11.925509452819824,11.907243728637695,11.90435791015625,11.916290650251767,11.914936828265404,11.91711783238845,11.917874531516931,11.94485092163086,11.877922589535281,11.914011605022495,11.912091539795243,1297
11.889822959899902,11.860590934753418,11.861344337463379,11.878268365594874,11.882521965494227,11.912460508024239,11.878773879856723,11.8512544631958,11.906441975615353,11.880164376655323,11.877001411791786,1298
12.049532890319824,12.060927391052246,12.05660629272461,12.007317782955225,12.02501766615099,12.034598531213163,12.003455605250979,12.04485034942627,12.024390890018282,12.034077488790176,12.040706182741584,1300
12.346834182739258,12.339418411254883,12.33634090423584,12.350598031661699,12.356171539954492,12.331253907852629,12.335464296324735,12.334344863891602,12.33647276446393,12.340766544708785,12.34190006546473,1301
11.993224143981934,12.021227836608887,12.017924308776855,12.004500960785295,12.06947466395133,12.018744191288384,12.06849404994606,12.026298522949219,12.031517315427932,12.027933999301766,12.036331465577298,1302
12.609638214111328,12.618857383728027,12.616748809814453,12.592564940813059,12.652859772642783,12.639051297661792,12.705880716686528,12.649574279785156,12.626533989891445,12.634634378348286,12.636110893852491,1303
12.289942741394043,12.273386001586914,12.276082038879395,12.292318729520165,12.336539938230915,12.295704705376433,12.28260384755507,12.315942764282227,12.304233619993749,12.296306042979879,12.303939892860896,1304
11.919498443603516,11.923005104064941,11.930119514465332,11.946565490427261,11.881781847198924,11.837532293929074,11.820877078831126,11.89585018157959,11.847583997137255,11.889201550137447,11.887911268365885,1305
12.688077926635742,12.694375991821289,12.698152542114258,12.68830763341624,12.701161952793695,12.717226225438859,12.664397438644171,12.714852333068848,12.663808919322955,12.692262329250674,12.697453212972674,1306
12.209476470947266,12.219643592834473,12.215099334716797,12.203486461555084,12.194186771466779,12.185928923221711,12.208415063730133,12.190512657165527,12.195752638415652,12.202500212672602,12.201242785652482,1307
11.845036506652832,11.838042259216309,11.837119102478027,11.830062934492162,11.881591059951452,11.831558495342804,11.874291471015386,11.8666353225708,11.868847262641024,11.852576046040088,11.858080337257556,1308
11.939959526062012,11.92901611328125,11.929110527038574,11.961657376847548,11.945250545171936,11.910073785338513,11.857744935846704,11.870331764221191,11.88702693310781,11.914463500768393,11.916237767606253,1309
12.047571182250977,12.054265022277832,12.060361862182617,12.064216601536216,12.069076821343714,12.071076600707563,12.084458446611574,12.053292274475098,12.070933725681558,12.063916948563017,12.06225580369458,1310
12.651130676269531,12.683786392211914,12.679603576660156,12.585302352311018,12.663743488160792,12.691861683717619,12.663550807388305,12.69870662689209,12.691985200478058,12.667741200454387,12.682700286281538,1311
12.232993125915527,12.248298645019531,12.253658294677734,12.233546998293217,12.205892765353862,12.196050127263037,12.17009604761685,12.188672065734863,12.241177829058572,12.218931766548133,12.220966810566473,1312
12.650635719299316,12.618463516235352,12.611394882202148,12.616473788510653,12.73185826888293,12.648230657848694,12.638297976624239,12.644475936889648,12.62195030493548,12.642420116825384,12.6569252909336,1313
12.699980735778809,12.696375846862793,12.691108703613281,12.693463058058708,12.712069752504283,12.633800124915268,12.74454171532864,12.704858779907227,12.702586054609755,12.69764275239764,12.696356417954096,1314
11.646798133850098,11.644671440124512,11.643051147460938,11.640110658325945,11.637144577194995,11.674111854945266,11.674313460936087,11.692981719970703,11.690497153146257,11.660408905106088,11.65981926017789,1315
12.2177734375,12.199923515319824,12.19382095336914,12.17386272982308,12.190701418431022,12.172802495271828,12.158315062223622,12.138175964355469,12.126286989415501,12.174629173967721,12.174390758930878,1316
12.50097370147705,12.52304744720459,12.523428916931152,12.49127752805721,12.51446622537559,12.605463464103966,12.527265972729152,12.548986434936523,12.581345098434662,12.535139421027768,12.541671149551815,1317
12.222834587097168,12.22083568572998,12.210479736328125,12.1644491323152,12.199747572053543,12.195590513391164,12.175789161287593,12.188811302185059,12.214797122592666,12.1992594236645,12.206591089813255,1318
12.497015953063965,12.488128662109375,12.48703384399414,12.490922056954833,12.46403714541806,12.47513255984298,12.451368941974751,12.453723907470703,12.465394956842847,12.474750891963517,12.471585925670114,1319
11.570460319519043,11.568235397338867,11.568838119506836,11.575723217039648,11.599502600918969,11.659721938265378,11.668297030944144,11.624767303466797,11.65303946095023,11.609842820883323,11.607209814090623,1320
12.034363746643066,11.997352600097656,11.994903564453125,12.04668329861785,11.980221854801474,11.927680674608064,11.903607692273258,11.952688217163086,11.939322978870727,11.975202736392033,11.970165934309431,1321
11.187165260314941,11.185858726501465,11.175287246704102,11.222238211636114,11.280329332246481,11.13167742265234,10.987473292185005,11.134556770324707,11.075664973710012,11.153361248475019,11.182093066179444,1322
12.382739067077637,12.385863304138184,12.382421493530273,12.363792595125085,12.351377496182929,12.353671689618592,12.295226141655311,12.303174018859863,12.311785969177931,12.3477835305962,12.349589270322141,1323
11.413930892944336,11.388993263244629,11.389400482177734,11.458126138963053,11.312755344717758,11.180156876898595,11.14449739969635,11.209619522094727,11.24394454300584,11.304602718193669,11.297710811490552,1324
12.559596061706543,12.566730499267578,12.566465377807617,12.540945878510279,12.548976088791346,12.566041493040204,12.587930776495451,12.592564582824707,12.622945975186601,12.572466303736702,12.573919012155285,1325
10.993906021118164,11.084615707397461,11.08151626586914,10.904515594582335,11.123342655781324,11.037120109785675,10.99462898951098,11.173813819885254,11.118791074584355,11.056916693168297,11.109098108180602,1326
11.383169174194336,11.376904487609863,11.376794815063477,11.224250009845491,11.416787597765083,11.285188889795341,11.160519531794373,11.223469734191895,11.29820426670803,11.305032056329765,11.34284926829074,1327
11.758437156677246,11.781970977783203,11.781237602233887,11.744930960348444,11.747696979567873,11.810629774981933,11.716933419655021,11.784477233886719,11.854320101741855,11.775626022986241,11.786354890137485,1328
12.201136589050293,12.170350074768066,12.177481651306152,12.240256267758317,12.284611042364133,12.2549429516533,12.150438711170864,12.101653099060059,12.196924271583843,12.197532739857225,12.203137246464351,1329
12.141679763793945,12.143332481384277,12.143922805786133,12.139752947674818,12.118513076367746,12.099621953345627,12.04740686417907,12.122207641601562,12.116292721182845,12.11919225059067,12.124876715321495,1330
12.402652740478516,12.372739791870117,12.373785972595215,12.40316823444989,12.41850202076281,12.42666152116262,12.45368235107584,12.413591384887695,12.423869124617578,12.409850349100033,12.40447902266517,1331
11.764122009277344,11.761176109313965,11.761240005493164,11.760255995883046,11.787746745886766,11.776654195241946,11.804869649934579,11.777456283569336,11.771854312797926,11.773930589710895,11.774079768695922,1332
11.598967552185059,11.589410781860352,11.593780517578125,11.62370115122003,11.605334365520836,11.695524950037976,11.70641812650057,11.637845039367676,11.634524949111077,11.631723048153523,11.618806043661131,1333
11.7621488571167,11.761252403259277,11.753972053527832,11.7785440888523,11.770890804065424,11.762919823183188,11.676627967400696,11.78967571258545,11.750229869324242,11.756251286590567,11.766940750561853,1334
11.643519401550293,11.60873031616211,11.607107162475586,11.66403676571922,11.678838800928473,11.654034672388015,11.725964206755268,11.65351390838623,11.656540350727914,11.654698398343678,11.646328507821128,1335
11.993828773498535,12.007976531982422,12.006333351135254,11.985824431738461,12.016591513322815,12.011904794094816,11.978698517551809,11.974135398864746,12.007781353162821,11.998119407261298,12.005372551290906,1336
11.810842514038086,11.828550338745117,11.836496353149414,11.829124674211748,11.821488154377484,11.852752238362585,11.89333677692871,11.835722923278809,11.867289269916098,11.84173369366756,11.835799266212103,1337
11.029820442199707,11.02855396270752,11.05565357208252,10.926491745422936,11.075485548048157,10.965221855479264,11.026976470216674,10.931279182434082,10.963930740157949,11.00037927986098,11.010200639140864,1338
12.386800765991211,12.365313529968262,12.364378929138184,12.384651336639209,12.353291959620233,12.331151922553646,12.33204509679883,12.330887794494629,12.328501021371226,12.353002484063936,12.347837959450874,1339
11.73038387298584,11.726304054260254,11.722284317016602,11.726830363346112,11.717727261689182,11.675376716726197,11.660260769743184,11.660421371459961,11.689344683308754,11.700992601170677,11.703053544893592,1340
11.581354141235352,11.580249786376953,11.575756072998047,11.576587156359297,11.649438427910113,11.615142543609535,11.583818134706737,11.624279022216797,11.640843980260248,11.603052140630341,11.618221238918782,1341
11.995617866516113,12.023075103759766,12.02365493774414,12.020739353388574,12.011818176994026,11.96243440189727,12.004546795322533,11.991800308227539,11.989194545009063,12.002542387651005,12.003970544955886,1342
12.376794815063477,12.382247924804688,12.38951587677002,12.392359791856537,12.380116960822122,12.381418252763906,12.442618367096626,12.45862865447998,12.446446273689078,12.405571879705159,12.402751479049542,1343
11.976618766784668,12.02322006225586,12.025093078613281,11.933112378886964,12.004132293260104,12.037641479396521,12.046083846026889,12.054818153381348,12.011086329340246,12.012422931993987,12.022776166179725,1344
12.173652648925781,12.164196014404297,12.163111686706543,12.16493508308517,12.120274397889066,12.11397081747306,12.121607602523358,12.14234447479248,12.113061483200438,12.141906023222242,12.136328058568344,1345
11.458733558654785,11.451620101928711,11.449136734008789,11.456152693981938,11.422626437824402,11.407194877641437,11.383716964370562,11.429949760437012,11.457819460756925,11.435216732178285,11.43661103708176,1346
12.484036445617676,12.44495677947998,12.436198234558105,12.395853829803118,12.45159153367165,12.468332398378854,12.51962810551456,12.487990379333496,12.426157243369449,12.457193883302985,12.453273491102493,1347
12.61460018157959,12.592265129089355,12.589387893676758,12.608785817207572,12.556982832619306,12.526168750802384,12.444920333586314,12.527240753173828,12.537088277977974,12.555271107745897,12.557726996278125,1348
12.40477180480957,12.412919044494629,12.41474723815918,12.395715631413719,12.370096728944619,12.38516678579668,12.471829280215035,12.456592559814453,12.433219149367563,12.41611758033505,12.408176271122159,1349
11.845638275146484,11.876815795898438,11.890061378479004,12.138878620586183,11.964807683150351,11.905914138501812,12.20095478352714,12.016876220703125,11.95240521312067,11.97692801212369,11.936532250697482,1350
12.160597801208496,12.156229019165039,12.166534423828125,12.182220362511734,12.174353889450508,12.041396282551325,12.098721112488928,12.055669784545898,12.068651709410057,12.122708265017792,12.120917090779523,1351
12.084981918334961,12.085529327392578,12.08753776550293,12.091138237472375,12.07320961382843,12.038092941068443,12.011624898045477,12.06026840209961,12.050854763357146,12.064804207455774,12.068340404940184,1352
11.808874130249023,11.848657608032227,11.838756561279297,11.774050302043372,11.819392652013512,11.799782137012256,11.746859982011486,11.791614532470703,11.818106560752506,11.805121607318265,11.822308497413855,1353
12.780191421508789,12.801655769348145,12.797699928283691,12.791677902648845,12.814795793856945,12.90788164717642,12.866881603966625,12.870418548583984,12.873441032663901,12.833849294226372,12.83730767135361,1354
12.358402252197266,12.357114791870117,12.35916805267334,12.367693234875615,12.373633664374385,12.37165101618436,12.320346621134123,12.363761901855469,12.359295912404239,12.359007494174323,12.364465221591097,1355
12.14795207977295,12.13372802734375,12.132918357849121,12.166115602077811,12.141335657715754,12.14964936991118,12.190473353614237,12.165165901184082,12.142129096833331,12.152163049589134,12.143589519577308,1356
11.565664291381836,11.591764450073242,11.59542179107666,11.592228727044917,11.622093049144882,11.658514918366267,11.659492413590543,11.657380104064941,11.632955008134177,11.619501639208607,11.623124394385886,1357
12.019432067871094,12.018168449401855,12.016949653625488,11.99005079694492,12.008225352346876,11.969977695660672,11.984419235626643,11.96951675415039,11.99156795095915,11.99647866184301,11.999018633666655,1358
11.984109878540039,11.989727020263672,11.986849784851074,11.998447435456058,12.008255712366875,12.07107010759959,12.059769715704046,12.032288551330566,12.028937830989651,12.01771733745573,12.015491101789772,1359
12.82387924194336,12.836898803710938,12.838224411010742,12.816948192766386,12.80509780538617,12.821584167813779,12.782841612457124,12.823893547058105,12.825662600078262,12.819447820247207,12.823027847408877,1360
12.187797546386719,12.167903900146484,12.160394668579102,12.118544960406314,12.183018668389499,12.147588793530188,12.18318583844886,12.168966293334961,12.11864215836888,12.15956031417678,12.163039283342417,1361
12.520703315734863,12.533868789672852,12.523006439208984,12.497623259216649,12.510307249324013,12.42458338466761,12.449214585761345,12.439531326293945,12.412633853096214,12.479052466997386,12.48399616797452,1362
11.71576976776123,11.714667320251465,11.72681999206543,11.73433853005755,11.690102967666865,11.7993237055542,11.840003997786484,11.829146385192871,11.863690531753615,11.768207022009967,11.756048456734138,1363
12.039435386657715,12.045753479003906,12.048697471618652,12.034116446658999,12.02550026630053,12.0568874147933,12.01534942808497,12.031112670898438,12.04454903872239,12.037933511415433,12.038937551272603,1364
11.838936805725098,11.868956565856934,11.871596336364746,11.860361818707695,11.842282989011725,11.87625263991294,11.847761752228578,11.90079116821289,11.888491690926983,11.866159085216399,11.870266535939244,1365
12.225075721740723,12.24108600616455,12.244765281677246,12.219488745998783,12.227807882579636,12.234283284780572,12.208930985752414,12.213821411132812,12.215421395222378,12.225631190561012,12.228826980945277,1366
12.167274475097656,12.172098159790039,12.174362182617188,12.207736981183048,12.22409287471643,12.243705523259454,12.271020288423271,12.224077224731445,12.240545053395048,12.21387919591262,12.211585786277402,1367
11.804583549499512,11.806570053100586,11.809847831726074,11.813415457502227,11.750001391554893,11.856831503840207,11.889604128123814,11.859125137329102,11.801186326040892,11.821240597635258,11.803933119149,1368
11.830206871032715,11.817119598388672,11.815455436706543,11.856403982803208,11.842545402058922,11.863868077654018,11.871291633398462,11.872359275817871,11.86081843475534,11.847785412512861,11.843796844651214,1369
12.400039672851562,12.393146514892578,12.397902488708496,12.414908112808078,12.379316132606236,12.388569823998276,12.42153971547571,12.46857738494873,12.447103029862319,12.412344764016886,12.408475165387985,1370
11.601398468017578,11.63692855834961,11.639742851257324,11.60904678228996,11.60358963678218,11.59645712683441,11.596893767217033,11.60351848602295,11.63148353792288,11.613228801632657,11.617643653584041,1371
12.131049156188965,12.10425090789795,12.102319717407227,12.102632996363292,12.032995175596703,12.033670612762247,12.101352094609824,12.092720031738281,12.028380428427438,12.08104123566577,12.064944810094078,1372
12.459076881408691,12.45726203918457,12.455118179321289,12.439756643243289,12.451863674485406,12.376622609462727,12.43944671140915,12.432306289672852,12.465138265492133,12.441843477075567,12.444619000007565,1373
13.124139785766602,13.145177841186523,13.14294719696045,13.088890528739414,13.142809174467306,13.119885378685327,13.147476163965143,13.039549827575684,13.06649650031078,13.113041377517469,13.114074245567314,1374
12.408100128173828,12.404409408569336,12.401956558227539,12.419705949695029,12.437801210109726,12.468116612306115,12.473707765634096,12.368307113647461,12.42854062942302,12.423405041754016,12.41785337102684,1375
12.46788501739502,12.451077461242676,12.44967269897461,12.46823247487913,12.398972005705287,12.473550676191994,12.516561295333519,12.475872993469238,12.475497450821479,12.464146897112549,12.446649652218959,1376
11.410787582397461,11.420939445495605,11.427543640136719,11.439269965420976,11.419217703276244,11.449538211174714,11.481528000706406,11.447752952575684,11.446482133414106,11.438117737177546,11.431302205150326,1377
11.772107124328613,11.757102966308594,11.763008117675781,11.792770829387646,11.852943505611268,11.805418277897978,11.775039234790171,11.787707328796387,11.783466868148635,11.787729361438341,11.796710574644218,1378
11.504186630249023,11.511164665222168,11.516290664672852,11.502511431330767,11.478631733654227,11.45861979536062,11.49545642839986,11.486414909362793,11.495059960790623,11.49425957989366,11.490686633366092,1379
11.91975212097168,11.91921615600586,11.908794403076172,11.913753408119563,11.914406506539558,11.919674193291675,11.838256607369106,11.88538646697998,11.894771333589663,11.90155679954925,11.909151411061217,1380
11.269462585449219,11.221160888671875,11.21300220489502,11.27642060324356,11.269975747313108,11.227573561738144,11.240252634414542,11.149450302124023,11.219181675696735,11.231831133727358,11.223516634186732,1381
12.39382553100586,12.399133682250977,12.398801803588867,12.339010047700809,12.383818360686286,12.311018060859968,12.254185221002267,12.250716209411621,12.28748499695847,12.335332657051682,12.346559296177839,1382
12.003127098083496,12.000174522399902,12.001235008239746,11.998749616878923,11.98019492898152,11.991587582367536,11.96988201941515,12.006836891174316,11.967753726499552,11.991060154893349,11.990283843554076,1383
11.96066951751709,11.948031425476074,11.94592571258545,11.958583959400412,11.975610616053482,11.907401653652814,11.940111138465207,11.906588554382324,11.90998948955574,11.939212451898733,11.939354805589161,1384
11.6240873336792,11.636396408081055,11.64276123046875,11.627025621790212,11.658710516799987,11.565387253476857,11.623693399844614,11.6419677734375,11.620482860776608,11.626723599817197,11.633685358425064,1385
11.599998474121094,11.607686996459961,11.606669425964355,11.616431566828815,11.658846717006773,11.571831268090966,11.487932459833331,11.635635375976562,11.615516894822642,11.600061019900501,11.62336276024904,1386
12.706913948059082,12.707231521606445,12.69572639465332,12.702901810850557,12.640485096182333,12.58133519153092,12.49954503131976,12.70158576965332,12.55839660836073,12.643791263579608,12.65392513074676,1387
11.966455459594727,11.974311828613281,11.964314460754395,11.958926358043756,11.990631758584913,11.970498322441932,11.849929860204682,11.779230117797852,11.866471632532965,11.924529977618722,11.93228443265104,1388
12.78246021270752,12.790361404418945,12.790584564208984,12.756995956762797,12.76911529115102,12.722325107248075,12.763749755826527,12.772322654724121,12.76797535818196,12.76843225613666,12.77149804369353,1389
11.790970802307129,11.795368194580078,11.798925399780273,11.794100212289308,11.793537143546903,11.812973931196327,11.788418099165472,11.802289009094238,11.819533673307463,11.799568496140799,11.801234270959311,1390
12.296232223510742,12.31200122833252,12.316959381103516,12.30398147571357,12.315117647207531,12.32710707603079,12.327060621338086,12.349662780761719,12.33757403290575,12.320632940767135,12.323986423547167,1391
11.8272066116333,11.830281257629395,11.831864356994629,11.810755811485546,11.820987868473491,11.728376117408155,11.754747651538201,11.781129837036133,11.760014380279186,11.79392932138645,11.799423416376873,1392
11.684274673461914,11.697470664978027,11.701628684997559,11.67744046940322,11.713251356112755,11.816587500430549,11.790200292318898,11.766140937805176,11.744791228122622,11.732420645292303,11.73167512010817,1393
11.977241516113281,11.964324951171875,11.966063499450684,11.937554026363177,11.971110641682287,11.881233613475933,11.886341219421118,11.914830207824707,11.904642889390715,11.933704729432641,11.941241305630308,1394
12.323122024536133,12.322093963623047,12.324472427368164,12.334750102180227,12.32317749435908,12.25576637948554,12.26309036148746,12.268473625183105,12.321857568039913,12.304089327362519,12.307031577555396,1395
12.523310661315918,12.542909622192383,12.546319007873535,12.54995775140623,12.51645335494378,12.614856820789614,12.569204224398403,12.572239875793457,12.575422383328112,12.55674152244905,12.552450245430265,1396
12.01090145111084,12.01491928100586,12.007330894470215,11.998082146394994,12.087114411914122,11.95694267429286,12.011274977408382,11.973551750183105,11.992158541239395,12.005808458668861,12.018743027022394,1397
11.870848655700684,11.844844818115234,11.842155456542969,11.813882083801463,11.860526394642642,11.885946322442358,11.852804150395924,11.829893112182617,11.812215909452668,11.84590187814184,11.846366111251992,1398
11.894380569458008,11.84022045135498,11.833839416503906,11.873557485097182,11.8584002112503,11.835698245622776,11.821641129432695,11.858332633972168,11.863926126944849,11.85333291884854,11.850914899257496,1399
11.99590015411377,11.938399314880371,11.93692684173584,11.961163075519352,11.923058110755965,11.951899100130541,11.96269896839259,11.989356994628906,11.998616747055248,11.962002145245842,11.952238870802617,1400
11.741695404052734,11.718658447265625,11.71471118927002,11.723123449617882,11.711869499949549,11.728387914149081,11.721324700524345,11.684172630310059,11.68672006290689,11.714518144227354,11.70784761808865,1401
12.159036636352539,12.154940605163574,12.155961990356445,12.153947248062444,12.173469885520303,12.108967823068266,12.129602323328701,12.12353515625,12.112795526586543,12.141361910520978,12.144246043636143,1402
12.151841163635254,12.168304443359375,12.171564102172852,12.162178921910979,12.123559843455979,12.120805362128234,12.15608152519076,12.159001350402832,12.150055805091089,12.15148805748304,12.147159404681307,1403
12.503787994384766,12.472867012023926,12.474431991577148,12.491119828493947,12.521383969335597,12.430483713676828,12.484196777796285,12.4237699508667,12.473453187902496,12.475054936228632,12.473996316336468,1404
11.44881820678711,11.452306747436523,11.454544067382812,11.495422528020939,11.554467823381664,11.519141624805924,11.544577835373309,11.563464164733887,11.643809705000887,11.51961696699145,11.531772050964971,1405
12.573620796203613,12.577105522155762,12.577004432678223,12.558197109108933,12.536771107751786,12.61555532056386,12.64966323822071,12.633041381835938,12.590881643922359,12.590204505826797,12.580912535774745,1406
11.75188159942627,11.765110969543457,11.766611099243164,11.736828754405488,11.783413513570435,11.79285647186797,11.789313145353779,11.741657257080078,11.745842107691908,11.76372387979806,11.766524396745396,1407
11.611820220947266,11.591253280639648,11.593104362487793,11.576732085763979,11.613215434391815,11.665601882015043,11.69423235862064,11.65236759185791,11.62280149503809,11.624569856862465,11.619048318979665,1408
11.686426162719727,11.665539741516113,11.65656566619873,11.670543490053797,11.754170088855318,11.65105981000398,11.607403036588261,11.600407600402832,11.617087036709485,11.656578070338693,11.670941187449987,1409
12.276325225830078,12.27847957611084,12.28091049194336,12.283474074623413,12.31003073471296,12.221248176042,12.248294057400297,12.30396556854248,12.309605063146595,12.27914810759467,12.28954696443409,1410
12.279875755310059,12.28790283203125,12.290946960449219,12.273339756427799,12.285891796003462,12.31688676415426,12.301877948362819,12.27188777923584,12.294517564473528,12.28923635071647,12.288791649366694,1411
11.921717643737793,11.916882514953613,11.913684844970703,11.907338249679578,11.926364048974492,11.868650385578748,11.935014523325378,11.880744934082031,11.88227909805548,11.905852915928646,11.903828376217318,1412
11.415044784545898,11.414266586303711,11.411420822143555,11.398271499021773,11.44843205896347,11.455423281825874,11.399409299229573,11.438945770263672,11.426069117683992,11.423031468886837,11.433380364575328,1413
12.424971580505371,12.444430351257324,12.446206092834473,12.468285221728717,12.4645406223471,12.476296178512493,12.462137755109941,12.43179702758789,12.47315376504964,12.454646510548107,12.455307970662286,1414
12.111425399780273,12.131879806518555,12.12673282623291,12.115585980691046,12.173465967801471,12.178464147753376,12.203122713752787,12.139683723449707,12.190747773223599,12.152345371022635,12.157628925155063,1415
12.318111419677734,12.295165061950684,12.293755531311035,12.313808611399226,12.341437822031008,12.297735539355143,12.283718299308056,12.279242515563965,12.294370083502848,12.301927209344411,12.305375205758175,1416
11.818410873413086,11.830429077148438,11.828319549560547,11.80098686599307,11.819158352456686,11.687231457401142,11.707380181111052,11.712713241577148,11.719633612702312,11.769362579040385,11.778182132203437,1417
12.667886734008789,12.659738540649414,12.659006118774414,12.666099721461837,12.735736095652486,12.70726524880294,12.718558129855065,12.683183670043945,12.700745040023978,12.68869103325254,12.694839757673735,1418
11.809808731079102,11.821364402770996,11.820510864257812,11.78363039207203,11.787120477957915,11.785800508120486,11.787948519404464,11.799001693725586,11.803348571237612,11.799837128958444,11.802288563542398,1419
12.34593677520752,12.367090225219727,12.366264343261719,12.314203640317782,12.361950040396152,12.321099334645105,12.286297264296806,12.301222801208496,12.286389694075163,12.327828235403164,12.33905029168547,1420
12.062589645385742,12.036630630493164,12.034683227539062,12.067195443398065,12.066817319920315,12.02566994620161,11.992381961837168,12.010270118713379,12.01400451348198,12.03447142299672,12.036313909199412,1421
11.840194702148438,11.826560020446777,11.82487964630127,11.82454568907525,11.868553117716413,11.85832149385109,11.845767257485189,11.843916893005371,11.857170136261756,11.843323217365729,11.848353044621,1422
11.831604957580566,11.816709518432617,11.814867973327637,11.84768337794436,11.847638774213609,11.87517637462661,11.881487436188024,11.884461402893066,11.871482219977048,11.85234578168706,11.849644930973412,1423
12.282892227172852,12.278017044067383,12.2656888961792,12.257237990972577,12.29995456478611,12.250788687318803,12.212052240238414,12.19505500793457,12.22828755346582,12.25221935690397,12.261003907989725,1424
11.813481330871582,11.80685806274414,11.81097412109375,11.827799527294955,11.809992662580136,11.863357049651276,11.880113909437593,11.863937377929688,11.867125116749554,11.838182128705853,11.831148964989666,1425
11.936447143554688,11.954194068908691,11.95531940460205,11.953156561630166,11.906083208834298,11.925482724985374,11.907297655425692,11.893997192382812,11.882100971910399,11.92378654802602,11.91840362409136,1426
12.483526229858398,12.481882095336914,12.479378700256348,12.469290556518544,12.501419367720958,12.453427661048966,12.48540420083095,12.417632102966309,12.4560656732509,12.469780731976476,12.470443162172742,1427
11.88027286529541,11.860992431640625,11.85791015625,11.846276886735529,11.81961970913829,11.847277124048242,11.85488582457647,11.848581314086914,11.853975503064804,11.852199090537365,11.845384421064306,1428
11.550947189331055,11.552586555480957,11.555765151977539,11.58136463300431,11.58477372063445,11.67606457456796,11.605431282171663,11.604398727416992,11.6376081769175,11.594326667944713,11.594422161363854,1429
12.196249961853027,12.177075386047363,12.174505233764648,12.200689270580234,12.177422642706013,12.15893844657166,12.090660126632391,12.09719467163086,12.13834571148804,12.15678682791936,12.157198975444079,1430
12.169111251831055,12.162981033325195,12.159246444702148,12.14579565985958,12.199001806300647,12.120137219386676,12.083445154765021,12.141128540039062,12.089868033780196,12.141190571554397,12.154446153742803,1431
11.803712844848633,11.80496597290039,11.810826301574707,11.791957458645857,11.828466744437419,11.806363248319856,11.832736120957216,11.80268383026123,11.787002499187537,11.807635002348094,11.808569958505203,1432
11.544875144958496,11.528748512268066,11.52685260772705,11.530235751125218,11.566091942537254,11.64347009524714,11.630075622664974,11.63822078704834,11.590956799655821,11.577725251470262,11.57689027958297,1433
12.179282188415527,12.175460815429688,12.174784660339355,12.179392482502466,12.177136322744367,12.1586623547724,12.085448587762077,12.13564395904541,12.146753590168657,12.156951662353327,12.16381464138228,1434
12.014694213867188,12.02918815612793,12.030517578125,12.0073869332386,12.04332843145275,11.97607004861638,11.97941081227422,11.962469100952148,11.97230214359554,12.00170749091664,12.008903675853798,1435
12.000481605529785,12.028332710266113,12.022085189819336,12.016690070613123,12.051489811199847,11.966941257335279,11.928469962541222,12.001620292663574,11.95138533354101,11.996388470389922,12.013068321012966,1436
11.653610229492188,11.659895896911621,11.659249305725098,11.672707562127687,11.68540126375784,11.701607467690012,11.660080305393773,11.710958480834961,11.679099104553652,11.675845512942981,11.681921545488873,1437
12.75418472290039,12.757242202758789,12.758044242858887,12.751477193639733,12.774033973450482,12.876605094579682,12.720726285442648,12.787869453430176,12.881522391361388,12.784633951158021,12.796737386079299,1438
11.871074676513672,11.896946907043457,11.906354904174805,11.903058991735847,11.916089900601559,11.87856910735712,11.888116091575444,11.900276184082031,11.909115458534785,11.896622469068747,11.902493404812123,1439
12.11423397064209,12.119593620300293,12.120076179504395,12.097470822714175,12.106317823579383,12.11370129808585,12.152143566924934,12.126940727233887,12.133829663833733,12.120478630313194,12.118563485551153,1440
12.289234161376953,12.28886604309082,12.283146858215332,12.298144330659923,12.332592438008156,12.250332175338897,12.256377717022891,12.236961364746094,12.223973857446948,12.27329210510067,12.279316033011822,1441
11.841008186340332,11.839744567871094,11.84278392791748,11.869717978137036,11.855605402983928,11.860113427001165,11.854661676320356,11.869778633117676,11.876596624974404,11.856667824962607,11.856144634272784,1442
12.797542572021484,12.823689460754395,12.821121215820312,12.7733023209668,12.805728852718348,12.74641887227886,12.730134943127323,12.759367942810059,12.740445519017552,12.777527966612793,12.78880098140047,1443
11.558255195617676,11.563916206359863,11.566746711730957,11.586717323362356,11.56546466362981,11.505958950637332,11.54641685828143,11.539531707763672,11.553496672149787,11.55405603217032,11.55299568538907,1444
12.112717628479004,12.14017105102539,12.143817901611328,12.13000622990974,12.095790555801885,12.163973015830164,12.13994028552805,12.140226364135742,12.120496187344232,12.131904357740616,12.127799076908357,1445
11.803709030151367,11.81312370300293,11.806901931762695,11.745149636706751,11.794542673289723,11.771900857948284,11.643994703548563,11.691259384155273,11.651661294830399,11.746915912821775,11.761606397293514,1446
11.894204139709473,11.895989418029785,11.891753196716309,11.887322211127266,11.930983984625632,11.957187109802573,11.899153270729363,11.875165939331055,11.875152283315874,11.90076795037637,11.905598523036568,1447
12.428496360778809,12.439273834228516,12.443060874938965,12.441101532221193,12.435113164345013,12.48809882862698,12.481786263724674,12.512369155883789,12.525008537398964,12.466034283571878,12.466938089835269,1448
11.634822845458984,11.630537986755371,11.625329971313477,11.651330362928709,11.620376854558216,11.565442752733787,11.513445114780161,11.505983352661133,11.542318123745599,11.58773192943727,11.588847928956552,1449
11.359773635864258,11.374954223632812,11.37701416015625,11.212126725904454,11.268068636361358,11.355293932020102,11.342891395578723,11.312637329101562,11.342965793712983,11.327302870259166,11.329534664716299,1450
11.7666654586792,11.755467414855957,11.757716178894043,11.890235523940305,11.909833026690691,11.78369693175142,11.8208327393622,11.786357879638672,11.783337229840853,11.806015820405927,11.809135407820655,1451
12.446885108947754,12.426013946533203,12.424911499023438,12.43659281149212,12.477157513177222,12.472959140254144,12.39205703195585,12.434932708740234,12.450155413024545,12.440185019238724,12.449618338327767,1452
11.787938117980957,11.756893157958984,11.752285957336426,11.785842747550852,11.781136718168842,11.831834410876752,11.872533766124304,11.796247482299805,11.845289438949097,11.801111310805114,11.790052966977413,1453
11.791837692260742,11.77889347076416,11.774456977844238,11.753515464532938,11.86162431458867,11.795629318886592,11.853904232634601,11.797245025634766,11.800867110628515,11.80088595641947,11.809109176030343,1454
12.15506362915039,12.15369701385498,12.148784637451172,12.13551723494491,12.162189852764836,12.127215092677627,12.09655105531213,12.113378524780273,12.112866109450014,12.133918127820705,12.141087941260665,1455
12.068570137023926,12.077739715576172,12.081046104431152,12.04790507564433,12.079350146173521,12.06286745303678,12.038643753306099,12.067724227905273,12.067360511167088,12.065689680473817,12.073576817645854,1456
12.23999309539795,12.239306449890137,12.232653617858887,12.223217421651867,12.260417499062143,12.240847318802306,12.248591241465117,12.23266315460205,12.245968753935097,12.24040650585173,12.245102304563398,1457
12.408548355102539,12.434158325195312,12.427721977233887,12.331087659233892,12.438372556494823,12.390915003156412,12.461243016408583,12.458931922912598,12.471356969738522,12.424703976164063,12.440011844420708,1458
11.879145622253418,11.854395866394043,11.85193920135498,11.841368232395464,11.815959913065816,11.889920794330138,11.88658921639907,11.894072532653809,11.875706817044225,11.865455355098996,11.856931551360429,1459
11.9562406539917,11.929471015930176,11.927427291870117,11.94642737349371,11.893097590637419,11.945634240585807,11.962199942473905,11.945402145385742,11.92432944029515,11.93669218829597,11.923048659601701,1460
