ridge,elasticnet,gradient_boosting,random_forest,blend_equal,blend_optimized,Id
12.227206230163574,12.23213005065918,12.239604698187465,12.238022684177439,12.234240915796914,12.23429118305357,1
12.15122127532959,12.140305519104004,12.02272579767085,12.035337947376265,12.087397634870177,12.106309890019054,2
12.267532348632812,12.275848388671875,12.275837182221775,12.290018293626776,12.27730905328831,12.275845148569617,3
12.039841651916504,12.064085006713867,12.078586987578259,12.14846760561835,12.082745312956746,12.068277940295049,4
12.577381134033203,12.57719898223877,12.594410887160977,12.553171338577993,12.575540585502736,12.5821754316507,5
11.975646018981934,12.001008987426758,12.001351496853076,11.982203369257864,11.990052468129907,12.001108016606903,6
12.569731712341309,12.572528839111328,12.551325144535985,12.58061128214084,12.568549244532367,12.566398250203411,7
12.287076950073242,12.286815643310547,12.348408660897535,12.345369052496219,12.316917576694385,12.304623929931642,8
11.731260299682617,11.74592399597168,11.635351999151554,11.923830728708777,11.759091755878657,11.713954498636067,9
11.779363632202148,11.70414924621582,11.663731671752046,11.72655336933845,11.718449479877115,11.692463380207327,10
11.787737846374512,11.786382675170898,11.764009103088611,11.816425423430173,11.788638762016049,11.779913841527273,11
12.886852264404297,12.884803771972656,12.800036708173561,12.751709162223111,12.830850476693406,12.860295211955592,12
11.816518783569336,11.798726081848145,11.823763695812994,11.7787289439944,11.804434376306219,11.805965165485583,13
12.294374465942383,12.299047470092773,12.255632878100885,12.284795585129105,12.283462599816286,12.286495081396481,14
11.934990882873535,11.943657875061035,11.993605331744947,11.952247665296147,11.956125438743916,11.95809910004836,15
11.786648750305176,11.770392417907715,11.741022491987554,11.705914243524019,11.750994475931115,11.761900740128041,16
11.988643646240234,11.994678497314453,11.91665271996512,11.873376819721537,11.943337920810336,11.972119034224207,17
11.593389511108398,11.616754531860352,11.553404238433183,11.592888247296889,11.589109132174706,11.598438167001492,18
11.96235179901123,11.933066368103027,11.944532170294645,11.943501124246858,11.94586286541394,11.936381456399857,19
11.667813301086426,11.66963005065918,11.734940520946946,11.810733629557939,11.720779375562623,11.688513158190005,20
12.662525177001953,12.669391632080078,12.676944757663803,12.649932879379747,12.664698611531396,12.67157545470397,21
11.723295211791992,11.72725772857666,11.733776042245642,11.633145013901188,11.704368499128872,11.729142357754627,22
12.346761703491211,12.36363410949707,12.372854702319724,12.29767648026525,12.345231748893315,12.36630004414738,23
11.88271713256836,11.898017883300781,11.894476908078852,11.852735068850725,11.88198674819968,11.896994087030674,24
11.926337242126465,11.896340370178223,11.880843096503796,11.837163774570731,11.885171120844804,11.891859669244063,25
12.423223495483398,12.407130241394043,12.46774622300863,12.42721258604404,12.431328136482529,12.424656039231227,26
11.805268287658691,11.807232856750488,11.834844073880582,11.780750305975884,11.807023881066412,11.815216041985984,27
12.582886695861816,12.575582504272461,12.609431279164234,12.595964487983688,12.59096624182055,12.58536914419791,28
12.240489959716797,12.228341102600098,12.144228573775976,12.018286675283147,12.157836577844005,12.20402178719053,29
11.151480674743652,11.152234077453613,11.01434022772651,11.077474263589366,11.098882310878285,11.112365058278538,30
11.45851993560791,11.364266395568848,11.519950834471315,11.496735764676252,11.459868232581082,11.409279178170447,31
11.855993270874023,11.828219413757324,11.844881835866113,11.858024935143717,11.846779863910294,11.833036992118313,32
12.178443908691406,12.189016342163086,12.116874711125865,12.114330504312841,12.1496663665733,12.168158152498815,33
12.041478157043457,12.076921463012695,12.035635326394207,11.990857341250306,12.036223071925166,12.064984471074586,34
12.583630561828613,12.582639694213867,12.625543272343698,12.569377943590137,12.590297867994078,12.595044334323074,35
12.636801719665527,12.636580467224121,12.656321439689032,12.642018930490227,12.642930639267227,12.642288141723716,36
11.921886444091797,11.922004699707031,11.891782218589386,11.879553584001636,11.903806736597462,11.913266524062632,37
11.918400764465332,11.913737297058105,11.948654473630341,11.923104269618154,11.925974201192982,11.923832842182513,38
11.809670448303223,11.800172805786133,11.797026305100733,11.79858681087683,11.801364092516728,11.79926306328196,39
11.252208709716797,11.274385452270508,11.290049189232734,11.368634806788256,11.296319539502074,11.278914282457905,40
11.830010414123535,11.847123146057129,11.880661391713861,11.960325433940415,11.879530096458733,11.856820003181888,41
12.033272743225098,12.044800758361816,11.987719607957553,11.955153431232691,12.00523663519429,12.028296980386898,42
11.859155654907227,11.860435485839844,11.805892401038273,11.811401514444182,11.83422126405738,11.844665534546692,43
11.79967975616455,11.800654411315918,11.806686205044377,11.784432539611744,11.797863228034148,11.80239837379355,44
11.901817321777344,11.901313781738281,11.869138462158848,11.84180254236176,11.878518027009058,11.892010985160947,45
12.59532356262207,12.59737491607666,12.643857933551033,12.59650126248975,12.608264418684879,12.610814473523703,46
12.494044303894043,12.47733211517334,12.614295343982267,12.585062185261389,12.54268348707776,12.51693206547185,47
12.407135963439941,12.403033256530762,12.407159281637881,12.386371364775474,12.400924966596016,12.404226207300056,48
11.502713203430176,11.501250267028809,11.533404136495333,11.637815032097455,11.543795659762944,11.510546861770711,49
11.784008026123047,11.793423652648926,11.790534865402249,11.771376798837347,11.784835835752892,11.792588422402194,50
12.073209762573242,12.066603660583496,12.10189686143108,12.079535494547317,12.080311444783783,12.076807924980546,51
11.702723503112793,11.727290153503418,11.730812115220031,11.671471603081804,11.708074343729512,11.728308452430394,52
11.434527397155762,11.56655216217041,11.624018477309166,11.632133849118192,11.564307971438382,11.583167302183705,53
12.732768058776855,12.713324546813965,12.895377456911211,12.745662412630468,12.771783118783125,12.76596120158798,54
11.683428764343262,11.676227569580078,11.700016253120145,11.759116671608787,11.704697314663068,11.683105552043298,55
12.033884048461914,12.030576705932617,11.993815209359104,11.99563719783513,12.013478290397192,12.01994791563708,56
12.154336929321289,12.158793449401855,12.226875747559946,12.243701331196306,12.195926864369849,12.178477970909668,57
12.158685684204102,12.167243957519531,12.168227466566892,12.206582426548154,12.175184883709669,12.16752831785283,58
13.029839515686035,13.039949417114258,12.985963920309201,12.903236205058873,12.989747264542093,13.024340680310141,59
11.708162307739258,11.722318649291992,11.69777911435114,11.704782349843587,11.708260605306496,11.71522357441345,60
12.10200023651123,12.104290008544922,12.057494318731166,12.019586682973816,12.070842811690284,12.090760048665002,61
11.4851713180542,11.544966697692871,11.492773195240988,11.405859692120725,11.482192725777196,11.529876077232373,62
12.24466323852539,12.228782653808594,12.245061151301526,12.305879092909649,12.25609653413629,12.233489228684643,63
11.878458976745605,11.876943588256836,11.756200257216005,11.91542287430989,11.856756424132085,11.842033269993502,64
12.313985824584961,12.331171035766602,12.414673915758454,12.353806819700301,12.35340939895258,12.355314084424379,65
12.573296546936035,12.578413009643555,12.643242371327615,12.64774893650275,12.61067521610249,12.597157015044846,66
12.416781425476074,12.401942253112793,12.498446501091797,12.44363838273538,12.440202140604011,12.429844365649108,67
12.294620513916016,12.295165061950684,12.274134582570971,12.264408917394737,12.282082268958103,12.289084554463873,68
11.248621940612793,11.24306583404541,11.23606175535204,11.388102559731571,11.278963022435454,11.241040756434753,69
12.331709861755371,12.2979736328125,12.392930821421821,12.349849099429202,12.343115853854723,12.325428446649148,70
12.5125150680542,12.537788391113281,12.432458255259382,12.611080133897527,12.523460462081097,12.507334464311011,71
11.666890144348145,11.666329383850098,11.675655263888268,11.713532315950197,11.680601777009176,11.669025760017725,72
12.156211853027344,12.16004467010498,12.19233542485533,12.159379009574305,12.16699273939049,12.169380842261079,73
11.855931282043457,11.867566108703613,11.86211309609095,11.876622978541794,11.865558366344954,11.86598948824631,74
11.57495403289795,11.5835599899292,11.542362268029951,11.664927098159318,11.591450847254103,11.571648561191651,75
11.479515075683594,11.486371994018555,11.486284533095025,11.470169684372308,11.48058532179237,11.486346706587359,76
11.640753746032715,11.638107299804688,11.60933006120647,11.6025864839789,11.622694397755694,11.629786984723568,77
11.739410400390625,11.685240745544434,11.698008073508833,11.744498812761512,11.71678950805135,11.688932141820878,78
11.678441047668457,11.693246841430664,11.722258154221484,11.804563808861873,11.72462746304562,11.701634833993353,79
11.6954984664917,11.67380142211914,11.61438325354063,11.643194212345218,11.656719338624171,11.656621945970691,80
12.200244903564453,12.19114875793457,12.262124357996031,12.236354805107455,12.222468206150626,12.211669815004289,81
12.02629566192627,12.036853790283203,12.062479800646624,12.069873580437358,12.048875708323365,12.044262995991668,82
12.41010856628418,12.395578384399414,12.43001776808707,12.393635866738743,12.407335146377351,12.405535786062638,83
11.743779182434082,11.756650924682617,11.765671426336821,11.782077358558036,11.762044723002889,11.759259007306548,84
12.024401664733887,12.01852798461914,12.052708860067801,12.04892209140795,12.036140150207196,12.028410644225648,85
12.488492965698242,12.482484817504883,12.497997675060674,12.551590348512034,12.505141451693959,12.486970024180716,86
12.119123458862305,12.110335350036621,12.101979837452859,12.073227607677167,12.101166563507238,12.107919534595403,87
11.995560646057129,11.998493194580078,12.003858450510787,11.947845008094111,11.986439324810528,12.000044442094046,88
10.965563774108887,10.91124153137207,11.237103221953912,11.245734262175866,11.089910697402685,11.005457379402579,89
11.708256721496582,11.70598316192627,11.720244403727602,11.700240542739115,11.708681207472393,11.710106491022986,90
11.585235595703125,11.551531791687012,11.533270963981002,11.515762783591457,11.546450283740649,11.546252068977083,91
11.60129451751709,11.605485916137695,11.733657461248049,11.843726395321852,11.696041072556172,11.6425439415668,92
11.903983116149902,11.883618354797363,11.806370341400418,11.752010757494158,11.83649564246046,11.861283765303675,93
12.053109169006348,11.912396430969238,12.188189453810587,12.220599115363015,12.093573542287297,11.992136008461454,94
12.173795700073242,12.1756591796875,12.189192319251644,12.224489839523427,12.190784259633954,12.179571993796685,95
12.125492095947266,12.09980583190918,12.014517884563418,12.019527898131834,12.064835927637924,12.07514666969955,96
12.285821914672852,12.2784423828125,12.320314859105466,12.343893208581799,12.307118091293153,12.290548902164424,97
11.675494194030762,11.650771141052246,11.70324907707053,11.746955584558746,11.694117499178072,11.665943999316209,98
11.20472526550293,11.249571800231934,11.328201522508923,11.36086929356734,11.28584197045278,11.272305880913533,99
11.624319076538086,11.624385833740234,11.704506133071568,11.761256225952113,11.678616817325501,11.64755088248371,100
12.281341552734375,12.290181159973145,12.216403953638613,12.195767918992694,12.245923646334706,12.268850079146436,101
12.053638458251953,12.052982330322266,12.054213827426832,12.093116274723403,12.063487722681113,12.053338391029637,102
11.638221740722656,11.652137756347656,11.705694035830417,11.793111609563626,11.697291285616089,11.667622394262036,103
12.126443862915039,12.129812240600586,12.169559819693553,12.159333691906925,12.146287403779025,12.141304391963077,104
11.937317848205566,11.925929069519043,11.906951391681158,11.95818945535713,11.932096941190725,11.920442085124058,105
12.448614120483398,12.455365180969238,12.477615790955891,12.501976214047222,12.470892826613937,12.461798462786888,106
11.41091537475586,11.417378425598145,11.426738363027326,11.436530717164635,11.422890720136492,11.420084648722527,107
11.404496192932129,11.391148567199707,11.512295057968046,11.488897661329927,11.449209369857453,11.426175450363786,108
11.702279090881348,11.735767364501953,11.709686601133548,11.781121132660079,11.732213547294233,11.728226676814336,109
12.241729736328125,12.25731086730957,12.165369804417358,12.193639278105163,12.214512421540054,12.23072810087959,110
11.894927024841309,11.908626556396484,11.94590710644805,11.99482756268001,11.936072062591462,11.919405419759897,111
12.055669784545898,12.05111312866211,12.099006771685955,12.056297171930334,12.065521714206074,12.064960537925547,112
12.761981010437012,12.758530616760254,12.706683892445565,12.686545102974486,12.72843515565433,12.743540259685169,113
12.325691223144531,12.382153511047363,12.301402782447118,12.328777014493166,12.334506132783044,12.358806187339049,114
12.36663818359375,12.348702430725098,12.328205785153106,12.237608411672612,12.32028870278614,12.342776269718268,115
12.048364639282227,12.034520149230957,12.024210213869102,12.03378610185121,12.035220276058375,12.03153925478607,116
11.674826622009277,11.707474708557129,11.791682495599666,11.810958071145699,11.746235474327943,11.73182156581678,117
11.90709400177002,11.889559745788574,11.910084569872554,11.865694220788807,11.89310813455499,11.89549405400166,118
12.641156196594238,12.655439376831055,12.690894885408085,12.63069843256385,12.654547222849306,12.665690568991671,119
12.118643760681152,12.118762016296387,12.033934540646113,12.057449941555499,12.082197564794788,12.094235989501376,120
12.050040245056152,12.031171798706055,11.976613885148367,11.9086361767827,11.991615526423319,12.015397559999336,121
11.44021987915039,11.470678329467773,11.506717962107833,11.552664320675774,11.492570122850443,11.481098408446154,122
11.873412132263184,11.86067008972168,11.842650554087916,11.840111665404656,11.85421111036936,11.855460131386844,123
11.959953308105469,11.96677303314209,11.972760500062705,12.046431555109638,11.986479599104975,11.968504179483574,124
12.002171516418457,12.029934883117676,12.05075843867022,12.066237596782532,12.037275608747223,12.035955563062872,125
11.37805461883545,11.45553970336914,11.331092262788498,11.286649427545566,11.362834003134665,11.419558422081993,126
11.756543159484863,11.733647346496582,11.762185496968726,11.700895698533131,11.738317925370826,11.741898534425898,127
11.393927574157715,11.38890266418457,11.463082907881324,11.464345367839448,11.427564628515764,11.410350274532753,128
11.85151481628418,11.85369873046875,11.884618760156547,11.887025964948656,11.869214567964534,11.862638587169801,129
11.807106018066406,11.83533763885498,11.872036944262497,11.832814640966648,11.836823810537632,11.845948447922245,130
12.332501411437988,12.323188781738281,12.276713052197776,12.273145221621823,12.301387116748968,12.309751331439424,131
12.317835807800293,12.301319122314453,12.256467317865681,12.266873007238729,12.28562381380479,12.288351194773496,132
11.949333190917969,11.940529823303223,11.94424115934736,11.890355933841272,11.931115026852455,11.941602875714203,133
12.263381958007812,12.27821159362793,12.27393668462066,12.267855645668678,12.27084647048127,12.276975596304483,134
12.068589210510254,12.052555084228516,12.03985271524835,12.022918469862416,12.045978869962385,12.048882469435025,135
12.131062507629395,12.137310981750488,12.145561040070344,12.113380554129822,12.131828770895012,12.139696307375967,136
11.856497764587402,11.851750373840332,11.874102310252674,11.911893494245675,11.87356098573152,11.85821295199873,137
12.17935848236084,12.206320762634277,12.259551017854633,12.337341693318121,12.245642989041968,12.221711137696506,138
12.438560485839844,12.418070793151855,12.38855438501718,12.38210568672492,12.40682283768345,12.409536763213396,139
12.237728118896484,12.237913131713867,12.267502524167686,12.222129375795394,12.241318287643356,12.246468263487001,140
11.505248069763184,11.511312484741211,11.59379895248915,11.583031370531975,11.54834771938138,11.535161659819254,141
12.39378547668457,12.403457641601562,12.49433305326813,12.509607451800044,12.450295905838576,12.429732298067009,142
11.717466354370117,11.723625183105469,11.688593390933303,11.769508290529368,11.724798304734565,11.713496499363494,143
12.316906929016113,12.322123527526855,12.295566485905777,12.295769766133398,12.307591677145536,12.314445134301057,144
11.827184677124023,11.87419605255127,11.817026078625014,11.934692786686238,11.863274898746635,11.857666593179331,145
11.823873519897461,11.822593688964844,11.806210188203586,11.87949877824346,11.833044043827337,11.817856754668657,146
11.596061706542969,11.60335636138916,11.514713896878915,11.444265160432623,11.539599281310917,11.577727313217114,147
12.302033424377441,12.302227973937988,12.22897309812619,12.254154647501931,12.271847285985888,12.281047913665624,148
11.964737892150879,11.942368507385254,11.921176981440876,11.942351773836577,11.942658788703397,11.936241436773349,149
11.622442245483398,11.599209785461426,11.574126960504632,11.684335042539615,11.620028508497267,11.591957630045165,150
11.816803932189941,11.804946899414062,11.817773338400015,11.82371338708035,11.815809389271092,11.808655386361746,151
12.674650192260742,12.679969787597656,12.706866379249373,12.655337706604707,12.67920601642812,12.687746354358456,152
12.118596076965332,12.126031875610352,12.140937309014737,12.130012503197301,12.12889444119693,12.130341458752664,153
12.262514114379883,12.243101119995117,12.18738863590518,12.065081614064376,12.189521371086139,12.226993062232797,154
11.506898880004883,11.504919052124023,11.740157729900535,11.725742759377152,11.619429605351648,11.572933219351585,155
11.384827613830566,11.38499641418457,11.376257572844306,11.410371224325836,11.38911320629632,11.382469767538238,156
11.66614055633545,11.645524978637695,11.592677839912517,11.536283241618658,11.61015665412608,11.63024537340982,157
12.55433464050293,12.559804916381836,12.498416506984858,12.425027216307807,12.509395820044357,12.542055787786042,158
12.39574909210205,12.393972396850586,12.302738934786545,12.349703436737602,12.360540965119196,12.367594217869883,159
12.578643798828125,12.552212715148926,12.62306240572808,12.537071966768991,12.57274772161853,12.572697368219668,160
12.067999839782715,12.049312591552734,12.001834104450277,12.019231038037892,12.034594393455905,12.035585215629606,161
12.878259658813477,12.878235816955566,12.924067105505424,12.916817361873841,12.899344985787076,12.891486941103807,162
12.448457717895508,12.430425643920898,12.377829335709611,12.378336356005256,12.408762263382819,12.415218560901867,163
11.4149808883667,11.409390449523926,11.434536955545303,11.477297545521713,11.434051459739411,11.41666101694036,164
11.90754508972168,11.89842700958252,11.847773705407306,11.86364356709714,11.879347342952162,11.88378170408529,165
11.705309867858887,11.689358711242676,11.744889801937418,11.716152269465256,11.713927662626059,11.705414323034669,166
12.139349937438965,12.16496753692627,12.092494106396517,12.107235037258945,12.126011654505174,12.144013414627178,167
12.77243423461914,12.767231941223145,12.856702603732838,12.780354782793461,12.794180890592147,12.793100444903805,168
12.165205001831055,12.176311492919922,12.193551194734445,12.215367075473404,12.187608691239706,12.181295979201044,169
12.303682327270508,12.314626693725586,12.442619430947415,12.390134452355529,12.362765726074759,12.3516330207276,170
11.709882736206055,11.74560546875,11.625952656272203,11.636410416877258,11.679462819526378,11.711010450303057,171
12.290480613708496,12.271219253540039,12.15576452878912,12.022035814097157,12.184875052533704,12.237838021207654,172
12.300235748291016,12.290488243103027,12.258944730304096,12.22656964489345,12.269059591647897,12.281368119768167,173
11.946907997131348,11.959168434143066,11.909232609558055,11.943343743912925,11.939663196186348,11.944730572325131,174
12.141117095947266,12.142634391784668,12.079643324343492,12.183120778004144,12.136628897519893,12.124421889337018,175
12.264627456665039,12.269333839416504,12.315838518830418,12.314970945989652,12.291192690225403,12.282779659944058,176
12.300274848937988,12.294648170471191,12.230853372433883,12.297540948067144,12.280829334977552,12.276203286734512,177
12.067073822021484,12.065471649169922,11.974618262646112,12.015374688306581,12.030634605536024,12.03920336079733,178
13.057765007019043,13.066973686218262,13.004621703346993,12.919355987510238,13.012179096023633,13.048945961228219,179
11.578670501708984,11.588167190551758,11.6793704317939,11.603322743829274,11.612382716970979,11.614536631836547,180
12.00395679473877,12.006416320800781,12.068387582842504,12.040065566194114,12.029706566144043,12.02433396861129,181
12.037862777709961,12.022523880004883,12.162838835618746,12.0351636281619,12.06459728037387,12.0630929094938,182
11.747196197509766,11.707171440124512,11.625093447940422,11.655628621404455,11.683772426744788,11.683440366906124,183
12.160470008850098,12.193927764892578,12.252394546298113,12.236907689564502,12.210925002401323,12.210832168051788,184
11.750972747802734,11.743212699890137,11.662609035480234,11.711179605757899,11.71699352223275,11.719907896606308,185
12.649251937866211,12.667911529541016,12.713636806149255,12.797867700984856,12.707166993635333,12.68113200263309,186
12.146369934082031,12.135279655456543,12.068558542096044,12.077230350462349,12.106859620524242,12.115988691042855,187
11.752985954284668,11.75411605834961,11.765935248547915,11.769162416149754,11.760549919332988,11.757533321132415,188
11.906416893005371,11.906402587890625,11.892094258176225,11.943880393779901,11.912198533213031,11.902265644344007,189
12.481986999511719,12.506694793701172,12.524497316846874,12.490237494066685,12.500854151031612,12.511842007576668,190
12.42274284362793,12.457194328308105,12.605621156484414,12.485304813843358,12.492715785565952,12.500108730004543,191
12.1552095413208,12.179229736328125,12.053098977784227,12.040007507803121,12.10688644080907,12.142761760121024,192
12.165839195251465,12.180933952331543,12.184803660837726,12.186067375892582,12.17941104607833,12.18205279470878,193
11.86325454711914,11.888264656066895,11.808890484667591,11.914820728825694,11.868807604169831,11.865315334050086,194
11.6920166015625,11.693074226379395,11.668707845236975,11.675995996513844,11.682448667423177,11.686029215170288,195
11.856768608093262,11.863519668579102,11.885474222981015,11.925066873125546,11.882707343194731,11.869867352338474,196
12.715788841247559,12.68607234954834,12.595636890382115,12.538043227604076,12.633885327195523,12.65992489581679,197
12.551290512084961,12.466767311096191,12.707525796466395,12.762759641437544,12.622085815271273,12.536377411102709,198
11.685181617736816,11.659374237060547,11.800408662222942,11.895581009781708,11.760136381700503,11.700151285582098,199
12.633856773376465,12.642779350280762,12.693465702830608,12.628758936200423,12.649715190672065,12.657434210999522,200
11.796652793884277,11.778290748596191,11.920661741546313,11.897664892665315,11.848317544173025,11.81945423673679,201
12.026241302490234,12.038153648376465,12.022603246157857,12.002568079691937,12.022391569179124,12.033657586474787,202
11.669382095336914,11.661352157592773,11.640038265455912,11.715567298022377,11.671584954101995,11.655189707447377,203
11.83002758026123,11.832647323608398,11.877315330962556,11.891171779211046,11.85779050351081,11.845562110201417,204
11.585922241210938,11.620938301086426,11.60427766127244,11.666829929221642,11.619492033197862,11.616121238037367,205
12.127670288085938,12.117151260375977,12.079216625208069,12.124504990044857,12.11213579092871,12.106183282471946,206
11.769698143005371,11.7586030960083,11.851241178358142,11.878068559085127,11.814402744114236,11.785387390513513,207
11.70883560180664,11.719996452331543,11.86378895596524,11.82091319794783,11.778383552012814,11.761570939489236,208
12.397543907165527,12.431831359863281,12.385991580114016,12.403858932143347,12.404806444821542,12.418577780668695,209
11.964509963989258,11.984355926513672,11.987770449725602,11.919700844018708,11.96408429606181,11.985343161924677,210
11.397570610046387,11.415510177612305,11.387802321827941,11.553373812258195,11.438564230436207,11.407499051403608,211
11.99552059173584,11.99164867401123,12.012300268979368,12.002133968800434,12.000400875881718,11.997619635278975,212
12.418471336364746,12.427803039550781,12.384719018577632,12.324968914047565,12.388990577135182,12.41534622830273,213
11.972497940063477,11.96092700958252,11.918642712269925,11.86763660264324,11.92992606613979,11.948701421104884,214
11.938082695007324,11.950112342834473,11.897103307358961,11.882292374009507,11.916897679802567,11.934785928668735,215
11.799246788024902,11.782869338989258,11.845978736689094,11.877545611288554,11.826410118747951,11.801116054067572,216
12.271527290344238,12.264113426208496,12.226117655991974,12.229640491933774,12.24784971611962,12.25312777242965,217
11.407441139221191,11.407816886901855,11.405830920424672,11.553111026723535,11.443549993317813,11.40724268772099,218
12.360830307006836,12.400854110717773,12.354628978198688,12.252319834510384,12.342158307608422,12.38748911511847,219
12.033479690551758,12.028454780578613,12.094534597833368,12.059978176455003,12.054111811354685,12.047560328117022,220
12.212729454040527,12.22504711151123,12.278462776140827,12.31174380227306,12.25699578599141,12.240491093687243,221
12.252341270446777,12.24919605255127,12.222164856959099,12.295871666101728,12.254893461514719,12.241380567977286,222
12.049025535583496,12.040903091430664,12.022513361791564,12.027248094316443,12.034922520780542,12.035586099519445,223
11.587520599365234,11.589282035827637,11.715902145214162,11.743730168896183,11.659108737325804,11.625891497229087,224
12.940839767456055,12.939149856567383,12.873734519765389,12.967833858239922,12.930389500507188,12.920236429155906,225
11.481310844421387,11.48525619506836,11.488538900235492,11.575761520883546,11.507716865152195,11.486205318147551,226
12.439441680908203,12.42883014678955,12.43939509235353,12.521731944908973,12.457349716240063,12.43188477190958,227
11.489255905151367,11.504395484924316,11.42124719921022,11.481080925457663,11.473994878685891,11.480354959519662,228
11.630823135375977,11.64419937133789,11.745879678886002,11.740818532665786,11.690430179566413,11.673598029359159,229
12.130436897277832,12.126527786254883,12.184095236187849,12.187262540958958,12.157080615169882,12.143172167202836,230
11.784355163574219,11.798443794250488,11.801816286453892,11.818250318299155,11.800716390644439,11.79941887730598,231
12.730676651000977,12.734193801879883,12.834815185182105,12.780354073051692,12.770009927778665,12.763286294897073,232
11.437406539916992,11.444883346557617,11.480927731705973,11.448004790742482,11.452805602230766,11.455304799620809,233
11.78856086730957,11.764266014099121,11.838771447995104,11.784600395259877,11.794049681165918,11.785807646148157,234
12.298943519592285,12.283913612365723,12.230863501606885,12.237295618433565,12.262754062999614,12.26857532217171,235
11.430070877075195,11.360965728759766,11.33753453475222,11.45892765166961,11.396874698064199,11.354191106649857,236
12.144942283630371,12.152300834655762,12.089590042708593,12.156321458628092,12.135788654905705,12.13416936779503,237
12.316720008850098,12.32758903503418,12.272807471975606,12.251141720969294,12.292064559207294,12.311750132919652,238
12.506197929382324,12.506166458129883,12.466435822565627,12.46163391734099,12.485108531854706,12.494679205621637,239
11.687942504882812,11.706398010253906,11.696734462968637,11.786127990455553,11.719300742140227,11.703604004917352,240
12.437178611755371,12.450200080871582,12.532480605088235,12.485989961327222,12.476462314760603,12.473989711839325,241
11.494178771972656,11.522038459777832,11.435868741679982,11.47259841124114,11.481171096167902,11.497124352658819,242
11.463502883911133,11.481468200683594,11.520459584911007,11.628395790484312,11.523456614997512,11.49274171468369,243
11.785696029663086,11.80435848236084,11.810315092196122,11.709640170186548,11.777502443601648,11.806080707044618,244
12.345460891723633,12.362081527709961,12.329647668633752,12.341945643156754,12.344783932806026,12.352703980038399,245
12.310894012451172,12.29842758178711,12.32605540755709,12.354644268101918,12.322505317474324,12.306415569051001,246
11.86059284210205,11.847747802734375,11.783255224024433,11.841337097650987,11.83323324162796,11.829101170833638,247
11.874408721923828,11.875147819519043,11.900227851606553,11.897500940795172,11.88682133346115,11.88239916743766,248
12.157974243164062,12.17492389678955,12.157538906948021,12.175539056789473,12.166494025922777,12.16989740362309,249
12.553126335144043,12.53522777557373,12.464589044467198,12.35396222353571,12.47672634468017,12.514804116864056,250
11.400014877319336,11.454754829406738,11.499944969044051,11.520792171787042,11.468876711889292,11.467820579237424,251
12.544086456298828,12.530722618103027,12.58297893175873,12.599028449095908,12.564204113814124,12.545831399062303,252
12.087276458740234,12.093382835388184,12.08834268512771,12.126220309079836,12.098805572083991,12.091925585135344,253
12.130790710449219,12.089097023010254,11.974640912936657,11.981769960027156,12.044074651605822,12.056004518476804,254
11.842790603637695,11.859762191772461,11.875786160973938,11.880989798278835,11.864832188665732,11.864395175307397,255
12.306386947631836,12.305298805236816,12.352738696078244,12.385823866536741,12.33756207887091,12.319015021887258,256
12.227922439575195,12.22451400756836,12.20954316234129,12.17840546795629,12.210096269360283,12.22018551201467,257
12.344908714294434,12.342061042785645,12.381687043466739,12.42310017209124,12.372939243159514,12.35351804238434,258
12.29738998413086,12.281495094299316,12.270570786715563,12.27336686539237,12.280705682634528,12.278336567436858,259
11.552674293518066,11.548478126525879,11.55806965632212,11.529145260079707,11.547091834111443,11.551251309565743,260
12.071876525878906,12.074115753173828,12.073763420680772,12.029482515882352,12.062309553903964,12.074013883866753,261
12.716219902038574,12.72005558013916,12.781246392769747,12.765030843235893,12.745638179545843,12.737747577910891,262
11.96835994720459,11.985995292663574,11.983949197259273,11.915731831948914,11.963509067269086,11.985403708506126,263
11.750876426696777,11.728741645812988,11.767532761923237,11.775297019173683,11.755611963401671,11.73995725662582,264
11.29105281829834,11.305712699890137,11.344455516624832,11.426162807023156,11.341845960459116,11.316914345984934,265
12.151060104370117,12.121464729309082,12.101203539415154,12.119829269545582,12.123389410659984,12.115606645210411,266
12.153727531433105,12.142376899719238,12.103726211705641,12.111530741889348,12.127840346186833,12.131201890648176,267
12.194363594055176,12.14741039276123,12.180622460061628,12.044455643657825,12.141713022633965,12.157012942480918,268
11.553112983703613,11.575591087341309,11.616920510379703,11.586911804652816,11.583134096519359,11.587540594609933,269
11.924053192138672,11.932912826538086,11.922423672358821,11.899008112463402,11.919599450874745,11.929880114854926,270
12.500411033630371,12.501852035522461,12.467073329761151,12.466392289051848,12.483932171991457,12.491796526233061,271
12.212583541870117,12.236224174499512,12.275237158492953,12.094063237644392,12.204527028126744,12.247503933603994,272
12.678689002990723,12.68580150604248,12.620478457386957,12.565951811767754,12.637730194546979,12.666914761749132,273
12.006574630737305,11.990555763244629,12.076192851522476,12.060961064700802,12.033571077551304,12.015315871990627,274
11.779900550842285,11.783164978027344,11.7932442811529,11.716716121341939,11.768256482841117,11.786079190157759,275
12.084967613220215,12.112744331359863,12.152402817682999,12.046468784510294,12.099145886693343,12.124210723478155,276
12.203519821166992,12.204389572143555,12.250695525973583,12.320473428131855,12.244769586853996,12.217777935473922,277
11.573538780212402,11.553075790405273,11.533481182525009,11.494599427663161,11.538673795201461,11.547410434054338,278
12.908246994018555,12.917272567749023,12.903070051973732,12.852199209315737,12.89519720576426,12.913166218010439,279
12.277883529663086,12.26318359375,12.296058604581528,12.260252483914895,12.274344552977379,12.27268869089405,280
12.280977249145508,12.271259307861328,12.249039159029026,12.264995256789671,12.266567743206384,12.264834833226518,281
12.238470077514648,12.212533950805664,12.136528234892616,12.108254410929847,12.173946668535693,12.190558544715039,282
12.273588180541992,12.260416030883789,12.27887472393717,12.298708481244129,12.27789685415177,12.265752962072153,283
12.31767749786377,12.309300422668457,12.41076419134382,12.36806955425762,12.351452916533415,12.338636473165991,284
12.119207382202148,12.115203857421875,12.100383803350345,12.117825508182596,12.113155137789242,12.110918959863914,285
12.035260200500488,12.03869915008545,11.971756817326842,11.951070234790498,11.99919660067582,12.01934422487552,286
12.140783309936523,12.13441276550293,12.117967920737241,12.093480705857699,12.1216611755086,12.129658094916882,287
11.51278305053711,11.495856285095215,11.631857571436726,11.654213497394753,11.57367760111595,11.53517811056978,288
11.606058120727539,11.611428260803223,11.688523436497267,11.684444459733598,11.647613569440406,11.633718660586352,289
11.89437198638916,11.884293556213379,11.857682102893682,11.774637409050323,11.852746263636636,11.876599431023754,290
12.465646743774414,12.445798873901367,12.358508399567661,12.428392521666456,12.424586634727476,12.420560724397967,291
11.565665245056152,11.604355812072754,11.675565593143665,11.809069447989877,11.663664024565612,11.624944577507819,292
11.829425811767578,11.8203763961792,11.893224490943561,11.870768569216859,11.853448817026798,11.84143884452462,293
12.33983325958252,12.347672462463379,12.45107597886463,12.390141934164733,12.382180908768815,12.377569348991173,294
12.084574699401855,12.096440315246582,11.989667731176171,11.966465745526488,12.034287122837775,12.065569335793182,295
11.938444137573242,11.928750038146973,11.91936428829904,11.88287062512389,11.917357272285784,11.926036351920935,296
11.781113624572754,11.78499698638916,11.765435564789176,11.84069457700315,11.793060188188559,11.779341225132185,297
12.398815155029297,12.380354881286621,12.330147088597863,12.292187772052442,12.350376224241556,12.365838385783682,298
12.111701965332031,12.10918140411377,12.098441081552725,12.054654170454217,12.093494655363184,12.106076072534588,299
11.91085147857666,11.95519733428955,11.938671753757552,11.821954501657133,11.906668767070224,11.950419320705818,300
12.015079498291016,12.02805233001709,12.01223784142586,11.918724705975304,11.993523593927318,12.023479913262205,301
12.511974334716797,12.50014877319336,12.497997896265868,12.509939112250823,12.505015029106712,12.499526893728575,302
12.302828788757324,12.294885635375977,12.312858180151569,12.33498177538864,12.311388594918377,12.300082007322231,303
11.773650169372559,11.80014419555664,11.786217858342264,11.788759816043232,11.787193009828673,11.79611769686553,304
12.452134132385254,12.493987083435059,12.660030778638308,12.71486229882097,12.580253573319897,12.541995020562496,305
12.591069221496582,12.591395378112793,12.605373681765165,12.731743786605012,12.629895516994889,12.595436901773597,306
12.367895126342773,12.366908073425293,12.369789518729931,12.381577924428626,12.371542660731656,12.36774118090855,307
11.49936294555664,11.533438682556152,11.485043121053183,11.607348893975296,11.531298410785318,11.519446154438553,308
11.564123153686523,11.575613021850586,11.567463168043663,11.662741338407503,11.592485170497067,11.573256668189089,309
12.82076644897461,12.834699630737305,12.81351546425993,12.747933249312643,12.804228698321122,12.82857468795584,310
12.04529857635498,12.042173385620117,12.112055429613402,12.102356343063265,12.075470933662942,12.062378264644641,311
11.882038116455078,11.844444274902344,11.848905316001765,11.767469274003664,11.835714245340712,11.845734088287681,312
11.741385459899902,11.758241653442383,11.809560266606741,11.72824677740258,11.759358539337901,11.773079318619889,313
12.613755226135254,12.666217803955078,12.510598605253051,12.368990064006269,12.539890424837413,12.621223884144007,314
12.04020881652832,12.04227352142334,11.974130836888712,11.961290098027668,12.00447581821701,12.022571540503025,315
12.165526390075684,12.168230056762695,12.126972228480557,12.095370493225827,12.13902479213619,12.15630124956674,316
12.484341621398926,12.468478202819824,12.418700149014017,12.434038465255544,12.451389609622076,12.454085957004589,317
12.444011688232422,12.4517822265625,12.433220732764466,12.450042351234806,12.444764249698549,12.446415572766002,318
12.618094444274902,12.631360054016113,12.666410646567998,12.675396629536122,12.647815443598784,12.641494173480575,319
12.226272583007812,12.233558654785156,12.258760171745127,12.23735171312442,12.238985780665628,12.240845127422672,320
12.730719566345215,12.746243476867676,12.774495589969172,12.764823861070209,12.754070623563067,12.754411963288275,321
12.709610939025879,12.700007438659668,12.699972097961735,12.713081248591866,12.705667931059786,12.69999722066252,322
12.510553359985352,12.500434875488281,12.55602716226012,12.568414818553055,12.533857554071702,12.516508180800152,323
11.711732864379883,11.71768856048584,11.782599747542701,11.77079989389018,11.745705266574651,11.736456223920928,324
12.49204158782959,12.430745124816895,12.480843508058872,12.56561084579957,12.49231026662623,12.445229986948654,325
11.375123023986816,11.395622253417969,11.293417807411105,11.385400259038386,11.362390835963568,11.366072052116824,326
12.621439933776855,12.604533195495605,12.607668297255861,12.567887957665047,12.600382346048342,12.60543964224753,327
11.917510032653809,11.915436744689941,11.869730298291651,11.915712007461565,11.904597270774241,11.902221715945117,328
11.977795600891113,11.96187973022461,12.048957161387486,12.085109825710239,12.018435579553362,11.98705628291075,329
11.323722839355469,11.398818969726562,11.344624672136096,11.333341705171058,11.350127046597295,11.383149862699018,330
11.895925521850586,11.905258178710938,11.800278079035392,11.868648632498045,11.86752760302374,11.874905457286097,331
11.779242515563965,11.767889976501465,11.80833772084314,11.841507517440355,11.799244432587232,11.779584565476524,332
12.568094253540039,12.549325942993164,12.724377407931742,12.61044960680231,12.613061802816814,12.599938281586027,333
12.277498245239258,12.268294334411621,12.122974692461398,12.127782550463042,12.199137455643829,12.226278308295193,334
12.261955261230469,12.256368637084961,12.154234567049778,12.150140882181235,12.20567483688661,12.226838783471331,335
12.40067195892334,12.462475776672363,12.289310134214372,12.102632765552508,12.313772658840646,12.412408682793375,336
12.826067924499512,12.821115493774414,12.840369368674574,12.779323373832522,12.816719040195256,12.82668233456614,337
12.275941848754883,12.28749942779541,12.328663214836272,12.322355469124275,12.30361499012771,12.299401045003856,338
12.310633659362793,12.303853034973145,12.212441243430105,12.230179734160975,12.264276917981755,12.2774232958871,339
11.882783889770508,11.894837379455566,11.869690990872149,11.887316464010151,11.883657181027093,11.887566845993774,340
12.292343139648438,12.300475120544434,12.255638581784213,12.32305752591337,12.292878591972613,12.287511606746587,341
11.198407173156738,11.267706871032715,11.334998711068508,11.45651051584469,11.314405817775663,11.28716284869976,342
11.398591041564941,11.366815567016602,11.412872763447814,11.41010223334017,11.397095401342382,11.380132007534439,343
12.569899559020996,12.56102466583252,12.526121026446178,12.508143918954593,12.541297292563572,12.550933034692132,344
11.423053741455078,11.411517143249512,11.511780631675874,11.624736631130872,11.492772036877835,11.440506158717149,345
11.806329727172852,11.786896705627441,11.883978720512102,11.846342452118929,11.830886901357832,11.814965866947194,346
11.811186790466309,11.838043212890625,11.848989454309361,11.786051570422645,11.821067757022234,11.841208081446274,347
12.139760971069336,12.138251304626465,12.066022186797271,12.022572661138238,12.091651780907828,12.117367820051701,348
12.134590148925781,12.15872859954834,12.139839237688955,12.106879645936486,12.13500940802489,12.15326714980517,349
13.00743579864502,12.979005813598633,13.057962637593079,12.98101145708137,13.006353926729526,13.001834468655169,350
12.609524726867676,12.610156059265137,12.557757384569223,12.631803224947877,12.602310348912479,12.59500611769534,351
12.16175651550293,12.157830238342285,12.169626544317873,12.198535042820346,12.171937085245858,12.161240884647878,352
11.471123695373535,11.50499439239502,11.430836192401392,11.576084396417318,11.495759669146818,11.48355315550602,353
11.519584655761719,11.532034873962402,11.53457962581726,11.558689659238276,11.536222203694914,11.532770633829125,354
11.903939247131348,11.896160125732422,11.923898309216142,11.925018682191826,11.912254091067934,11.904180020538337,355
12.050149917602539,12.03127670288086,12.072152040207472,12.049533126908685,12.050777946899888,12.0430949211037,356
12.006924629211426,12.015387535095215,12.056721206078906,12.011464503481466,12.022624468466752,12.027338270565192,357
11.844073295593262,11.83826732635498,11.899040629566871,11.920488549545851,11.87546745026524,11.855838610323648,358
11.640128135681152,11.60125732421875,11.743607561664614,11.83650077288502,11.705373448612384,11.642414811354962,359
12.571368217468262,12.554632186889648,12.5715351317491,12.457554632265401,12.538772542093103,12.55951930719306,360
11.932467460632324,11.927729606628418,11.930013883516795,11.86382272788414,11.913508419665419,11.92839005580178,361
11.844236373901367,11.851781845092773,11.813641429273643,11.800286367220659,11.82748650387211,11.840754370171684,362
12.151130676269531,12.143847465515137,12.100993380778647,12.1804848212018,12.144114085941279,12.131457135348342,363
11.611605644226074,11.590651512145996,11.539807727715516,11.460219947727705,11.550571207953823,11.575951133409717,364
12.11903190612793,12.113643646240234,12.106963988452545,12.090640744337554,12.107570071289567,12.111712367905868,365
11.692235946655273,11.717827796936035,11.813458317794458,11.738156395480374,11.740419614216535,11.745477290204754,366
12.053345680236816,12.063124656677246,12.046854520010447,12.023919440823075,12.046811074436896,12.058420499152938,367
11.927678108215332,11.954397201538086,12.019165399960636,11.926455292313703,11.95692400050694,11.973123522907416,368
11.82530403137207,11.831093788146973,11.872002197602468,11.859853581209409,11.84706339958273,11.84292156845937,369
12.083048820495605,12.072118759155273,12.027474003688466,11.927885361804716,12.027631736286015,12.059210695341731,370
12.097573280334473,12.109991073608398,12.097703801567821,12.093068024601616,12.099584045028076,12.106438475101905,371
11.707976341247559,11.664949417114258,11.590754090085406,11.68266490297937,11.661586187856647,11.64349744574738,372
11.707351684570312,11.691596031188965,11.722249635018814,11.710539070626778,11.707934105351217,11.700458856625316,373
11.702869415283203,11.702178955078125,11.758544170182624,11.779628148933412,11.735805172369341,11.718475735871873,374
12.233405113220215,12.233010292053223,12.171017017841073,12.215977199891412,12.21335240575148,12.215086279900532,375
11.000049591064453,11.144332885742188,11.238902141404115,11.244038842947734,11.15683086528962,11.171675537171673,376
11.882464408874512,11.862380027770996,11.78217109300274,11.727383246099874,11.81359969393703,11.839189352011223,377
12.525996208190918,12.522171974182129,12.568201654954247,12.573356559807046,12.547431599283586,12.535480459143265,378
12.818138122558594,12.848429679870605,12.747167333308576,12.770252193926279,12.795996832416012,12.819151866213328,379
12.071488380432129,12.087809562683105,12.111879772693985,12.151356035638683,12.105633437861975,12.094768942426082,380
11.956218719482422,11.923857688903809,11.917755170964053,11.852607933518424,11.912609878217179,11.922093278052724,381
12.252523422241211,12.250049591064453,12.260756422043917,12.181842408654658,12.23629296100106,12.25314523927842,382
12.206010818481445,12.226776123046875,12.242234524095357,12.282740132447797,12.23944039951787,12.23124558480342,383
11.364019393920898,11.330976486206055,11.321985061313237,11.448300782137714,11.366320430894476,11.32837681049773,384
12.545573234558105,12.512807846069336,12.480373027062026,12.374834214101497,12.478397080447742,12.503430020854495,385
12.1110258102417,12.107264518737793,12.100935461426642,12.142985970037657,12.115552940110948,12.10543460893545,386
11.25694465637207,11.271610260009766,11.336968658578057,11.393567950825835,11.314772881446432,11.290507224964538,387
11.79666805267334,11.808487892150879,11.731171499541794,11.832178922945367,11.792126591827845,11.786133532289437,388
12.195011138916016,12.195167541503906,12.232420205736801,12.228025682423455,12.212656142145045,12.205938342286998,389
12.986557006835938,12.970149993896484,12.928494188293579,12.858295190540575,12.935874094891643,12.958106120180418,390
11.726036071777344,11.752059936523438,11.70985311753962,11.699970290144588,11.721979853996249,11.739856749225998,391
12.337162971496582,12.3331298828125,12.28991172683711,12.267736648403591,12.306985307387446,12.320634289334588,392
11.524886131286621,11.499578475952148,11.597975416597844,11.5124930377354,11.533733265393003,11.528027819567807,393
11.327488899230957,11.327882766723633,11.381814269181834,11.456157647596825,11.373335895683311,11.343475892232146,394
11.597094535827637,11.592217445373535,11.597185673761986,11.56456025496137,11.587764477481132,11.593653900975273,395
11.792986869812012,11.788156509399414,11.754751661198714,11.810847209880468,11.78668556257265,11.778498221259008,396
11.69709587097168,11.724343299865723,11.741724657472156,11.759360198284295,11.730631006648462,11.7293687428501,397
11.894289016723633,11.873383522033691,11.94364614322892,11.928183503818337,11.909875546451145,11.893698436710942,398
11.340250015258789,11.374307632446289,11.461076993940509,11.503221131543846,11.419713943297358,11.399395113462075,399
12.262271881103516,12.267382621765137,12.274907365236935,12.269746738639414,12.26857715168625,12.269558238316263,400
12.451904296875,12.432929992675781,12.402944634401743,12.216339923008082,12.376029711740152,12.42426037596434,401
12.165010452270508,12.16824722290039,12.154248914705185,12.133781551662038,12.15532203538453,12.164199915359426,402
11.478599548339844,11.494513511657715,11.525609489026323,11.405100377565438,11.47595573164733,11.503504239818763,403
12.411452293395996,12.40102481842041,12.433832006013242,12.476499950264497,12.430702267023536,12.410510305944383,404
12.064262390136719,12.052282333374023,12.06471301899592,12.0803846705071,12.06541060325344,12.055876396810497,405
11.948686599731445,11.939560890197754,11.948854528456295,11.971669882478228,11.95219297521593,11.94224794435332,406
11.691627502441406,11.617805480957031,11.734485514774011,11.821250572940682,11.716292267778282,11.651540984859519,407
11.966070175170898,11.997757911682129,11.944998627299231,11.937497672505348,11.9615810966644,11.98250370763396,408
12.564273834228516,12.559886932373047,12.55489824486615,12.448186393038185,12.531811351126475,12.558444561460462,409
12.683241844177246,12.697579383850098,12.640280530107377,12.545272151538944,12.641593477418416,12.681012661671414,410
11.462343215942383,11.43813419342041,11.548316193221355,11.732489630417586,11.545320808250434,11.469990931567224,411
11.792400360107422,11.82470703125,11.888784776333663,11.855628576237777,11.840380185982216,11.84323372299508,412
12.481948852539062,12.457738876342773,12.35249092830927,12.33833504327905,12.40762842511754,12.42730871236817,413
11.524885177612305,11.531658172607422,11.576491880250884,11.570831719023971,11.550966737373646,11.544620867849194,414
12.426475524902344,12.38951301574707,12.399166716182194,12.389716110501496,12.401217841833276,12.392304174080238,415
12.154391288757324,12.159387588500977,12.17854835983959,12.167019520751268,12.16483668946229,12.164927510414973,416
11.959704399108887,11.969470024108887,11.966791416026675,11.941977688035237,11.959485881819921,11.968695562614023,417
12.354872703552246,12.369266510009766,12.339717543563506,12.368077039861593,12.357983449246777,12.360723066540887,418
11.540613174438477,11.524968147277832,11.59543229038191,11.583597927846638,11.561152884986214,11.54534132764905,419
11.85120677947998,11.85676383972168,11.823666627538309,11.805055259272683,11.834173126503163,11.847194497870744,420
12.14643383026123,12.139627456665039,12.153798998072144,12.099778960356868,12.134909811338822,12.143724850836124,421
12.316009521484375,12.30919361114502,12.23650691385065,12.18702333771732,12.26218334604934,12.28817782738137,422
11.616532325744629,11.60661792755127,11.699086718395398,11.626266373842508,11.63712583638345,11.633353275085309,423
12.609928131103516,12.608550071716309,12.693177802904136,12.737943145609297,12.662399787833316,12.633018346727473,424
11.879432678222656,11.873250007629395,11.858252617426512,11.894045788522503,11.876245272950268,11.868913837171046,425
11.792113304138184,11.817896842956543,11.811609820236463,11.837802878700975,11.814855711508041,11.816079086545528,426
12.396771430969238,12.415672302246094,12.32669995717299,12.337391531414653,12.369133805450744,12.389947876256166,427
11.611029624938965,11.603021621704102,11.572666674891005,11.605363736328632,11.598020414465676,11.594245146473735,428
12.174104690551758,12.188939094543457,12.163548240521624,12.170099486985086,12.17417287815048,12.181597879196499,429
12.123644828796387,12.118088722229004,12.086403969990632,12.115101890428377,12.1108098528611,12.108927762570186,430
11.4269437789917,11.418993949890137,11.490738317879844,11.512987759494345,11.462415951564006,11.439737279550933,431
11.566032409667969,11.563471794128418,11.566106402264074,11.655587442315632,11.587799512094023,11.564233533991995,432
11.659616470336914,11.644847869873047,11.734048606567969,11.820436254292362,11.714737300267572,11.670638330352315,433
12.081034660339355,12.075209617614746,12.092832300712294,12.072750880739108,12.080456864851376,12.080304834636557,434
11.375080108642578,11.35818862915039,11.320915809119079,11.351405307052875,11.351397463491232,11.347412000754865,435
12.34135627746582,12.28329086303711,12.276330384508373,12.19636376774726,12.27433532318964,12.281278391469456,436
11.566784858703613,11.585164070129395,11.568129618910543,11.545214179702535,11.566323181861522,11.580238927611253,437
11.703749656677246,11.680338859558105,11.661901510033523,11.52999781355343,11.643996959955576,11.675008099388688,438
11.517507553100586,11.49294662475586,11.555053959412703,11.415428601048706,11.495234184579463,11.510903615015014,439
11.791023254394531,11.786090850830078,11.72178374348069,11.740528671437717,11.759856630035754,11.767497843955006,440
13.130337715148926,13.11973762512207,13.117378890533962,13.02090198942865,13.097089055058403,13.11905564811796,441
11.602747917175293,11.565153121948242,11.703252080566758,11.795414942842305,11.66664201563315,11.605081443915584,442
11.972031593322754,11.96165657043457,11.893813800766157,11.8590492593097,11.921637805958294,11.942041303400158,443
12.215421676635742,12.202836036682129,12.180565287189154,12.154669397522929,12.188373099507489,12.19639693196255,444
12.289042472839355,12.280607223510742,12.27791268069287,12.301674443362787,12.287309205101439,12.279828154832288,445
11.933298110961914,11.948250770568848,11.948669020510602,12.024297727528815,11.963628907392543,11.94837169847811,446
12.23133373260498,12.218362808227539,12.278818171557658,12.269944195393371,12.249614726945888,12.235842166767569,447
12.235926628112793,12.226750373840332,12.195597824997284,12.218538591338339,12.219203354572187,12.217743289263073,448
11.729092597961426,11.74362850189209,11.73064619425091,11.745362477682876,11.737182442946825,11.739874948899647,449
11.663446426391602,11.66348934173584,11.76130125246555,11.68484434074815,11.693270340335285,11.691769536625978,450
11.462374687194824,11.47717571258545,11.558493685582135,11.534984704324259,11.508257197421667,11.500687042721633,451
12.421680450439453,12.370172500610352,12.315481872954173,12.194538824847477,12.325468412212864,12.35435989049731,452
12.274890899658203,12.264541625976562,12.18709163861134,12.207698332975701,12.233555624305453,12.242148640085716,453
12.205842971801758,12.22022819519043,12.273527624935502,12.241990999408593,12.235397447834071,12.235638570567811,454
11.987213134765625,11.985490798950195,11.908297729890023,11.855867413074566,11.934217269170102,11.963172095421113,455
12.029175758361816,12.012785911560059,12.031367952817977,11.984124714806786,12.014363584386658,12.018158506209424,456
11.424433708190918,11.45091724395752,11.341569017426293,11.435818548127994,11.413184629425682,11.419301573287928,457
12.283151626586914,12.27446460723877,12.222206588896363,12.078518590381464,12.214585353275877,12.259355333406265,458
11.955461502075195,11.928544044494629,11.89989896201127,11.955638625176787,11.934885783439471,11.920261939490954,459
11.675996780395508,11.715907096862793,11.692142016148384,11.648101957915198,11.68303696283047,11.709035938645258,460
12.374801635742188,12.378140449523926,12.40389765995452,12.393424938870204,12.38756617102271,12.385587588889361,461
11.926712036132812,11.93214225769043,11.932355530180839,11.89187679629931,11.92077165507585,11.93220392081048,462
11.684928894042969,11.659461975097656,11.730461229541488,11.734861622225937,11.702428430227013,11.679989871319565,463
12.173639297485352,12.1316499710083,12.111719065211064,12.00563882766811,12.105661790343206,12.125887381400576,464
11.666274070739746,11.653854370117188,11.725833689762574,11.793528076189201,11.709872551702176,11.67466563095899,465
12.055463790893555,12.041265487670898,12.034159919978388,12.081105550052591,12.052998687148857,12.039211066714902,466
12.032499313354492,12.076704978942871,12.092437711559214,11.964072964028421,12.041428741971249,12.081253757728863,467
12.007641792297363,11.98699951171875,11.897223004283909,11.905659512377754,11.949380955169444,11.961042579604122,468
12.425329208374023,12.426491737365723,12.404713308754719,12.438057191411213,12.42364786147642,12.420194976563021,469
12.11461353302002,12.120075225830078,12.138660447600529,12.174783868908806,12.137033268839858,12.125448740055736,470
12.32100772857666,12.335705757141113,12.260396030424033,12.359639156975566,12.319187168279344,12.31393158124788,471
12.18980598449707,12.169448852539062,12.20276678386978,12.194300966120988,12.189080646756725,12.179082010549571,472
11.816787719726562,11.819211959838867,11.884074288322754,11.86005717831895,11.845032786551783,11.837965496876103,473
12.773317337036133,12.773334503173828,12.891533831433716,12.805826820275483,12.811003122979791,12.807509278148933,474
12.418608665466309,12.443225860595703,12.487676525948233,12.477789002428722,12.456825013609741,12.456077807457671,475
11.81982421875,11.824685096740723,11.840619062729166,11.801448444925663,11.821644205786388,11.82929205779653,476
12.321776390075684,12.309762001037598,12.202412469998686,12.152703780721787,12.246663660458438,12.278724209867825,477
12.806352615356445,12.796914100646973,12.869036851316647,12.940864775042428,12.853292085590624,12.81776683146201,478
12.600842475891113,12.593863487243652,12.677628885384136,12.658672387570032,12.632751809022235,12.618082437336643,479
11.686857223510742,11.710222244262695,11.673766207678748,11.658373550160384,11.682304806403142,11.699681771105341,480
12.74122142791748,12.751445770263672,12.78775631334917,12.775129784525502,12.763888324013957,12.76194417712807,481
12.77836799621582,12.769723892211914,12.718642445608697,12.736695302003834,12.750857409010067,12.754954798607343,482
12.000126838684082,11.924933433532715,11.960112050334352,11.961610253151747,11.961695643925724,11.935104568435344,483
11.967565536499023,11.963257789611816,11.944481204629865,11.992844209442403,11.967037185045777,11.957828946859443,484
11.819918632507324,11.812654495239258,11.810714431207678,11.779422926062557,11.805677621254205,11.81209356775606,485
11.89668083190918,11.874797821044922,11.853353293755251,11.819352112943537,11.86104601491322,11.868597600575304,486
11.933119773864746,11.931170463562012,11.912654310586275,11.878178165329835,11.913780678335717,11.92581691908197,487
12.0797758102417,12.09102725982666,12.119019427536694,12.053028517756614,12.085712753840417,12.099120588669042,488
11.699189186096191,11.745718002319336,11.580165120183677,11.969095698041896,11.748542001660276,11.697851973156917,489
11.372567176818848,11.376331329345703,11.467335196966713,11.372500748074817,11.39718361280152,11.402643126067375,490
11.6347074508667,11.643896102905273,11.575353135331667,11.596458449408914,11.612603784628138,11.624078388816379,491
11.885329246520996,11.890884399414062,11.87031874230181,11.910762934442124,11.889323830669749,11.884938285215503,492
12.106806755065918,12.092178344726562,12.099628232629229,12.036000939063982,12.083653567871423,12.094332318411622,493
11.971749305725098,11.94111156463623,11.887824233163792,11.86571555724163,11.916600165191687,11.925704687212273,494
11.416633605957031,11.398027420043945,11.508828769223065,11.505682681119117,11.45729311908579,11.430063229645238,495
11.070173263549805,10.973780632019043,11.29062175572821,11.316885696526429,11.162865336955871,11.06538837856911,496
12.887537956237793,12.905550003051758,12.720584518047964,12.719038008240945,12.808177621394615,12.852071240344518,497
12.10556411743164,12.09714412689209,12.17903418739561,12.08408820817714,12.11645765997412,12.120820863736586,498
11.808676719665527,11.80176067352295,11.829747715485057,11.723472385611366,11.790914373571225,11.809852520366368,499
11.71660041809082,11.735270500183105,11.746819360171775,11.693969501394099,11.72316494495995,11.738609602842505,500
11.630372047424316,11.621806144714355,11.649593706241513,11.677175831798523,11.644736932544676,11.629840316111757,501
12.251640319824219,12.245871543884277,12.293574552190838,12.275088876650056,12.266543823137347,12.259663835249317,502
11.833939552307129,11.83503246307373,11.89130025824242,11.867271672716361,11.856885986584912,11.851301077003646,503
12.523672103881836,12.580116271972656,12.481066818789678,12.41802776413935,12.500720739695879,12.551478268493543,504
11.79768180847168,11.819482803344727,11.846318048199086,11.902285261601731,11.841441980404307,11.82724163300815,505
11.689981460571289,11.720389366149902,11.704457732240549,11.799126013654481,11.728488643154055,11.71578307936424,506
12.299869537353516,12.312505722045898,12.257738478657867,12.282188126457392,12.288075466128669,12.296670960153872,507
12.074217796325684,12.07220458984375,12.022823696939799,12.026421966298079,12.048917012351827,12.057927174498786,508
11.972371101379395,12.000590324401855,11.897288360561452,11.91045177127523,11.945175389404483,11.970722799596892,509
11.852766036987305,11.833722114562988,11.854665423761585,11.825546036451376,11.841674902940815,11.839777418680473,510
11.929115295410156,11.950800895690918,11.991267462060728,11.885280250212782,11.939115975843645,11.962500926647632,511
12.218829154968262,12.222074508666992,12.161601543085043,12.181312391696583,12.195954399604219,12.204590060817202,512
11.647805213928223,11.63956069946289,11.785663211948535,11.726335237750591,11.699841090772559,11.681803075633727,513
11.884794235229492,11.866568565368652,11.903471219296415,11.911010946769503,11.891461241666015,11.877238168254996,514
11.520977973937988,11.52381706237793,11.454498442349864,11.409754050112486,11.477261882194568,11.503775085186357,515
12.936864852905273,12.945379257202148,12.957833794355503,12.891229481091827,12.932826846388688,12.9489802167922,516
12.050881385803223,12.059130668640137,12.082075479394776,12.12625095188135,12.07958462142987,12.065764663569974,517
12.453085899353027,12.461404800415039,12.552881651386466,12.534434976534854,12.500451831922346,12.487853350025288,518
12.225076675415039,12.222879409790039,12.146071777439781,12.191217815646954,12.196311419572954,12.200672146935133,519
12.360281944274902,12.406463623046875,12.454054039520104,12.325667341066346,12.386616736977057,12.420223360922613,520
11.49083423614502,11.500723838806152,11.36245123195804,11.371905106005798,11.431478603228753,11.460745310215318,521
11.994796752929688,11.985310554504395,11.912119229153063,11.925476800323803,11.954425834227738,11.964148868470852,522
12.019316673278809,12.027130126953125,11.900114208664423,11.902295068879381,11.962214019443934,11.99040622598282,523
12.567808151245117,12.554264068603516,12.573965744423061,12.544653901719924,12.560172966497905,12.559960381329466,525
12.171907424926758,12.15359878540039,12.12790471783568,12.08913383121238,12.135636189843801,12.146169902426637,526
11.784405708312988,11.775989532470703,11.753267345739566,11.678679413939339,11.74808550011565,11.769419904454109,527
12.97463321685791,12.988081932067871,13.060235772477139,12.965437511678914,12.99709710827046,13.008943651807552,528
11.342056274414062,11.342713356018066,11.348019609647777,11.21055854108187,11.310836945290443,11.344247544294987,529
12.408951759338379,12.368741989135742,12.501996968394845,12.433785013955902,12.428368932706217,12.407269779416236,530
12.101615905761719,12.12230110168457,12.101236868166426,12.172789713304773,12.124485897229372,12.116210834919917,531
11.8024320602417,11.795920372009277,11.811181672348248,11.760619861978128,11.792538491644338,11.800332846365858,532
11.511337280273438,11.521297454833984,11.646287326264526,11.567286584722845,11.561552161523698,11.557435568249605,533
10.581624984741211,10.545519828796387,10.83148834368252,11.028827613904145,10.746865192781065,10.628201429361075,534
12.181654930114746,12.193273544311523,12.153333387930571,12.170888944333775,12.174787701672654,12.181725713398404,535
11.766824722290039,11.793193817138672,11.754480422971524,11.80709890341288,11.780399466453279,11.782000677941841,536
12.196039199829102,12.207439422607422,12.211990062423096,12.192267265233664,12.201933987523322,12.208755141520406,537
11.688602447509766,11.702606201171875,11.808103392165494,11.746365289296579,11.736419332535927,11.733108428348544,538
11.802604675292969,11.810246467590332,11.859240459726733,11.858181430716225,11.832568258331566,11.824412018960576,539
12.39650821685791,12.39599323272705,12.440227699753045,12.456326708357716,12.42226396442393,12.408782670526843,540
12.737767219543457,12.747570037841797,12.852405421723432,12.782941067428915,12.7801709366344,12.777880917830101,541
12.456693649291992,12.473991394042969,12.388986007991248,12.489575179997797,12.452311557831003,12.449413928309813,542
12.225240707397461,12.23595142364502,12.296734294148981,12.361149013776911,12.279768859742093,12.253525473788914,543
11.830582618713379,11.803079605102539,11.820615731098133,11.777059905183881,11.807834465024483,11.808149796013582,544
12.310403823852539,12.307815551757812,12.205901520938616,12.13651663669127,12.24015938331006,12.27834931771633,545
12.395393371582031,12.34720230102539,12.458122686664893,12.47585868973985,12.419144262253042,12.379272527440277,546
12.10698127746582,12.09668254852295,12.01706978614667,11.920260467332222,12.035248519866915,12.073664243094228,547
11.745118141174316,11.75053596496582,11.76908420125984,11.72588122997208,11.747654884343016,11.755898785642259,548
11.696696281433105,11.702701568603516,11.801586167287912,11.747561469345467,11.7371363716675,11.73129190797594,549
12.318063735961914,12.326987266540527,12.356763200121657,12.338582555123931,12.335099189437006,12.335596332639208,550
11.805839538574219,11.798368453979492,11.888598850894311,11.856668802320987,11.837368911442253,11.824456618403731,551
11.632678985595703,11.642026901245117,11.61831218382102,11.631297255963233,11.631078831656268,11.635170304481854,552
12.49276351928711,12.493181228637695,12.541043432390195,12.511916979710735,12.509726290006434,12.507019547916954,553
11.573533058166504,11.570513725280762,11.56389005027488,11.610356412664034,11.579573311596544,11.568598633154888,554
12.512653350830078,12.491793632507324,12.426826170306056,12.433481447471861,12.46618865027883,12.473009698333433,555
11.608344078063965,11.597517013549805,11.63052912257224,11.603313606202724,11.609925955097184,11.607061749665519,556
11.884800910949707,11.877699851989746,11.92143629083305,11.879598259833736,11.89088382840156,11.890345295730306,557
11.528264045715332,11.362126350402832,11.74443428287925,11.719769965934466,11.588648661232972,11.472662406367991,558
12.25129222869873,12.246973037719727,12.181192288042562,12.121379631854616,12.200209296578908,12.227953959092073,559
12.160475730895996,12.155060768127441,12.178756019037163,12.200479136418723,12.173692913619831,12.161911736569817,560
12.071504592895508,12.057439804077148,12.03532201301507,12.029483370787501,12.048437445193807,12.051044923974015,561
11.998583793640137,12.001633644104004,12.02996199591519,12.044119398114068,12.01857470794335,12.009824173295797,562
11.691524505615234,11.681349754333496,11.695391800693848,11.632229599069543,11.67512391492803,11.685409707817326,563
12.046091079711914,12.044506072998047,11.967461341362132,12.032464212652293,12.022630676681096,12.022230258021455,564
12.523808479309082,12.524763107299805,12.499610184092697,12.441433995899526,12.497403941650276,12.517490684493145,565
11.825539588928223,11.764904022216797,11.7699043082735,11.877014288975666,11.809340552098545,11.766349746598777,566
12.684861183166504,12.701133728027344,12.682463847725193,12.631741811029231,12.675050142487068,12.695735736621376,567
12.20769214630127,12.195487976074219,12.20979780145706,12.22459261909177,12.209392635731078,12.199625352060963,568
12.463379859924316,12.46397876739502,12.506332111058317,12.632595987975279,12.516571681588232,12.47622431912907,569
11.896681785583496,11.882030487060547,11.830627065322107,11.846159175881011,11.86387462846179,11.867168301321225,570
11.931300163269043,11.94560432434082,11.869122548497488,11.838015364451522,11.896010600139718,11.923491275835204,571
11.616372108459473,11.618880271911621,11.651299840951028,11.678945991273729,11.641374553148962,11.628253687928636,572
12.270864486694336,12.278608322143555,12.337318699141694,12.249673087789173,12.28411614894219,12.295583155690862,573
12.05344295501709,12.062589645385742,12.059522020598754,12.042098905752887,12.054413381688619,12.061702708138748,574
11.721122741699219,11.759299278259277,11.638148704372659,11.611348112064125,11.682479709098821,11.72427121455001,575
11.663926124572754,11.669941902160645,11.69827094696465,11.71221695177438,11.686088981368107,11.678132631716299,576
11.87273120880127,11.859527587890625,11.960773537005293,11.929722550276939,11.905688720993531,11.88880066058125,577
11.990257263183594,11.98711109161377,11.929355539847837,11.922102398766679,11.95720657335297,11.970412325096046,578
11.935471534729004,11.95288372039795,11.98710848058581,12.064581179235399,11.98501122873704,11.962779068326032,579
11.818943977355957,11.818264961242676,11.826826147168783,11.819239239328258,11.820818581273919,11.820740242674916,580
12.12496566772461,12.124776840209961,12.119062846879563,12.022630972667152,12.097859081870322,12.123124762832278,581
12.792134284973145,12.779351234436035,12.791311728676314,12.754235670580703,12.77925822966655,12.782809352221221,582
11.591565132141113,11.626245498657227,11.68068265377973,11.768476849013343,11.666742533397851,11.641984822678646,583
12.463698387145996,12.458473205566406,12.676216293640406,12.722522185055984,12.5802275178522,12.521428902073852,584
11.830209732055664,11.816950798034668,11.798507010508795,11.717526087237296,11.790798406959105,11.811618176456655,585
12.742870330810547,12.758552551269531,12.834031814610858,12.810772096948616,12.786556698409889,12.780375745004651,586
11.734146118164062,11.75434398651123,11.746761499255648,11.687547428063679,11.730699757998655,11.752151674596044,587
11.773781776428223,11.781697273254395,11.809549041349591,11.795551034042354,11.79014478126864,11.789750008589905,588
12.44312572479248,12.475162506103516,12.140929558515056,12.04043886820661,12.274914164404414,12.378526290473026,589
11.525186538696289,11.5194091796875,11.512011617460711,11.5447379103257,11.525336311542551,11.517270334837985,590
12.145419120788574,12.154139518737793,12.155097813303705,12.135232696950728,12.1474722874452,12.154416588850054,591
13.06098747253418,13.022882461547852,12.997255627128595,12.934980962523394,13.004026630933506,13.015473017581497,592
11.853626251220703,11.85688591003418,11.833082225109683,11.814490060760496,11.839521111781266,11.85000359024566,593
11.82882308959961,11.820328712463379,11.861371926590433,11.861216734194455,11.84293511571197,11.832195468626011,594
11.616243362426758,11.608027458190918,11.642567722086376,11.680010878727392,11.636712355357862,11.618014027180656,595
12.740386962890625,12.74809455871582,12.738643427379891,12.662790652786082,12.722478900443104,12.745361968849021,596
11.6412353515625,11.658487319946289,11.685592088210617,11.684568496313988,11.667470814008349,11.666324076464473,597
12.21837329864502,12.23430061340332,12.12018082379845,12.158489120739013,12.18283596414645,12.201305348647013,598
12.281658172607422,12.302891731262207,12.116700795565407,12.129492843107657,12.207685885635673,12.249058656036503,599
11.884847640991211,11.896212577819824,11.988158242847076,11.992496414041362,11.940428718924869,11.922796674857448,600
12.577779769897461,12.573041915893555,12.513927370156589,12.457454473131746,12.530550882269837,12.555950225711744,601
11.73584270477295,11.768409729003906,11.734945991251642,11.74328489498212,11.745620830002654,11.75873441422551,602
12.303465843200684,12.318078994750977,12.26276827128407,12.330087304888943,12.303600103531169,12.302087097368652,603
11.932958602905273,11.938085556030273,11.943117831314012,11.893569556968808,11.926932886804591,11.939540529404205,604
12.314825057983398,12.326215744018555,12.31727869398681,12.309305919162217,12.316906353787743,12.323631789623278,605
12.220333099365234,12.244539260864258,12.225736891623225,12.211608162931386,12.225554353696026,12.23910296315199,606
11.92347526550293,11.91535758972168,11.896745091707203,11.910765990878303,11.911585984452529,11.909976189161004,607
12.145895004272461,12.12774658203125,12.025293471714686,12.016422419059678,12.07883936926952,12.098124484832274,608
12.629382133483887,12.634690284729004,12.805512741271267,12.679657124295117,12.687310570944819,12.68407989716564,609
11.59060287475586,11.61474609375,11.702378577308858,11.737530731972146,11.661314569446716,11.640083127811216,610
12.714658737182617,12.710112571716309,12.677203985834248,12.685692324289887,12.696916904755765,12.700597767073804,611
11.865423202514648,11.877948760986328,11.907192977820287,11.924111356137772,11.893669074364759,11.886404092707219,612
12.505579948425293,12.503236770629883,12.45364391903403,12.462474658641026,12.481233824182558,12.488898072021245,613
11.751373291015625,11.749324798583984,11.73722420991946,11.627617142379304,11.716384860474594,11.745826175531178,614
11.293482780456543,11.260398864746094,11.233178017752776,11.34024293798867,11.281825650236021,11.25252854657827,615
11.916488647460938,11.919249534606934,11.87588528669883,11.860747955811156,11.893092856144465,11.906711701811762,616
12.134257316589355,12.12800121307373,12.158751662484649,12.104877406746569,12.131471899723575,12.136892039311686,617
11.666847229003906,11.621881484985352,11.560798888340589,11.62276041875389,11.618072005270934,11.60422077552142,618
12.68722915649414,12.689018249511719,12.650566545178567,12.668506816059038,12.673830191810865,12.677900772260871,619
12.678926467895508,12.679916381835938,12.708147845272356,12.633487309839337,12.675119501210785,12.688078897853256,620
11.12701416015625,11.126754760742188,11.100831763574197,11.162639528283721,11.129310053189089,11.119259687733411,621
12.391701698303223,12.401259422302246,12.34403308310843,12.409762270162565,12.386689118469116,12.384713666134347,622
11.770915985107422,11.771501541137695,11.823529268209018,11.80396208269063,11.79247721928619,11.786544231238432,623
12.0314302444458,12.017723083496094,12.073599581087498,12.069274151912783,12.048006765235545,12.033878562209008,624
12.026009559631348,12.025749206542969,12.008422935819572,12.051561754117346,12.027935864027809,12.020739690737363,625
11.812652587890625,11.806608200073242,11.833081013651725,11.83046396529126,11.820701441726712,11.814262240585329,626
11.700297355651855,11.69556999206543,11.741892809832715,11.854859851903711,11.748155002363427,11.708963231237899,627
12.020698547363281,12.029698371887207,11.986085767170534,11.968215084114687,12.001174442633928,12.017088732101495,628
12.098441123962402,12.109371185302734,12.105565660196191,12.07024930855027,12.0959068195029,12.108270900164971,629
12.086441993713379,12.052013397216797,12.012607529001889,11.98904047414412,12.035025848519046,12.040620044151524,630
11.582437515258789,11.59311294555664,11.589256794650488,11.75621599963928,11.6302558137763,11.59199802306573,631
12.284512519836426,12.285634994506836,12.364330850505446,12.380736038963557,12.328803600953066,12.308388196321253,632
12.116609573364258,12.131852149963379,12.124879387588278,12.13058336421839,12.125981118783576,12.12983612678768,633
11.874746322631836,11.849359512329102,11.892425148875043,11.829862845218939,11.86159845726373,11.861811008118327,634
11.852827072143555,11.867738723754883,11.816678354636245,11.879373413513253,11.854154391011985,11.852975724248333,635
12.052383422851562,12.051346778869629,12.140433373416636,12.356583301284463,12.150186719105573,12.07710423761972,636
10.761951446533203,10.78515625,10.901214028286637,11.030200013279694,10.869630434524884,10.81871184219707,637
11.596531867980957,11.581247329711914,11.694522945609693,11.747871331330478,11.65504336865826,11.613998519929861,638
11.436071395874023,11.425930976867676,11.45694648650231,11.479669204929555,11.449654516043392,11.434898439526782,639
12.484829902648926,12.48086166381836,12.473841312195479,12.486582563455606,12.481528860529592,12.478831881242687,640
12.59392261505127,12.581058502197266,12.57219550334761,12.499365321595388,12.561635485547882,12.578495958096969,641
12.403074264526367,12.393425941467285,12.429452139679997,12.367538401437383,12.398372686777758,12.403842136172056,642
12.84105110168457,12.815183639526367,12.836380143697845,12.684330500994388,12.794236346475792,12.821312149484786,643
11.859824180603027,11.836403846740723,11.871350139372542,11.955718045241907,11.88082405298955,11.846507810142958,644
12.774749755859375,12.779990196228027,12.817166001979643,12.664609145672909,12.75912877493499,12.790738775046396,645
11.800700187683105,11.794453620910645,11.765436668205643,11.742046904141047,11.77565934523511,11.786063997688961,646
11.520852088928223,11.494837760925293,11.508840695736831,11.534869170399848,11.514849928997549,11.498886406152137,647
11.865824699401855,11.863676071166992,11.8850740255331,11.863362974332704,11.869484442608663,11.869862826084766,648
11.924596786499023,11.918766021728516,12.02641409107188,11.976550212536061,11.96158177795887,11.949890128781183,649
11.276262283325195,11.240549087524414,11.200035818320902,11.282934189027932,11.24994534454961,11.228835553455156,650
12.251317024230957,12.245582580566406,12.225009424104336,12.161160803822888,12.220767458181147,12.239634298093321,651
11.63751220703125,11.623780250549316,11.666479583720886,11.66742860796796,11.648800162317354,11.636125837653813,652
12.155669212341309,12.165153503417969,12.154344881354676,12.156321489839792,12.157872271738436,12.162028424517421,653
11.855904579162598,11.864030838012695,11.785961768109505,11.780703027614948,11.821650053224936,11.841458857818434,654
12.772573471069336,12.765409469604492,12.7970249252976,12.801682208337624,12.784172518577263,12.77455039366856,655
11.414347648620605,11.417096138000488,11.43777392047043,11.46733828826069,11.434138998838055,11.423074670817027,656
11.955997467041016,11.939093589782715,11.894468311954828,11.845075956771119,11.908658831387418,11.926191157506482,657
11.946002006530762,11.967714309692383,12.086652011387935,12.00716203859262,12.001882591550924,12.002102569349532,658
11.765107154846191,11.789257049560547,11.837892464747286,11.826241857666917,11.804624631705234,11.803318926174372,659
12.061209678649902,12.050312995910645,11.976354590659973,11.947718896707645,12.008899040482042,12.028929525343013,660
12.184618949890137,12.216557502746582,12.19024911098296,12.158429953110444,12.18746387918253,12.208951001240061,661
12.906011581420898,12.890819549560547,12.876017061087833,12.732621903184578,12.851367523813465,12.886539730714926,662
11.778365135192871,11.748857498168945,11.914411289023809,11.976561805420603,11.854548931951557,11.796723790067837,663
11.787346839904785,11.805919647216797,11.813460141052765,11.875943784166719,11.820667603085266,11.808099817644491,664
12.848929405212402,12.808931350708008,12.894774011133114,12.880364697987119,12.858249866260161,12.833750896186661,665
12.35583782196045,12.364093780517578,12.380361669977503,12.396130706420688,12.374105994719056,12.368797288310706,666
12.029147148132324,12.071417808532715,12.097379386054252,12.280312591658527,12.119564233594454,12.078924036214877,667
12.239065170288086,12.256281852722168,12.227651996124743,12.256700080396108,12.244924774882776,12.248004149953543,668
12.069424629211426,12.050715446472168,11.99926117077305,11.964757980188141,12.021039806661197,12.03583855741187,669
11.662957191467285,11.66645336151123,11.641260755872194,11.56973019565426,11.635100376126243,11.6591694653891,670
12.065906524658203,12.075973510742188,12.023844414168192,12.081674827445386,12.061849819253492,12.060901511845927,671
11.65829086303711,11.647964477539062,11.694467632096313,11.71269156199114,11.678353633665907,11.661409857187348,672
12.094159126281738,12.070964813232422,12.038574116976006,12.040399035617483,12.061024273026913,12.06159974515508,673
12.50593376159668,12.50551700592041,12.368870424230535,12.284957870069999,12.416319765454407,12.466008607276207,674
11.927021980285645,11.942310333251953,11.898811925116227,11.946968899356184,11.928778284502503,11.92973371093355,675
11.852389335632324,11.855964660644531,11.90741588411464,11.921941749514039,11.884427907476384,11.87084066721894,676
11.607402801513672,11.675471305847168,11.726204841794841,11.727938728939332,11.684254419523754,11.690139808623183,677
11.516230583190918,11.52103328704834,11.618259255971106,11.527320594508328,11.545710930179673,11.549144069559443,678
12.698233604431152,12.703546524047852,12.672633201636701,12.600456214819681,12.668717386233846,12.69460860661053,679
11.739862442016602,11.741663932800293,11.762258367955207,11.835795069950132,11.769894953180557,11.747618367546412,680
11.787203788757324,11.77680778503418,11.786115640882224,11.758724207094872,11.77721285544215,11.779498949897725,681
11.622069358825684,11.615493774414062,11.637734833406824,11.758884223773746,11.65854554760508,11.621924294768752,682
12.044371604919434,12.036532402038574,12.071038619481376,12.085792909417606,12.059433883964248,12.046509127234144,683
12.542804718017578,12.541449546813965,12.499042724925232,12.536796315813982,12.530023326392689,12.529188533009638,684
12.330864906311035,12.317464828491211,12.338687249000595,12.330777600038457,12.329448645960325,12.323600831597258,685
12.221592903137207,12.228642463684082,12.285737467091357,12.336978631684445,12.268237866399273,12.245150246954697,686
12.34526538848877,12.355770111083984,12.316813245310717,12.26894524133992,12.321698496555848,12.344506577347063,687
12.002829551696777,11.991193771362305,11.92500813489482,11.901834623538294,11.95521652037305,11.972057628491111,688
12.422179222106934,12.448209762573242,12.30532664122151,12.311693441937937,12.371852266959905,12.40689820360059,689
12.202260971069336,12.18252944946289,12.092929873449664,12.101357163054118,12.144769364259002,12.1566236732356,690
11.907538414001465,11.897736549377441,11.917468677968769,11.90475071306436,11.906873588603009,11.90344166686259,691
12.5924072265625,12.591736793518066,12.643573464180344,12.507540232235009,12.58381442912398,12.60672424379737,693
11.476633071899414,11.484746932983398,11.588826985193853,11.611188836577986,11.540348956663664,11.51483942518326,694
11.74551773071289,11.748700141906738,11.770889346550685,11.80939696546134,11.768626046157914,11.755115669699894,695
12.085659980773926,12.081525802612305,12.020041256196992,11.960382887465109,12.036902481762082,12.063748878080471,696
11.405879974365234,11.400811195373535,11.462708351851587,11.414939433853574,11.421084738860984,11.418707417165805,697
11.855637550354004,11.819717407226562,11.745048644716357,11.756947335272494,11.794337734392354,11.798128552247242,698
11.770998001098633,11.7413911819458,11.812264120065414,11.756105833900259,11.770189784252526,11.761882556539208,699
12.202856063842773,12.192342758178711,12.131753636069709,12.144511033999047,12.16786587302256,12.174824726185658,700
12.656042098999023,12.64630126953125,12.674119500022098,12.612861070949387,12.64733098487544,12.654344308195059,701
11.883098602294922,11.89241886138916,11.928350223731368,11.882171526313412,11.896509803432217,11.902807636356595,702
12.793234825134277,12.792121887207031,12.758319768400003,12.681972851325323,12.756412333016659,12.782348736877683,703
11.797948837280273,11.819658279418945,11.938182579197228,11.898701654564462,11.863622837615228,11.85392701286808,704
12.271024703979492,12.268973350524902,12.293114115861524,12.270021902426194,12.275783518198029,12.275953129811736,705
11.136221885681152,11.191551208496094,11.170955206730135,11.224839765475739,11.18089201659578,11.185596320798332,706
12.65315055847168,12.61665153503418,12.620457306655732,12.489505102426993,12.594941125647146,12.61775189144642,707
12.283738136291504,12.270285606384277,12.219856277454756,12.286872347795855,12.265188091981598,12.255705058476911,708
12.147603988647461,12.165328025817871,12.107438132244589,12.08260283393676,12.12574324516167,12.14859041727707,709
11.560196876525879,11.567432403564453,11.61466462478194,11.617513487599131,11.58995184811785,11.581088577042301,710
11.166463851928711,11.165247917175293,11.216001520457505,11.318387574306733,11.21652521596706,11.17992222198633,711
11.344294548034668,11.144586563110352,11.414717771769634,11.377172657777114,11.320192885172942,11.22268914969516,712
12.213010787963867,12.207602500915527,12.11458626191792,12.13534548900336,12.167636259950168,12.180708870608388,713
11.653300285339355,11.68144702911377,11.699257971451685,11.727044341786092,11.690262406922725,11.686596677216292,714
12.124701499938965,12.124114036560059,12.069349596409818,12.041396205619364,12.089890334632052,12.108280085163507,715
11.885210990905762,11.886958122253418,11.859023935657618,11.905316064280024,11.884127278274205,11.878881557394056,716
12.125479698181152,12.139214515686035,12.204989023859321,12.294550507048768,12.191058436193819,12.158231789718066,717
11.95258617401123,11.964258193969727,11.98015690441811,11.969609749385864,11.966652755446233,11.968854961649939,718
12.608724594116211,12.614765167236328,12.663219149398362,12.596276312137466,12.62074630572209,12.628774586421812,719
11.795296669006348,11.801730155944824,11.768802203517348,11.729432623550272,11.773815413004698,11.792209751885288,720
12.48737621307373,12.531951904296875,12.453241994531755,12.494037774113279,12.49165197150391,12.509194639140347,721
11.824055671691895,11.821283340454102,11.865589559473708,11.873084475463488,11.846003261770797,11.83409352378834,722
11.664326667785645,11.663113594055176,11.633376120826236,11.597355625690488,11.639543002089386,11.654515647934089,723
11.838231086730957,11.842692375183105,11.735782305257358,11.725220209460918,11.785481494158084,11.811781644673268,724
12.652342796325684,12.646045684814453,12.665010264955088,12.632437772235937,12.64895912958279,12.651528882294041,725
11.564043998718262,11.589388847351074,11.713932103255043,11.685437918250265,11.638200716893662,11.625397831563124,726
12.431017875671387,12.474202156066895,12.398630512550092,12.23434781536961,12.384549589914496,12.452352252605456,727
12.147588729858398,12.169170379638672,12.14974081219594,12.18248117073382,12.16224527310671,12.163552741154644,728
11.975648880004883,11.974813461303711,11.848954165142581,11.810557286956591,11.90249344835194,11.93842397256335,729
11.405899047851562,11.461923599243164,11.36816038965316,11.490636085003695,11.431654780437894,11.434813998572366,730
12.387469291687012,12.402210235595703,12.503055014736542,12.50959906125602,12.45058340081882,12.431367318679754,731
12.238134384155273,12.208925247192383,12.087362373488093,12.041324671855154,12.143936669172724,12.173777975923322,732
12.376057624816895,12.364453315734863,12.358028451200662,12.371964594968082,12.367625996680125,12.362595705349642,733
11.79057788848877,11.79496955871582,11.8332038360802,11.839634848114116,11.814596532849727,11.806024171669208,734
11.566349029541016,11.573355674743652,11.650529729045184,11.648173095744516,11.609601882268592,11.59566888056723,735
11.980712890625,11.993948936462402,12.058553047248184,12.001108408223114,12.008580820639676,12.012627815446525,736
11.351580619812012,11.342550277709961,11.330545222330338,11.392367446734852,11.35426089164679,11.339079276036752,737
12.376648902893066,12.366921424865723,12.296690574674605,12.31636616989557,12.33915676808224,12.346615696085992,738
11.817076683044434,11.82615852355957,11.896906554258603,11.866641645780126,11.851695851660685,11.846613783878439,739
12.147361755371094,12.164510726928711,12.21537710547689,12.222946953977965,12.187549135438665,12.179217638264623,740
11.632969856262207,11.634549140930176,11.749091924066848,11.693839149767694,11.677612517756732,11.667666705102041,741
11.817943572998047,11.83258056640625,11.838295647583609,11.805427942438463,11.823561932356592,11.834232958311315,742
12.078067779541016,12.094017028808594,12.089421988384217,12.115715818982073,12.094305653928975,12.092688472421546,743
11.967166900634766,11.961557388305664,11.948752978557543,11.938343471681392,11.953955184794841,11.957855270634836,744
12.254080772399902,12.243803977966309,12.225036157172967,12.235541165700711,12.239615518309972,12.238377669189196,745
12.623047828674316,12.634234428405762,12.723285178825304,12.640460674848851,12.65525702768856,12.659981523602958,746
12.307357788085938,12.31175422668457,12.388655358518601,12.40056413184917,12.352082876284571,12.333988522889541,747
12.280985832214355,12.228288650512695,12.41251238788828,12.521078845365375,12.360716428995175,12.28155295296322,748
12.431293487548828,12.42710018157959,12.421726147446838,12.388264242627649,12.417096014800727,12.425546396038682,749
11.374359130859375,11.33911418914795,11.371732550131538,11.5037097918784,11.397228915504316,11.348545081548792,750
11.366291046142578,11.368170738220215,11.381731571471216,11.39930904718142,11.378875600753856,11.372091559358969,751
11.953136444091797,11.964334487915039,12.052349201057892,12.046615918801532,12.004109012966566,11.989782035379454,752
12.250824928283691,12.250458717346191,12.15133498521021,12.161260599258567,12.203469807524666,12.221799237717073,753
12.504822731018066,12.498294830322266,12.552897442992524,12.525799070482083,12.520453518703736,12.514081992808975,754
11.964071273803711,11.949103355407715,11.910549016297606,11.87960241009978,11.925831513902203,11.937956203534696,755
11.949618339538574,11.949549674987793,12.02662573231674,12.034872498821567,11.990166561416167,11.971834547109854,756
12.26768970489502,12.277207374572754,12.27600022581746,12.297390083696682,12.27957184724548,12.276858353663068,757
11.886902809143066,11.910449028015137,11.956957356801993,11.977733667769854,11.933010715432513,11.923895903679814,758
12.048466682434082,12.043734550476074,12.053292641915075,12.03488289767673,12.045094193125491,12.046498065539385,759
12.564343452453613,12.570435523986816,12.651695250686151,12.634704030012147,12.605294564284682,12.593930013468029,760
11.683542251586914,11.697162628173828,11.720235159417982,11.676515872410864,11.694363977897396,11.70383355071614,761
11.591193199157715,11.600719451904297,11.663144906382874,11.755660937095989,11.652679623635219,11.61876841961783,762
12.234129905700684,12.215587615966797,12.242991165942236,12.163796721707804,12.21412635232938,12.223510758743638,763
12.65300464630127,12.655662536621094,12.713580406363732,12.695459107739236,12.679426674256334,12.672408233865161,764
12.470439910888672,12.461936950683594,12.552821582192093,12.341873662009963,12.45676802644358,12.488214272866585,765
12.457121849060059,12.45286750793457,12.580410549134877,12.44651822399587,12.484229532531344,12.489743815074636,766
12.13714599609375,12.140222549438477,12.107710831334732,12.137637289809783,12.130679166669184,12.130822490515921,767
12.027143478393555,12.059942245483398,12.128351969468945,12.131981906222274,12.086854899892042,12.079721435075532,768
12.343939781188965,12.340060234069824,12.391834214763593,12.272940679613223,12.3371937274089,12.355029558902913,769
13.134320259094238,13.118565559387207,13.137039827285653,12.936447710994456,13.08159333919039,13.123906993704592,770
11.768258094787598,11.772834777832031,11.832801611980662,11.809956139394423,11.795962655998679,11.790172888743228,771
11.670729637145996,11.676091194152832,11.669708357549931,11.74089281787617,11.68935550168123,11.67424573523341,772
11.76430892944336,11.776618003845215,11.828346330867472,11.888555294364126,11.814457139630044,11.791574128908273,773
11.605057716369629,11.632772445678711,11.698924115723477,11.68352248998529,11.655069191939276,11.65189876789466,774
12.56633186340332,12.560246467590332,12.528576549562782,12.567003970042846,12.555539712649821,12.55108979692219,775
11.9718656539917,11.960891723632812,11.974090982088345,11.993968878831028,11.97520430963597,11.964708003252984,776
12.372756004333496,12.370538711547852,12.307825062624703,12.363369052558633,12.35362220776617,12.352406418654411,777
11.795132637023926,11.807167053222656,11.890450103496747,11.84278325389807,11.83388326191035,11.831246542880157,778
11.856562614440918,11.870024681091309,11.828408631373405,11.925516104278802,11.870128007796108,11.857992301928078,779
11.86726188659668,11.874212265014648,11.860730523415448,11.89083559919723,11.873260068556002,11.870314311513491,780
12.03210735321045,12.03206729888916,12.046903298308187,12.054077728846353,12.041288919813537,12.036356806698894,781
12.074799537658691,12.070755958557129,12.042819961399706,12.09930599610763,12.07192036343079,12.062678870213098,782
12.171845436096191,12.164463996887207,12.174648213927513,12.19669690463093,12.176913637885459,12.167408542603109,783
11.992898941040039,11.983959197998047,11.987902015220493,11.923936492462367,11.972174161680236,11.98509917817669,784
11.755090713500977,11.752324104309082,11.889145363460663,11.809884941138973,11.801611280602424,11.791883007156947,785
11.998909950256348,12.00774097442627,11.987273868834642,11.988190117550783,11.99552872776701,12.001823354264777,786
11.792776107788086,11.795305252075195,11.710498244777789,11.791858403905316,11.772609502136596,11.77078514326097,787
12.312320709228516,12.311910629272461,12.349231895489359,12.370493267866097,12.335989125464108,12.322701264832963,788
11.587571144104004,11.577326774597168,11.611005535990548,11.61910972770355,11.598753295598819,11.587064258802902,789
12.27196979522705,12.284831047058105,12.370599628216038,12.284341031711158,12.302935375553089,12.309629174121582,790
11.970380783081055,11.95760726928711,12.008775885547523,11.988362625934544,11.981281640962557,11.972401566109529,791
11.938076972961426,11.92402172088623,11.965239463058591,11.921364076240627,11.93717555828672,11.93593893805201,792
12.459921836853027,12.466702461242676,12.37977247116405,12.350410300081203,12.41420176733524,12.441568537951733,793
12.324119567871094,12.316988945007324,12.285965509129852,12.356767241710783,12.320960315929764,12.308019190646824,794
12.208672523498535,12.20702838897705,12.152499175714862,12.181726918736,12.187481751731614,12.191262448338984,795
11.986125946044922,12.010680198669434,12.021674747376712,12.006538938122796,12.006254957553466,12.013859034230986,796
11.84524154663086,11.860044479370117,11.76195388020836,11.775989332559927,11.810807309692315,11.831683707757646,797
11.450858116149902,11.433418273925781,11.56874289594258,11.626838037937986,11.519964330989062,11.472544456570803,798
13.017498016357422,13.004236221313477,13.156590260872482,13.132964039678349,13.077822134555433,13.048286091098094,799
11.9517822265625,11.929669380187988,11.925012424944377,11.829172307085702,11.908909084695143,11.928322922472343,800
12.204973220825195,12.158720016479492,12.174941332620278,12.15679048445137,12.173856263594084,12.163410058606404,801
11.634660720825195,11.671408653259277,11.64943253210885,11.723284997439416,11.669696725908183,11.665054733941817,802
12.192293167114258,12.202345848083496,12.119871656710743,12.086987582232407,12.150374563535227,12.178500222453371,803
13.050463676452637,13.049402236938477,13.08462604617296,12.967235450567104,13.037931852532793,13.05958643825397,804
11.571815490722656,11.579778671264648,11.65390276872736,11.746203307356666,11.637925059517833,11.601210048145667,805
12.289739608764648,12.281753540039062,12.238535078164851,12.266639512074235,12.2691669347607,12.269257858117133,806
11.805105209350586,11.776755332946777,11.790664038202069,11.79910489329849,11.79290736844948,11.780776733738918,807
12.332016944885254,12.29284954071045,12.338330028010457,12.034706635710071,12.24947578732906,12.305999238277414,808
11.820897102355957,11.824174880981445,11.95125997075295,11.911921762336164,11.877063429106629,11.8609187813874,809
11.862587928771973,11.827705383300781,11.689818003199845,11.736574242774417,11.779171389511754,11.787838234677945,810
12.170263290405273,12.145058631896973,12.079702453002024,12.03046927258271,12.106373411971745,12.12616230871266,811
11.937005043029785,11.92072582244873,11.892456439315579,11.870297683580855,11.905121247093739,11.912552342772635,812
11.377351760864258,11.314122200012207,11.49362171225852,11.42719103139957,11.403071676133639,11.366020595117051,813
11.950047492980957,11.95645809173584,11.872054674931189,11.924040405752647,11.92565016635016,11.932054672368798,814
11.726839065551758,11.703666687011719,11.653061279877154,11.629122925139127,11.678172489394939,11.689035229906102,815
12.24322509765625,12.23705005645752,12.220425011838206,12.25781698086517,12.239629286704286,12.232243284987831,816
11.809950828552246,11.807805061340332,11.85200037761534,11.757404987388904,11.806790313724205,11.820583179548677,817
12.504627227783203,12.512971878051758,12.536079681677846,12.513723787550566,12.516850643765844,12.519652998839131,818
11.937739372253418,11.934093475341797,11.918229195052438,11.87873395576675,11.9171989996036,11.929506662396136,819
12.350210189819336,12.337896347045898,12.27451445645355,12.233209816155062,12.298957702368462,12.31957084655128,820
12.117892265319824,12.125699996948242,12.167355213140587,12.159635428509667,12.14264572597958,12.137743700249015,821
11.338329315185547,11.3562650680542,11.393254052725208,11.463715420632413,11.387890964149342,11.366959631604594,822
12.212194442749023,12.225578308105469,12.187423682483173,12.153086092493112,12.194570631457694,12.214546724727649,823
11.858922004699707,11.855615615844727,11.857107361940999,11.795111165338586,11.841689036956005,11.85604692190975,824
12.37580394744873,12.389344215393066,12.335234315182085,12.379600203324806,12.369995670337172,12.37369951003933,825
13.024456024169922,13.007046699523926,13.041949841398049,12.932834761999041,13.001571831772734,13.017138186819436,826
11.578278541564941,11.537147521972656,11.593418842219986,11.598642471395216,11.5768718442882,11.553417155102688,827
12.17605972290039,12.177225112915039,12.171249083891608,12.160966719130055,12.171375159709275,12.175497273593725,828
12.183510780334473,12.156671524047852,12.160388439782684,12.136586528302159,12.159289318116793,12.157746189705511,829
11.9080810546875,11.918923377990723,11.946469673355542,11.93880429158313,11.928069599404225,11.92688779250432,830
12.086143493652344,12.084993362426758,12.02784792184233,11.995960073881104,12.048736212950633,12.068470996339093,831
11.90257740020752,11.922259330749512,11.91457414478345,11.870755460907668,11.902541584162037,11.92003732572716,832
12.377276420593262,12.380383491516113,12.354387758607512,12.305891078517512,12.3544846873086,12.37286738854376,833
11.962194442749023,12.004134178161621,11.990609375654348,11.989657100163372,11.98664877418209,12.000223774531811,834
11.792864799499512,11.812532424926758,11.859344867313967,11.840984410383259,11.826431625530873,11.826067228450349,835
11.77415657043457,11.784941673278809,11.848127399282431,11.808310462750544,11.803884026436588,11.80321045703251,836
11.850282669067383,11.86043643951416,11.812179353541971,11.883054619014409,11.85148827028448,11.84648394859621,837
11.481760025024414,11.496376991271973,11.416533951568226,11.43156011314173,11.456557770251585,11.47329210614298,838
11.901273727416992,11.891199111938477,11.85465410160189,11.849944257953481,11.87426779972771,11.880632913948165,839
11.793291091918945,11.768908500671387,11.746881331398386,11.736083761246004,11.761291171308681,11.762539821895242,840
11.789229393005371,11.766356468200684,11.759528449108958,11.784687434395993,11.77495043617775,11.764382294409508,841
11.9858980178833,11.91381549835205,11.900175645671354,11.835501554990879,11.908847679224396,11.90987183045716,842
12.052790641784668,12.01527214050293,11.967636052221035,11.933272593063128,11.992242856892942,12.0014991976132,843
11.660664558410645,11.694138526916504,11.647966516482905,11.826586757080326,11.707339089722595,11.680788890417325,844
11.804754257202148,11.811870574951172,11.926995034722692,11.812009343167384,11.838907302510849,11.845156318319965,845
12.112738609313965,12.126802444458008,12.14406580014471,12.138784751277164,12.130597901298461,12.13179376974381,846
12.243412971496582,12.245710372924805,12.227199048168805,12.183207206416638,12.224882399751708,12.240358224419897,847
11.762309074401855,11.780054092407227,11.793861387761666,11.721485901918815,11.76442761412239,11.784046172723583,848
12.332945823669434,12.289511680603027,12.221021970613897,12.149329308464127,12.24820219583762,12.269709364790856,849
12.105981826782227,12.103533744812012,12.087735346192297,12.070632002431415,12.091970730054488,12.0989659801238,850
11.81800651550293,11.818204879760742,11.867696077579426,11.865422924385875,11.842332599307243,11.832514187382046,851
12.192233085632324,12.186921119689941,12.151804533681162,12.218105380086618,12.18726602977251,12.176767919647169,852
12.09142780303955,12.088644981384277,12.073388936113947,11.949565198050262,12.05075672964701,12.084234026416944,853
12.08984088897705,12.077692985534668,12.075279824173235,12.02638545882584,12.0672997893777,12.076995272208208,854
12.107388496398926,12.107967376708984,12.064470580647415,12.064436494757382,12.086065737128177,12.095391220486897,855
11.93248462677002,11.902194023132324,11.891675442916867,11.802819034333286,11.882293281788122,11.899152803548315,856
11.974627494812012,11.96634292602539,11.927186773452451,11.885489725970874,11.93841173006518,11.955021772827898,857
11.917563438415527,11.933128356933594,11.911081101179269,12.021129800961553,11.945725674372486,11.926753870586548,858
11.881855964660645,11.9059419631958,12.04702847252208,11.820726005524254,11.913888101475695,11.946734070724933,859
12.357439994812012,12.351057052612305,12.362735092417246,12.39455199971272,12.36644603488857,12.354433504816896,860
12.011958122253418,12.009000778198242,12.068811077642028,11.943952590098469,12.008430642048038,12.026293630490862,861
11.827335357666016,11.842093467712402,11.87089394661744,11.871978309923865,11.85307527047993,11.850420502224736,862
11.913531303405762,11.917034149169922,11.879291877563293,11.865308516500091,11.893791461659767,11.906121789022073,863
11.872565269470215,11.880813598632812,11.876102459292625,11.852410101495165,11.870472857222705,11.879451474759541,864
12.249957084655762,12.248994827270508,12.153407539631091,12.171161612643077,12.205880266050109,12.22135783395042,865
11.81797981262207,11.82021713256836,11.81983092871074,11.828685433946115,11.821678326961822,11.820105470090045,866
12.411972999572754,12.428722381591797,12.475597146219563,12.454861728278175,12.442788563915572,12.442275204241032,867
11.74571704864502,11.720211029052734,11.79062224646386,11.842663255792408,11.774803394988506,11.740568907106471,868
11.975181579589844,11.981829643249512,12.021647568789579,12.055560205453231,12.008554749270541,11.993342133763125,869
12.361316680908203,12.357427597045898,12.32884694603695,12.341471003449268,12.34726555686008,12.349164121007142,870
11.48391342163086,11.487813949584961,11.503607484295394,11.537486310995236,11.503205291626612,11.49238030797918,871
12.10629940032959,12.111440658569336,12.139101713904957,12.137152303165019,12.123498518992225,12.119438253442214,872
11.602911949157715,11.62490463256836,11.71307192704802,11.542983247107639,11.620967938970434,11.650396295620634,873
11.742316246032715,11.77132511138916,11.795564078783666,11.702799280191227,11.753001179099194,11.77833328367348,874
11.475327491760254,11.473851203918457,11.496404066684537,11.595884373640898,11.510366784001036,11.480371875578964,875
12.658437728881836,12.65941333770752,12.690672199891242,12.680541450705046,12.672266179296411,12.668451160483954,876
11.855971336364746,11.847578048706055,11.842236409536794,11.776147214057803,11.83048325216635,11.846033629467003,877
12.76783561706543,12.759254455566406,12.74840698941395,12.72480201652556,12.750074769642836,12.756118145739036,878
11.954645156860352,11.952041625976562,11.931872510761812,11.931578953441118,11.942534561759961,11.946210163276575,879
11.785029411315918,11.788328170776367,11.820907625547543,11.754685622710467,11.787237707587574,11.797747814288794,880
11.962018966674805,11.943408012390137,11.989283978280683,11.933727990945055,11.95710973707267,11.956672054023503,881
12.285416603088379,12.280101776123047,12.276065080644011,12.305550924453835,12.286783596077317,12.278934653080388,882
12.044174194335938,12.034829139709473,12.06560735739205,12.07143783686374,12.0540121320753,12.043727994541577,883
11.747943878173828,11.740730285644531,11.710397316401107,11.788592802565713,11.746916070696294,11.731960164752293,884
11.56263256072998,11.566696166992188,11.65006785271538,11.69682902246014,11.619056400724421,11.590801283669506,885
12.44776725769043,12.472844123840332,12.546249872786817,12.56974892971212,12.509152546007424,12.494067805810921,886
12.00722599029541,12.001876831054688,12.052893152223147,11.940889594157472,12.000721391932679,12.016627095050744,887
11.886852264404297,11.901660919189453,11.88730666747874,11.765744848499217,11.860391174892927,11.897510698292503,888
12.555480003356934,12.593795776367188,12.731337509820838,12.641173654494459,12.630446736009855,12.633562988750404,889
12.005315780639648,12.019994735717773,12.00546495428384,11.976924943415803,12.001925103514266,12.01579376420421,890
11.643046379089355,11.648529052734375,11.619030138946878,11.569880727297317,11.62012157451698,11.640000080907384,891
12.062355995178223,12.074334144592285,12.07196138229929,12.074269111183545,12.070730158313337,12.073648111781218,892
11.88467025756836,11.890109062194824,11.865715363639303,11.839450527346921,11.869986302687352,11.883056152747553,893
11.896275520324707,11.883479118347168,11.952671459188709,11.929628124342614,11.915513555550799,11.9034845846478,894
11.673333168029785,11.695024490356445,11.749549431878924,11.791453712261028,11.727340200631545,11.710789195913522,895
11.977607727050781,11.98413372039795,12.046952084246541,12.028415192707268,12.009277181100636,12.002296289343432,896
11.34217357635498,11.396581649780273,11.393479035950651,11.558798324225489,11.422758146577848,11.395684596209641,897
11.810090065002441,11.829912185668945,11.852728211254895,11.961111734487877,11.863460549103541,11.836508945157389,898
13.061742782592773,13.05039119720459,13.058082625282243,12.983246431950377,13.038365759257495,13.052615006998273,899
11.767398834228516,11.783024787902832,11.806384665785117,11.812372354791108,11.792295160676893,11.78977879050019,900
11.610993385314941,11.605610847473145,11.667729810671938,11.691613708948701,11.64398693810218,11.623571199873268,901
11.961485862731934,11.962718963623047,11.917932722819934,11.877472246884283,11.929902449014799,11.949769992389793,902
12.094805717468262,12.100478172302246,12.1093111342654,12.101383398220166,12.101494605564017,12.103032031887563,903
12.409607887268066,12.400870323181152,12.381970200460104,12.400093335823886,12.398135436683301,12.395405762167968,904
11.667860984802246,11.659452438354492,11.686482149725194,11.717798864922782,11.682898609451179,11.667267493797995,905
11.703289031982422,11.709904670715332,11.76002284807267,11.783356760775979,11.7391433278866,11.724395255886709,906
12.474860191345215,12.437637329101562,12.443964193768993,12.441732880191449,12.449548648601805,12.439466604948478,907
12.33831787109375,12.369569778442383,12.467467119071559,12.282723284228329,12.364519513209004,12.39787467353711,908
11.732147216796875,11.732410430908203,11.80917079662565,11.803049329762421,11.769194443523288,11.754604027640266,909
12.108616828918457,12.104737281799316,12.091149871942234,12.067557917211792,12.09301547496795,12.100808776610698,910
11.97309398651123,11.966983795166016,11.85165062205011,11.953298802718832,11.936256801611547,11.933637706855475,911
11.958695411682129,11.956214904785156,11.943079208603354,11.89608591326835,11.938518859584747,11.952417002819358,912
11.526399612426758,11.531185150146484,11.567917340124055,11.639411507630314,11.566228402581903,11.541805467074735,913
11.99919605255127,12.033571243286133,11.928448551277826,11.899237788612881,11.965113408932027,12.00317729437754,914
12.026287078857422,12.023258209228516,12.009767106343716,11.96253909573815,12.005462872541951,12.019357549114439,915
11.329968452453613,11.356526374816895,11.309379048137403,11.463118580611852,11.36474811400494,11.342894746755467,916
10.852630615234375,10.711615562438965,10.99770798769076,11.1315444168297,10.92337464554845,10.794332989001365,917
11.837804794311523,11.822361946105957,11.879148089046318,11.818943532031478,11.839564590373818,11.838780429064034,918
12.470373153686523,12.448773384094238,12.475293205999092,12.441289007363252,12.458932187785777,12.456441016045458,919
12.136082649230957,12.110992431640625,12.059621421892599,12.009007533305274,12.078926009017364,12.096139617126124,920
12.179914474487305,12.17739486694336,12.165722621880349,12.211614740987876,12.183661676074722,12.174020090162855,921
12.001668930053711,12.008245468139648,11.93630633428576,12.112720248970746,12.014735245362466,11.987445826148834,922
12.117300987243652,12.110960006713867,12.063274796707528,12.076075373192031,12.091902790964271,12.097172861341736,923
12.13300609588623,12.14004898071289,12.166799448773384,12.15574923155942,12.14890093923298,12.147783299003061,924
12.240367889404297,12.239336967468262,12.155712139392238,12.14550351363304,12.195230127474458,12.215158660163958,925
11.934808731079102,11.930991172790527,11.948956932731464,11.941545316786232,11.939075538346831,11.936185583048836,926
12.615453720092773,12.612466812133789,12.590379011445306,12.593496503299376,12.602949011742812,12.606080603097439,927
12.09837532043457,12.095778465270996,12.124933355649238,12.192744297766161,12.127957859780242,12.104207970182475,928
12.390795707702637,12.407869338989258,12.38519828140102,12.393191802438686,12.3942637826329,12.401314493856619,929
12.265490531921387,12.269207954406738,12.33518193791564,12.354628524423541,12.306127237166827,12.288282902410424,930
12.285984992980957,12.28493881225586,12.245865410389833,12.292625848586182,12.277353766053208,12.273641584632474,931
11.714171409606934,11.725078582763672,11.752105345670603,11.740280135219962,11.732908868315292,11.732892785722754,932
12.600680351257324,12.602306365966797,12.631804539225989,12.715937118331432,12.637682093695386,12.610835123686073,933
12.160812377929688,12.172307014465332,12.217329584595564,12.26852722894766,12.20474405148456,12.185324315203442,934
12.404465675354004,12.38106918334961,12.35880309232623,12.296311031422018,12.360162245612965,12.374631425525589,935
11.484644889831543,11.469907760620117,11.414817617795714,11.33815962006879,11.42688247207904,11.453979639351688,936
12.130472183227539,12.133399963378906,12.082038147279889,12.114584347005394,12.115123660222931,12.118549807008836,937
12.340076446533203,12.320399284362793,12.365736702073637,12.384460445529367,12.35266821962475,12.333507616457657,938
12.453792572021484,12.43964672088623,12.457902205229722,12.431210322243924,12.44563795509534,12.444924898678652,939
12.377521514892578,12.35737133026123,12.360537717079488,12.370145953264416,12.366394128874429,12.358286822409886,940
12.083553314208984,12.084486961364746,12.10978744440585,12.160442286421876,12.109567501600365,12.091802047900519,941
12.259921073913574,12.260851860046387,12.290733075152959,12.331435427114082,12.28573535905675,12.26949136601722,942
11.712068557739258,11.680081367492676,11.946302615423914,11.965960381569452,11.826103230556326,11.757053473642364,943
11.839592933654785,11.860397338867188,11.722813459880173,11.865000680517117,11.821951103229814,11.820617941016085,944
11.922863006591797,11.942007064819336,11.974654642114649,11.927737583465898,11.94181557424792,11.951446404483743,945
11.912382125854492,11.938432693481445,11.892903988239997,11.909422464687637,11.913285318065892,11.925269054741356,946
11.836278915405273,11.835460662841797,11.999405395740684,11.887767387944958,11.889728090483178,11.882861730492996,947
12.472092628479004,12.489547729492188,12.527510307490891,12.518393580214095,12.501886061419045,12.500523786460363,948
12.262742042541504,12.255146980285645,12.211291660495855,12.24515568771848,12.24358409276037,12.242467164694968,949
12.097529411315918,12.112459182739258,12.045464987566783,12.03580683127411,12.072815103224016,12.09308926263596,950
11.780879974365234,11.774469375610352,11.842627083431553,11.765306575224981,11.79082075215803,11.794175700188502,951
11.612824440002441,11.602598190307617,11.735994823983567,11.765270674115984,11.679172032102402,11.641166936893795,952
11.73206615447998,11.723770141601562,11.712722874562187,11.740771567508432,11.727332684538041,11.720576063676429,953
11.995890617370605,11.967491149902344,12.027604393966387,12.100732699149251,12.022929715097145,11.984871592068608,954
11.755304336547852,11.817487716674805,11.820779470610667,11.755149932913561,11.787180364186721,11.818439456009433,955
11.979222297668457,12.001920700073242,11.969307067102488,11.97391094609851,11.981090252735676,11.992491174674878,956
11.6685209274292,11.665107727050781,11.77474861329033,11.810780883336616,11.729789537776732,11.696808013934554,957
11.724127769470215,11.73194408416748,11.770524399118402,11.781402391604596,11.751999661090172,11.743098746392105,958
12.198400497436523,12.198026657104492,12.193479015485337,12.196439454890571,12.196586406229232,12.196711805055077,959
12.052821159362793,12.085100173950195,12.030046754247042,12.05169484697531,12.054915733633834,12.06918267037667,960
11.73154067993164,11.737282752990723,11.780890067359444,11.683953404689724,11.733416726242883,11.749890863186941,961
12.44546127319336,12.425785064697266,12.470842471536683,12.463718789853296,12.451451899820151,12.4388124377151,962
11.986126899719238,11.97504997253418,12.00326268933393,11.994815123422647,11.989813671252499,11.983207068367651,963
12.54061222076416,12.555258750915527,12.557588571410546,12.558650428814298,12.553027492976133,12.555932368036046,964
12.320877075195312,12.314754486083984,12.267305790686848,12.266643304229596,12.292395164048935,12.30103572378701,965
12.080946922302246,12.087903022766113,12.024633153309452,12.060444107866969,12.063481801561196,12.069609910755938,966
11.909571647644043,11.927614212036133,11.796717787424797,11.731993877644298,11.841474381187318,11.8897683467339,967
11.796795845031738,11.799592971801758,11.822651486325498,11.799716183332716,11.804689121622928,11.806259841713036,968
11.173616409301758,11.18045711517334,11.036305723988109,11.096570445392004,11.121737423463802,11.13877886345543,969
11.77614974975586,11.767693519592285,11.69855618848483,11.712756830807853,11.738789072160207,11.747703958164479,970
11.282329559326172,11.323938369750977,11.217108326077216,11.43782423896476,11.31530012352978,11.29305077709813,971
12.038528442382812,12.060354232788086,12.014379173444716,12.022076410822327,12.033834564859486,12.047061540429699,972
11.718093872070312,11.703927040100098,11.702703530685936,11.69754395283796,11.705567098923577,11.703573288860353,973
12.282916069030762,12.281793594360352,12.20752788294737,12.232380014411453,12.251154390187484,12.260321272873682,974
12.006586074829102,12.038156509399414,12.204219016273603,12.165004259282616,12.103491464946185,12.086169885513948,975
12.04723072052002,12.069701194763184,12.009624344166102,12.03448396693144,12.040260056595185,12.052331274979426,976
11.422616958618164,11.408355712890625,11.464306803301827,11.375578856857919,11.417714582917133,11.424532758501329,977
12.207229614257812,12.198694229125977,12.17123143306812,12.138059339592708,12.178803654011155,12.190753956627972,978
11.509204864501953,11.511053085327148,11.56753128755798,11.63596369458948,11.55593823299414,11.527382533900607,979
11.827986717224121,11.832525253295898,11.857703722242814,11.839294427222733,11.839377529996392,11.839805062099774,980
12.20472240447998,12.200834274291992,12.046012887285958,11.94652027363703,12.09952245992374,12.156071024448208,981
12.62671184539795,12.61878490447998,12.705446997428878,12.664785332318264,12.653932269906267,12.643841371119862,982
12.057625770568848,12.056443214416504,12.084763772560654,12.08649247944008,12.071331309246522,12.064631490238323,983
12.434928894042969,12.430997848510742,12.470191353187921,12.497331849274921,12.458362486254138,12.442329801259943,984
11.751382827758789,11.762041091918945,11.718051500899751,11.84778916818492,11.7698161471906,11.749322454711276,985
11.768525123596191,11.79849624633789,11.770909948186974,11.766117781501288,11.776012274905586,11.790520265885355,986
11.73224925994873,11.7634859085083,11.769070394876115,11.828992819307238,11.773449595660097,11.765100541753526,987
12.856586456298828,12.856886863708496,12.92165838931158,12.803660441468713,12.859698037696905,12.875614147059995,988
12.1063232421875,12.117609024047852,12.165830027862059,12.174238392147355,12.141000171561192,12.131551082591542,989
12.186013221740723,12.192774772644043,12.188968825841032,12.184633226052375,12.188097511569543,12.19167436558188,990
12.631373405456543,12.631264686584473,12.66323718551328,12.670386159935799,12.649065359372525,12.640508841964792,991
11.998250961303711,12.02527141571045,11.952472679665348,12.039512056409567,12.003876778272268,12.004223238369345,992
12.208393096923828,12.22894287109375,12.217498944746195,12.146928459192377,12.200440842989039,12.22563410772329,993
12.079389572143555,12.087964057922363,12.03984685608927,12.06930146572534,12.069125487970132,12.07405201147264,994
12.806782722473145,12.824848175048828,12.774046246770766,12.70143549806691,12.776778160589913,12.810159898112204,995
11.688191413879395,11.669432640075684,11.67612947970603,11.677802462958109,11.677888999154806,11.67136888616761,996
11.768181800842285,11.788200378417969,11.844627085264884,11.813382370333724,11.803597908714714,11.804514938216817,997
11.925579071044922,11.95444393157959,11.993877327018138,11.950770144987718,11.956167618657592,11.965845243545202,998
11.249747276306152,11.321063041687012,11.41425786491433,11.55051316172105,11.383895336157137,11.348008305755142,999
12.150904655456543,12.156774520874023,12.164720449157752,12.15503514701091,12.156858693124807,12.15907191388854,1000
11.238951683044434,11.150369644165039,11.1742315882475,11.185210187911931,11.187190775842225,11.1572688083269,1001
11.337688446044922,11.343512535095215,11.304448227340199,11.376751975102762,11.340600295895776,11.332217936837003,1002
12.383814811706543,12.350193977355957,12.454688375714094,12.40480984015712,12.398376751233428,12.3804062687676,1003
11.932851791381836,11.924517631530762,11.868213094699225,11.92427137223282,11.912463472461162,11.908238394545046,1004
12.155471801757812,12.134765625,12.150123361562493,12.18647053779213,12.15670783152811,12.13920598180132,1005
11.823396682739258,11.831120491027832,11.831657440453169,11.786774605142982,11.81823730484081,11.831275738321146,1006
12.072875022888184,12.043542861938477,11.943005390018502,12.111671338199466,12.042773653261156,12.014474630079524,1007
11.441984176635742,11.445706367492676,11.412478483301921,11.478849929530593,11.444754739240235,11.436099244661815,1008
12.394004821777344,12.38239574432373,12.393070507739328,12.371024540239638,12.38512390352001,12.385482120896349,1009
11.585338592529297,11.564194679260254,11.524464554466835,11.569935148428256,11.56098324367116,11.55270757443033,1010
11.76345157623291,11.754583358764648,11.686261325265257,11.686104165947771,11.722600106552648,11.73482952297677,1011
11.573701858520508,11.561574935913086,11.618383154563132,11.686693695108993,11.61008841102643,11.577999801584347,1012
12.07375431060791,12.07094669342041,12.017941434013517,11.867413247831703,12.007513921468384,12.055621371023108,1013
11.400531768798828,11.348960876464844,11.62259119669322,11.684196608568895,11.514070112631448,11.428075155351522,1014
11.66637897491455,11.69377613067627,11.687072178300257,11.69301727117164,11.685061138765679,11.691837828088033,1015
12.242298126220703,12.265046119689941,12.290451704810346,12.242764809083939,12.260140189951231,12.272391594214904,1016
12.34972095489502,12.349510192871094,12.355516984252848,12.328528814554435,12.345819236643347,12.351246926461851,1017
12.152652740478516,12.177978515625,12.189520263943917,12.264756996472082,12.196227129129879,12.181315562099165,1018
12.010025978088379,12.019882202148438,12.052641908733003,12.060860783806792,12.035852718194153,12.029353961567548,1019
12.170675277709961,12.156445503234863,12.221022777708402,12.188877973155714,12.184255382952234,12.17511662308071,1020
11.944009780883789,11.942183494567871,11.941993057358813,11.890228532524564,11.929603716333759,11.942128433774698,1021
12.214221000671387,12.221186637878418,12.165883540845568,12.191659004209663,12.198237545901259,12.205196945514274,1022
11.589804649353027,11.59044361114502,11.663367515699187,11.68389989306406,11.631878917315323,11.611527978248741,1023
12.132224082946777,12.117423057556152,12.148468458599163,12.153257377834079,12.137843244234043,12.126399162668392,1024
12.582805633544922,12.56311321258545,12.554774841350046,12.734155561221666,12.60871231217552,12.560702353193744,1025
11.665596961975098,11.675707817077637,11.712043553685435,11.762804301707254,11.704038158611356,11.68621350810319,1026
11.822352409362793,11.853019714355469,11.884873100035762,11.900361790692626,11.865151753611663,11.862229430720573,1027
12.577052116394043,12.565563201904297,12.645089954141232,12.58654240758645,12.593561920006506,12.58855663936464,1028
11.666369438171387,11.69074535369873,11.747699305410661,11.765926731484127,11.717685207191227,11.707212354927526,1029
11.696101188659668,11.694831848144531,11.699367990677542,11.655987149037141,11.686572044129722,11.696143375482317,1030
11.801884651184082,11.804019927978516,11.849333536852285,11.878879025504705,11.833529285379896,11.817121376263959,1031
12.348884582519531,12.2735595703125,12.32846489066731,12.503845318731528,12.363688590557718,12.28943425416803,1032
12.652244567871094,12.662129402160645,12.598819110946671,12.658329073697262,12.642880538668917,12.643824603075082,1033
12.364078521728516,12.361675262451172,12.348819508148068,12.381585348066471,12.364039660098557,12.357958299614651,1034
11.667569160461426,11.710136413574219,11.673274393159776,11.563934706806931,11.653728668500587,11.699478558987927,1035
11.33421516418457,11.299456596374512,11.37486247726823,11.41542379090002,11.355989507181834,11.321258573164737,1036
12.669876098632812,12.670110702514648,12.635240711982476,12.584817782480728,12.640011323902666,12.660028800211443,1037
12.4072265625,12.415240287780762,12.459707003369525,12.445338083071885,12.431877984180542,12.428096875220808,1038
11.442188262939453,11.460776329040527,11.573591307928988,11.570634729625398,11.51179765738359,11.493394336046942,1039
11.244467735290527,11.226713180541992,11.239286216119483,11.352372286658076,11.265709854652519,11.230348401384111,1040
11.907586097717285,11.93883991241455,11.91990074400983,12.078924958093078,11.961312928058685,11.933364062187858,1041
11.969128608703613,11.984870910644531,11.980195465034264,12.000045442868984,11.983560106812849,11.983519106839964,1042
12.18984603881836,12.190261840820312,12.148216198710067,12.16460304512613,12.173231780868717,12.178105254323967,1043
12.457669258117676,12.45886516571045,12.494183273753452,12.543896680412583,12.48865359449854,12.46907663148344,1044
12.609169960021973,12.567849159240723,12.647025716511349,12.66029828759883,12.621085780843218,12.590741345413539,1045
11.813913345336914,11.786453247070312,11.736546118960806,11.69829815995515,11.758802717830795,11.77202368221656,1046
13.018893241882324,13.017308235168457,12.992704852676928,12.969485805859861,12.999598033896893,13.010194700153896,1047
11.897602081298828,11.893463134765625,11.84085309403723,11.863262885285348,11.873795298846758,11.878252081286787,1048
11.866219520568848,11.828231811523438,11.7837832314372,11.824636596611752,11.82571779003531,11.81538046757104,1049
11.517858505249023,11.502531051635742,11.579434704616952,11.520234661885185,11.530014730846725,11.524766076775798,1050
12.099065780639648,12.112283706665039,12.171849713100329,12.139517586853227,12.130679196814562,12.129505926926868,1051
12.1677885055542,12.171303749084473,12.11625827796907,12.104852700799182,12.140050808351731,12.155388543672888,1052
12.045312881469727,12.062342643737793,12.024379135292781,12.105813143955022,12.059461951113832,12.051366317751226,1053
11.894902229309082,11.904251098632812,11.890529330534108,11.912073689155562,11.900439086907891,11.900283746669503,1054
12.4654541015625,12.469718933105469,12.500758080587891,12.474935333610889,12.477716612216687,12.478693230136148,1055
12.02257251739502,12.047481536865234,12.008193360197742,11.979436533582952,12.014420987010237,12.036122211761107,1056
12.295985221862793,12.271687507629395,12.255541060142772,12.23022156712063,12.263358839188898,12.267019112151806,1057
12.444093704223633,12.44307804107666,12.37763161027341,12.296514396848591,12.390329438105574,12.424155623508371,1058
12.759210586547852,12.766762733459473,12.77109929287144,12.697523785194818,12.748649099518396,12.768016555661783,1059
12.161324501037598,12.189273834228516,12.160069649309836,12.062231722225565,12.143224926700377,12.180830076868638,1060
12.247703552246094,12.253508567810059,12.216429904164519,12.203264201791338,12.230226556503002,12.242788075527077,1061
11.322659492492676,11.181375503540039,11.565417961710898,11.34078296976355,11.352558981876792,11.292413060031205,1062
11.740920066833496,11.736201286315918,11.642832081595584,11.878072295422971,11.749506432541992,11.709205603617063,1063
11.71021556854248,11.700578689575195,11.784881169244427,11.77011815814977,11.741448396377969,11.72495292515634,1064
11.902100563049316,11.91862964630127,11.929593862674762,11.943152428116333,11.923369125035421,11.921799711925658,1065
12.53915786743164,12.517598152160645,12.54088669082744,12.562825464594436,12.54011704375354,12.524331528569409,1066
12.063583374023438,12.066904067993164,12.051866437369354,12.047569612081976,12.057480872866982,12.062556262888913,1067
12.147645950317383,12.140484809875488,12.009919890983483,12.045140395427472,12.085797761650957,12.10273479226992,1068
12.064104080200195,12.051440238952637,11.983455531225614,12.19224869535799,12.07281213643411,12.03178393360367,1069
11.776073455810547,11.756775856018066,11.71731168962772,11.650153544841691,11.725078636574507,11.745365647298398,1070
11.765892028808594,11.756856918334961,11.763973519642464,11.795609830102016,11.770583074222008,11.758914529421691,1071
11.925928115844727,11.923664093017578,11.923515613660138,11.949509464117893,11.930654321660084,11.923621163428184,1072
11.62121295928955,11.56846809387207,11.597262395424682,11.737836082465796,11.631194882763024,11.576793342336785,1073
11.882652282714844,11.892655372619629,11.913403494747987,11.936166770302046,11.906219480096127,11.898654242624488,1074
12.14657211303711,12.15477180480957,12.177021738392174,12.16509149399501,12.160864287558464,12.161204891059644,1075
12.168008804321289,12.152587890625,12.204140273441718,12.105783994689874,12.15763024076947,12.167493145232863,1076
11.909658432006836,11.889605522155762,11.973008967998597,11.902854801774595,11.918781930983947,11.913719821583593,1077
11.77880573272705,11.774949073791504,11.796912344924287,11.871195526987355,11.80546566960755,11.78129927780476,1078
11.85966968536377,11.844274520874023,11.872672947839671,11.864636547117996,11.860313425298866,11.85248531077855,1079
11.767035484313965,11.764925003051758,11.779463962467712,11.79970980057,11.77778356260086,11.769128628179983,1080
12.042914390563965,12.046638488769531,12.089981361561437,12.058450574261034,12.059496203788992,12.059170141412949,1081
11.728131294250488,11.705763816833496,11.785644371613662,11.799303206246996,11.754710672236161,11.728859548634073,1082
12.176433563232422,12.193288803100586,12.160806952614106,12.187257319337546,12.179446659571166,12.18389737975248,1083
11.935285568237305,11.938175201416016,11.928942194326657,11.934703671824986,11.93427665895124,11.935505677449445,1084
12.127259254455566,12.104050636291504,12.153956643232934,12.062183962268318,12.11186262406208,12.118479876983798,1085
11.97412109375,11.984795570373535,11.913449480136245,11.880802909747722,11.938292263501875,11.964167394096155,1086
11.453563690185547,11.46733570098877,11.40676815072246,11.46008347137621,11.446937753318245,11.449823906026676,1087
12.482000350952148,12.480831146240234,12.505997750599809,12.487094219627629,12.488980866854956,12.488107524655726,1088
11.862622261047363,11.872310638427734,11.779468807114961,11.812232483029488,11.831658547404887,11.845467434324117,1089
12.25649642944336,12.243797302246094,12.222740149101751,12.240678931199158,12.24092820299759,12.237709082618128,1090
11.303121566772461,11.335715293884277,11.38561904676497,11.327903806880142,11.338089928575464,11.350143882863744,1091
11.976807594299316,11.988146781921387,11.94827148241874,11.989020319173145,11.975561544453146,11.976617702969504,1092
12.090377807617188,12.066861152648926,12.027151724626677,12.004941859618672,12.047333136127865,12.05538003184199,1093
12.032474517822266,12.022024154663086,11.929036402567617,11.900994194742823,11.971132317448948,11.99513876072653,1094
11.794612884521484,11.785636901855469,11.747313404678493,11.73977975114402,11.766835735549867,11.77455649292622,1095
12.044976234436035,12.035856246948242,12.029795934770293,12.041370512564486,12.037999732179763,12.034104038978796,1096
11.719316482543945,11.72491455078125,11.710111174001119,11.678786744873118,11.708282238049858,11.720634475100784,1097
11.952539443969727,11.968400001525879,11.968969998588719,11.904073238585294,11.948495670667405,11.9685648038276,1098
11.662833213806152,11.653546333312988,11.62914404624519,11.630107915959421,11.643907877330937,11.64649094068346,1099
12.0177583694458,12.035646438598633,12.076064022846305,12.1411726164488,12.067660361834884,12.047332307435928,1100
10.859220504760742,10.887451171875,10.865541544010942,10.929832112190686,10.885511333209342,10.881116477650714,1101
11.672412872314453,11.665258407592773,11.72547207480103,11.751856139268993,11.703749873494314,11.682667884935517,1102
11.74842643737793,11.787776947021484,11.750029054179263,11.805205812271959,11.772859562712659,11.776862961615148,1103
12.029610633850098,12.041254997253418,11.920881599626716,11.841494946336773,11.958310544266752,12.006451637222163,1104
11.588480949401855,11.58094310760498,11.6548979285886,11.664663578207787,11.622246390950805,11.60232554185945,1105
12.69113540649414,12.6954345703125,12.71610019229282,12.645935733197899,12.687151475574339,12.701409587186921,1106
12.183366775512695,12.169867515563965,12.182340426003178,12.190740188299683,12.181578726344881,12.173473787391565,1107
12.48001766204834,12.457656860351562,12.338820783526577,12.323549657965817,12.400011240973075,12.423297983324034,1108
11.99240779876709,12.00550365447998,12.057683266079595,12.087244056854402,12.035709694045266,12.02059025870149,1109
12.628447532653809,12.625741958618164,12.665279238358709,12.627266876581482,12.63668390155304,12.637173306479042,1110
12.096724510192871,12.100354194641113,12.12235494222553,12.115723461483835,12.108789277135838,12.10671523415843,1111
12.156478881835938,12.1653470993042,12.186508463239353,12.129827316469228,12.15954044021218,12.171465449224598,1112
11.70495319366455,11.697688102722168,11.687080047866568,11.680042208234282,11.692440888121892,11.694621013484431,1113
11.848311424255371,11.839493751525879,11.787470617494927,11.783994694585768,11.814817621965485,11.824452389403259,1114
11.669677734375,11.660979270935059,11.58605691757647,11.636290007114196,11.638250982500182,11.63931709565598,1115
12.677752494812012,12.68090534210205,12.650723180060305,12.598183034035085,12.651891012752362,12.672178823844934,1116
12.167951583862305,12.17149543762207,12.142384713531843,12.170772808197613,12.163151135803457,12.163078702435907,1117
11.79888916015625,11.803359985351562,11.855922288543644,11.833207525402951,11.822844739863601,11.818557236556012,1118
11.806611061096191,11.783621788024902,11.83405884406763,11.838931110793304,11.815805700995506,11.798204570059646,1119
11.74816608428955,11.76208782196045,11.762025365151828,11.74127234276448,11.753387903541578,11.762069763927366,1120
11.590909004211426,11.632986068725586,11.557155491112493,11.556184549396448,11.584308778361489,11.611061300080017,1121
12.324883460998535,12.322210311889648,12.248896618867505,12.314012978079868,12.302500842458889,12.30101324589519,1122
11.324729919433594,11.308783531188965,11.293400533331225,11.51042609936831,11.359335020830523,11.304335870631412,1123
11.434609413146973,11.465670585632324,11.529429926614062,11.457159667788847,11.471717398295553,11.484105217729564,1124
12.014572143554688,12.015624046325684,12.070624921293293,12.063905033668364,12.041181536210507,12.031526357727312,1125
11.559358596801758,11.574101448059082,11.666333510556342,11.640778029844046,11.610142896315306,11.600768350720351,1126
12.203593254089355,12.181000709533691,12.23459435809535,12.235022439373985,12.213552690273096,12.196496151907633,1127
12.405279159545898,12.426518440246582,12.378378001955172,12.386882497574637,12.399264524830572,12.412599675478354,1128
12.28237247467041,12.2879056930542,12.257955403655938,12.273804554658767,12.27550953150983,12.27924621574842,1129
11.782100677490234,11.782517433166504,11.783115241271664,11.831993543965005,11.794931723973352,11.782690276428585,1130
11.834768295288086,11.740901947021484,11.963652174612973,11.952540663347369,11.872965770067479,11.805305349440616,1131
11.633800506591797,11.6006498336792,11.506909429471396,11.570541913612923,11.577975420838827,11.573546826690588,1132
11.876410484313965,11.807520866394043,11.799029818728295,11.930340099741745,11.853325317294512,11.805065863920241,1133
12.345548629760742,12.351696014404297,12.412381613866891,12.390141869829806,12.374942031965434,12.369241940733959,1134
12.071062088012695,12.069646835327148,12.066831676415239,12.097105031519176,12.076161407818566,12.068832893118255,1135
11.542464256286621,11.544543266296387,11.575859035851138,11.595880786600649,11.564686836258698,11.553597542606257,1136
11.650779724121094,11.64621639251709,11.719282047901817,11.756021896852484,11.693075015348121,11.667341743802432,1137
11.329826354980469,11.367369651794434,11.322277499309484,11.408446331604557,11.356979959422237,11.35433223282596,1138
12.268494606018066,12.261189460754395,12.190184727681565,12.17127546135721,12.22278606395281,12.240659980505606,1139
11.637358665466309,11.652332305908203,11.746926841607477,11.73519241421283,11.692952556798705,11.679682266512796,1140
11.734036445617676,11.753366470336914,11.714714113859676,11.739223861925755,11.735335222935007,11.742190978865738,1141
12.135172843933105,12.136260032653809,12.087724836677623,12.05011400728642,12.102317930137739,12.122227132253464,1142
12.864490509033203,12.860057830810547,13.045937253308699,12.838802067981035,12.902321915283371,12.913800838743803,1143
11.554949760437012,11.497424125671387,11.523244254375067,11.630045383006381,11.551415880872462,11.504889456492357,1144
11.431245803833008,11.427678108215332,11.467118418717687,11.40060591215317,11.4316620607298,11.43908141952183,1145
11.724625587463379,11.734800338745117,11.79753335529216,11.754538848927238,11.752874532606974,11.75293823136741,1146
12.097075462341309,12.11019229888916,12.061657508432607,12.09828952043752,12.091803697525147,12.096159515736032,1147
12.119475364685059,12.126615524291992,12.164857227308755,12.007844946686923,12.104698265743183,12.13767228421189,1148
11.646159172058105,11.685684204101562,11.641506332188502,11.662338947133458,11.658922163870406,11.67291112955254,1149
11.96490478515625,11.992820739746094,11.819946090037888,11.934476632345149,11.928037061821346,11.94283778011634,1150
11.670698165893555,11.7051420211792,11.719931886191391,11.661316374057277,11.689272111830356,11.7094181902247,1151
11.967799186706543,11.979209899902344,11.93315758215879,11.94232629923489,11.955623242000643,11.965894869951349,1152
12.330208778381348,12.355733871459961,12.322035337972112,12.229616145932994,12.309398533436603,12.345990670581475,1153
11.655285835266113,11.673222541809082,11.725235765843395,11.734305830430179,11.697012493337192,11.688261038670877,1154
12.345874786376953,12.329391479492188,12.310490051634986,12.21229028152838,12.299511649758127,12.323926541127161,1155
12.269283294677734,12.260437965393066,12.166315704936236,12.066329580248876,12.190591636313979,12.233224552942973,1156
12.1582670211792,12.137656211853027,12.113198259296402,11.96731284833475,12.094108585165845,12.1305847247534,1157
12.220989227294922,12.218168258666992,12.244509703438075,12.234030183268107,12.229424343167025,12.225784316734527,1158
12.316059112548828,12.317924499511719,12.366913288596786,12.418155361217552,12.35476306546872,12.332088546532392,1159
12.152155876159668,12.126952171325684,12.155291938819117,12.108290437079221,12.135672605845922,12.135146001114677,1160
11.843055725097656,11.83456802368164,11.909992015127113,11.92104953759583,11.87716632537556,11.85637523674554,1161
12.384177207946777,12.393848419189453,12.239860406906548,12.117302215107959,12.283797062287682,12.34932612159178,1162
11.719484329223633,11.694477081298828,11.784299023516576,11.739714040872867,11.734493618727976,11.72044714989659,1163
11.840259552001953,11.86704158782959,11.911447418740158,11.906206092621128,11.881238662798207,11.879880571784003,1164
12.231385231018066,12.211431503295898,12.161700758462743,12.075386047782233,12.169975885139735,12.197052935845155,1165
12.231761932373047,12.240073204040527,12.303251031299522,12.300807101860384,12.268973317393371,12.258339704043344,1166
12.350866317749023,12.359325408935547,12.427365309325126,12.410615555713944,12.38704314793091,12.378997672047143,1167
12.159699440002441,12.159770011901855,12.151742379997817,12.18011921580365,12.16283276192644,12.157448996055638,1168
12.24881649017334,12.239629745483398,12.231626685791063,12.235377769379546,12.238862672706837,12.237315834159837,1169
13.17690658569336,13.174123764038086,13.174318275241387,12.963113827315425,13.122115613072065,13.174180002738431,1170
11.994342803955078,11.972860336303711,11.909942172327598,11.852606896036738,11.932438052155781,11.95466891231353,1171
12.03335952758789,12.037513732910156,12.050100060266157,11.970273780663707,12.022811775356978,12.041152796782065,1172
11.978432655334473,11.985529899597168,12.004116326307454,11.978671454375839,11.986687583903734,11.990903762205074,1173
12.251352310180664,12.22474193572998,12.37124195137119,12.293912306452684,12.285312125933629,12.267099241326333,1174
12.25673770904541,12.273369789123535,12.267925617834788,12.172388823345264,12.24260548483725,12.271795724943495,1175
12.587496757507324,12.59838581085205,12.606251825223236,12.71567717809086,12.626952892918368,12.600660098490092,1176
11.720260620117188,11.72229290008545,11.808345278881719,11.784239135386875,11.758784483617807,11.74717308108757,1177
11.640551567077637,11.653188705444336,11.607894885181741,11.705298274660873,11.651733358091146,11.640092978607095,1178
11.773447036743164,11.78991413116455,11.753041541552804,11.637380185197038,11.73844572366439,11.77925322072384,1179
11.451977729797363,11.423130989074707,11.457437415960218,11.455110646332464,11.446914195291187,11.433049949159104,1180
12.36909294128418,12.391446113586426,12.412702595446063,12.522218366434705,12.423865004187844,12.397591964793959,1181
12.606521606445312,12.6144380569458,12.564570289840518,12.460307901709381,12.561459463735254,12.600019872473663,1182
11.873489379882812,11.857810020446777,11.913697310533873,11.848217179707639,11.873303472642776,11.873968619576,1184
12.246908187866211,12.307329177856445,12.157645462109617,12.078429435977101,12.197578065952342,12.26405137434949,1185
11.721821784973145,11.716586112976074,11.762174577877483,11.714767646220226,11.728837530511731,11.729767029927148,1186
11.529635429382324,11.57829761505127,11.682822507517088,11.74908155124615,11.634959275799208,11.608518723173495,1187
12.52332878112793,12.535842895507812,12.518786214361901,12.513651535502772,12.522902356625105,12.530911325687873,1188
12.137665748596191,12.144574165344238,12.134809165621157,12.120289520179304,12.134334649935223,12.14175082723326,1189
12.14794635772705,12.153886795043945,12.23937942546926,12.225687900469305,12.19172511967739,12.178605136931566,1190
12.172983169555664,12.19993782043457,12.062115572304243,11.997786672591843,12.10820580872158,12.160089503309951,1191
12.063167572021484,12.089205741882324,12.068905916812158,12.104866313309696,12.081536386006416,12.083336487259476,1192
11.682746887207031,11.724650382995605,11.785347827145308,11.743394023143884,11.734034780122958,11.742199733959929,1193
11.981898307800293,11.971587181091309,11.995466951004571,12.015457212187838,11.991102413021004,11.97849149920595,1194
11.961575508117676,11.95718765258789,11.910096304103428,11.840119957007882,11.917244855454218,11.943572209408787,1195
12.012161254882812,12.0240478515625,12.05746052415633,12.043771302523037,12.03436023328117,12.033708401956664,1196
12.366479873657227,12.372685432434082,12.348151267830369,12.310255777087201,12.349393087752219,12.365591910272176,1197
11.937475204467773,11.917552947998047,11.812024267301245,11.930047693196808,11.899275028240968,11.88704161625593,1198
12.042896270751953,12.044440269470215,12.08369852499097,12.081721289452341,12.06318908866637,12.055790943523007,1199
11.867198944091797,11.849896430969238,11.848250859549827,11.861597954374442,11.856736047246326,11.84942064964466,1200
11.483901023864746,11.44816780090332,11.458907893382735,11.56686960373184,11.48946158047066,11.451273065959386,1201
12.153018951416016,12.167458534240723,12.193299352214556,12.221545766340641,12.183830651052983,12.174929846915923,1202
11.76881217956543,11.789982795715332,11.866342232038454,11.741439803675457,11.791644252748668,11.812060472399171,1203
12.215216636657715,12.22896671295166,12.269803714957867,12.299986894465299,12.253493489758135,12.24077384734714,1204
11.917465209960938,11.917226791381836,11.932857719013445,11.918368106710608,11.921479456766706,11.921746135462099,1205
12.529062271118164,12.532208442687988,12.53277491980957,12.471405412228924,12.516362761461162,12.532372227274955,1206
11.68110466003418,11.718911170959473,11.709725081125985,11.78634444473566,11.724021339213824,11.716255212100974,1207
12.288899421691895,12.28421688079834,12.175593729093471,12.218129420919512,12.241709863125804,12.252810849806028,1208
11.837574005126953,11.871630668640137,11.92122500321548,11.879432953682567,11.877465657666285,11.885969796020166,1209
12.625724792480469,12.57125186920166,12.56118046572931,12.542565446526204,12.57518064348441,12.568339941084826,1210
12.162697792053223,12.159830093383789,12.162117302612833,12.193834141386528,12.169619832359093,12.160491390379926,1211
12.258689880371094,12.30739974975586,12.23390355188522,12.20047961166294,12.250118198418779,12.28614991643843,1212
11.321133613586426,11.358803749084473,11.330195074496045,11.247806481499115,11.314484729666514,11.350532170634843,1213
11.85685920715332,11.902806282043457,11.6998952904913,11.690388583157175,11.787487340711312,11.844138964907582,1214
11.758098602294922,11.764265060424805,11.78243378912909,11.785896699592818,11.772673537860408,11.769518154703713,1215
11.613348007202148,11.605013847351074,11.66500265317249,11.69816462734218,11.645382283766974,11.622358310895441,1216
11.777925491333008,11.755163192749023,11.734283896332892,11.904783493474445,11.793039018472342,11.749126396540749,1217
12.354198455810547,12.37001895904541,12.372177309151777,12.35434506165734,12.36268494641627,12.37064299921796,1218
11.262874603271484,11.259504318237305,11.259826051159294,11.314723883921035,11.274232214147279,11.259597340341347,1219
11.396001815795898,11.386929512023926,11.560608109764031,11.55347930912123,11.474254686676272,11.43714491580955,1220
11.547353744506836,11.540332794189453,11.70071846144452,11.716517248841715,11.626230562245631,11.586704835116983,1221
11.734210968017578,11.733439445495605,11.735035445450048,11.792512111120063,11.748799492520824,11.733900894305057,1222
11.903494834899902,11.918956756591797,11.928936878219695,11.945719051338965,11.924276880262589,11.921842292540934,1223
11.857686042785645,11.84646224975586,11.686943126978658,12.092026697486705,11.870779529251717,11.800340751390399,1224
12.23119068145752,12.230560302734375,12.1764041425238,12.150394398928606,12.197137381411075,12.21490222230398,1225
11.835657119750977,11.874320030212402,11.809878331054442,11.75788643635007,11.819435479341973,11.855688109031814,1226
12.339369773864746,12.320960998535156,12.294998493631484,12.269000390104182,12.306082414033892,12.313454502720543,1227
11.889260292053223,11.890661239624023,11.884932790823099,11.823775160737078,11.872157370809356,11.889004982760214,1228
12.811483383178711,12.798125267028809,12.814487761358752,12.731893645375466,12.788997514235433,12.802856127770486,1229
11.827771186828613,11.835221290588379,11.882799221800525,11.894403575936185,11.860048818788425,11.848977418621367,1230
12.215023040771484,12.233628273010254,12.176727082156988,12.21357756248749,12.209738989606553,12.217176526440678,1231
11.785489082336426,11.788267135620117,11.90771307620788,11.864811419612774,11.836570178444301,11.822802341541943,1232
11.499300003051758,11.530405044555664,11.524402040139892,11.582545201398482,11.534163072286448,11.528669405884077,1233
11.803749084472656,11.819354057312012,11.79455318424569,11.885214310295261,11.825717659081404,11.812183422176387,1234
11.66901969909668,11.671489715576172,11.697528077689366,11.794005872205886,11.708010841142027,11.679018143859473,1235
11.90742015838623,11.891223907470703,11.865098000022668,11.813611088355449,11.869338288558763,11.883670167350507,1236
12.029953956604004,12.060832023620605,12.004900019437233,12.037775973576585,12.033365493309606,12.044660496379176,1237
12.272854804992676,12.275834083557129,12.251628091178004,12.290245091019624,12.27264051768686,12.268835445284104,1238
11.867192268371582,11.880165100097656,11.855483694618094,11.888340221080494,11.872795321041956,11.873029006426474,1239
12.347627639770508,12.352198600769043,12.297003842109515,12.332271060790255,12.332275285859831,12.336240232098394,1240
12.258474349975586,12.260028839111328,12.258942361382362,12.251546525873263,12.257248019085633,12.259714707614563,1241
12.409974098205566,12.40398120880127,12.382436628265413,12.366177659130132,12.390642398600594,12.397752060103173,1242
12.081026077270508,12.085124969482422,12.07173095508234,11.95845422393805,12.04908405644333,12.081252380400278,1243
12.997034072875977,13.006696701049805,13.051885522199841,12.918498762214723,12.993528764585086,13.01976206966846,1244
12.242303848266602,12.230382919311523,12.315484038463815,12.069062634855719,12.214308360224415,12.25498806419665,1245
12.208550453186035,12.191513061523438,12.12001470302567,12.138052757370064,12.164532743776302,12.170840860177435,1246
12.175881385803223,12.18265438079834,12.17974653368521,12.171190016335407,12.177368079155546,12.181813639804155,1247
11.896453857421875,11.906598091125488,11.850843571820763,11.891792692063243,11.886422053107841,11.890477879791506,1248
11.859972953796387,11.865421295166016,12.02209155591995,11.951078330714951,11.924641033899325,11.910719106798112,1249
11.673293113708496,11.685235977172852,11.72651468207031,11.715097157914308,11.700035232716491,11.697170820389836,1250
12.514934539794922,12.524733543395996,12.455026726976918,12.463865168922888,12.48963999477268,12.504579327628246,1251
12.137653350830078,12.126991271972656,12.105855667002864,12.167744137650908,12.134561106864126,12.120880369699023,1252
11.57266616821289,11.60404109954834,11.708022075576828,11.687413291771438,11.643035658777375,11.634104946016674,1253
12.525596618652344,12.493865013122559,12.488943031508299,12.4464998619067,12.488726131297476,12.492441928773644,1254
12.162768363952637,12.16347599029541,12.15796190980494,12.12012524741703,12.151082877867504,12.161881713384275,1255
11.791909217834473,11.81471061706543,11.75798199005857,11.781530977005247,11.78653320049093,11.798308763593443,1256
12.65677261352539,12.659796714782715,12.662844447296822,12.641879136048818,12.655323227913435,12.660677900609972,1257
11.338929176330566,11.335966110229492,11.367700498011718,11.429987869498623,11.3681459135176,11.345141420930462,1258
12.170058250427246,12.174182891845703,12.07346102851288,12.039360939782979,12.114265777642203,12.14506134720457,1259
11.9979829788208,11.993016242980957,11.93509658197151,11.904534053860658,11.95765746440848,11.976270027830902,1260
12.178421974182129,12.164434432983398,12.177190520464624,12.124270437189768,12.161079341204978,12.168122579317659,1261
11.739526748657227,11.737743377685547,11.769751166729336,11.787129239960821,11.758537633258232,11.746997736438054,1262
11.820832252502441,11.796921730041504,11.823352549480397,11.850976552744372,11.823020771192178,11.804563628857931,1263
12.059667587280273,12.081421852111816,12.125075859677663,12.016948034154728,12.070778333306121,12.094043462634374,1264
11.953374862670898,11.964962005615234,12.048764507862293,12.107938503299449,12.01875996986197,11.989191683556779,1265
12.08004093170166,12.085104942321777,12.070339517023097,12.036042359549374,12.067881937648977,12.080835839489954,1266
11.756007194519043,11.77691650390625,11.900390539538277,11.976073033826516,11.852346817947522,11.81261634624135,1267
12.752883911132812,12.742913246154785,12.766624441238164,12.75821606019255,12.755159414679579,12.749768824509541,1268
12.772425651550293,12.8401460647583,12.83607165270153,12.805648262512578,12.813572907880676,12.838968036784319,1269
11.798064231872559,11.783414840698242,11.82306243347744,11.852038896455035,11.814145100625819,11.794878083184313,1270
12.292579650878906,12.354267120361328,12.312891593622556,12.188215529562838,12.286988473606407,12.342304283206579,1271
12.035812377929688,12.065850257873535,12.054535660852443,11.96304019296488,12.029809622405137,12.0625788872759,1272
11.770121574401855,11.762955665588379,11.802619913303136,11.782748778654124,11.779611482986873,11.774423723488237,1273
12.087000846862793,12.111809730529785,12.016030245599618,11.936622777707163,12.03786590017484,12.084117167527033,1274
11.825106620788574,11.873598098754883,11.677042145481185,11.69513176675548,11.76771965794503,11.816768203255169,1275
11.864070892333984,11.823569297790527,11.853445489648198,11.848764296574455,11.847462494086791,11.83220735139777,1276
11.989028930664062,11.994651794433594,11.986359089779704,11.97058066431433,11.985155119797923,11.992254138544563,1277
12.214177131652832,12.197755813598633,12.178545616521202,12.16605107984978,12.189132410405612,12.192201601303069,1278
12.419891357421875,12.419054985046387,12.473913244963141,12.428294129652711,12.43528842927103,12.434916062395818,1279
11.366510391235352,11.22347640991211,11.510862811806488,11.564873729990959,11.416430835736227,11.306567961786676,1280
12.244230270385742,12.256072044372559,12.282691488859198,12.276824769953684,12.264954643392796,12.263768480034978,1281
12.229283332824707,12.220281600952148,12.170877146526829,12.137343803434344,12.189446470934506,12.205997373303742,1282
11.926634788513184,11.950868606567383,11.895002906911216,11.849745877974154,11.905563044991485,11.934716249843506,1283
11.838642120361328,11.831230163574219,11.908478888351596,11.958664964650216,11.88425403423434,11.85356495874815,1284
12.09290885925293,12.083959579467773,12.13088709417794,12.175355814533935,12.120777836858144,12.097527653660503,1285
11.782672882080078,11.7880277633667,11.703229544144872,11.636618413693718,11.727637150821343,11.763510195434133,1286
11.926071166992188,11.935957908630371,11.972529919002355,11.992087918882882,11.956661728376949,11.946531913095962,1287
12.107609748840332,12.099345207214355,12.165628053787108,12.014458027635376,12.096760259369294,12.11850945628143,1288
12.413290023803711,12.449211120605469,12.454213411108418,12.44745514281005,12.441042424581912,12.450657424529654,1289
12.600118637084961,12.60163688659668,12.56635782552014,12.510077251619997,12.569547650205445,12.591436710408091,1290
11.984331130981445,12.008905410766602,12.06255406799151,11.942745104167441,11.99963392847675,12.024416757703758,1291
11.66032600402832,11.657264709472656,11.71837423550593,11.629292751099095,11.666314425026501,11.674933204985852,1292
11.758014678955078,11.70321273803711,11.668666952203804,11.799416711299473,11.732327770123867,11.693224572498677,1293
12.101907730102539,12.111473083496094,12.114495154919034,12.100314043728286,12.107047503061487,12.11234684997479,1294
11.671299934387207,11.68554401397705,11.701221542935572,11.642741222165366,11.6752016783663,11.690076831821372,1295
11.730846405029297,11.750260353088379,11.795451592402719,11.847612926946866,11.781042819366816,11.763326420866854,1296
11.934443473815918,11.911935806274414,11.93423095775275,11.881631557066596,11.915560448727419,11.918381966299393,1297
11.885903358459473,11.877058982849121,11.893779927301988,11.877922204382427,11.883666118248254,11.881893481678011,1298
12.058006286621094,12.065317153930664,12.041286829084642,11.919159682428623,12.020942488016255,12.058369306118994,1300
12.303648948669434,12.312335968017578,12.309085538145421,12.31057338159643,12.308910959107216,12.311396176640685,1301
11.94873332977295,11.971048355102539,11.990913188314893,11.85376604200408,11.941115228798616,11.97679184125381,1302
12.60798454284668,12.606372833251953,12.653297766066412,12.65792313696753,12.631394569783144,12.619940160945475,1303
12.285877227783203,12.27205753326416,12.296306364857406,12.319484869258282,12.293431498790763,12.27906855756784,1304
11.88410472869873,11.902381896972656,11.833272190394469,11.950470382997345,11.8925572997658,11.882400322579,1305
12.694491386413574,12.696615219116211,12.641662287962305,12.634894585604084,12.666915869774044,12.680726769629612,1306
12.211077690124512,12.205368995666504,12.175873292586477,12.186643442954718,12.194740855333052,12.196840952146019,1307
11.871170043945312,11.860787391662598,11.822063969256353,11.857867984649106,11.852972347378342,11.849591353017694,1308
11.932049751281738,11.909907341003418,11.891301523984694,11.837967385706504,11.892806500494089,11.90452787210792,1309
12.054909706115723,12.057971954345703,12.066383911575377,12.10046300114416,12.06993214329524,12.060404089533412,1310
12.663379669189453,12.666421890258789,12.694383841857661,12.491373334148255,12.62888968386354,12.67450648276726,1311
12.23565673828125,12.24763298034668,12.187804356618857,12.16940508823608,12.210124790870715,12.23033482998433,1312
12.665164947509766,12.632078170776367,12.703081665832162,12.664308146021712,12.666158232535,12.65260729307935,1313
12.68548583984375,12.679656982421875,12.672229027822562,12.73940242674875,12.694193569209233,12.677509350276296,1314
11.649004936218262,11.644265174865723,11.713530583499509,11.687282061675987,11.673520689064869,11.664291767135467,1315
12.195365905761719,12.189353942871094,12.14849973823168,12.165251562587002,12.174617787362873,12.177541834706917,1316
12.543314933776855,12.571871757507324,12.529190420422973,12.506735111715233,12.537778055855597,12.55953137358156,1317
12.18868350982666,12.180112838745117,12.148149732518892,12.170367827923972,12.171828477253658,12.170871399061257,1318
12.498529434204102,12.497506141662598,12.478655942602543,12.393045806844189,12.466934331328357,12.492056014994391,1319
11.551511764526367,11.5531587600708,11.691058715692144,11.669295394559843,11.61625615871229,11.593029544632913,1320
12.070063591003418,12.047356605529785,12.006235402655795,11.984177876350072,12.026958368884769,12.035467300610604,1321
11.189888000488281,11.220938682556152,11.238740603340462,11.053460008718615,11.175756823775878,11.2260857222719,1322
12.36220932006836,12.364665985107422,12.299312475904719,12.27616349032586,12.325587817851591,12.345770433806784,1323
11.42353343963623,11.404202461242676,11.247835397145646,11.236460628166094,11.328007981547662,11.358992312355161,1324
12.549464225769043,12.554086685180664,12.546356347494518,12.527167804824021,12.544268765817062,12.551851625516663,1325
11.01143741607666,11.084135055541992,11.025469866717295,11.36685952857961,11.12197546672889,11.067173287176034,1326
11.360042572021484,11.3375883102417,11.298478993441568,11.267191770547656,11.315825411563102,11.326280698593214,1327
11.787184715270996,11.807661056518555,11.76872040104594,11.735519320032823,11.774771373217078,11.79640220963887,1328
12.233360290527344,12.207457542419434,12.140577071819905,12.237107323160238,12.20462555698173,12.188120503312557,1329
12.126791000366211,12.126335144042969,12.129047422227439,12.10937284036657,12.122886601750796,12.127119340518439,1330
12.430166244506836,12.395780563354492,12.379208196100482,12.434556099302736,12.409927775816136,12.390989022403724,1331
11.807453155517578,11.782745361328125,11.795171004546221,11.77575737099051,11.790281723095609,11.786337966862785,1332
11.601994514465332,11.588476181030273,11.59583691800651,11.626943082827557,11.603312674082419,11.590604378656412,1333
11.746297836303711,11.74211597442627,11.75307030068641,11.72958252778908,11.742766659801369,11.745283180538651,1334
11.631834983825684,11.64311695098877,11.654981316125738,11.795902692063896,11.681458985751023,11.646547275126373,1335
11.958135604858398,11.97545337677002,11.99579131190785,12.033347029637381,11.990681830793413,11.981333650093278,1336
11.824747085571289,11.84909439086914,11.85210705061188,11.850808539681982,11.844189266683571,11.849965436164409,1337
11.059212684631348,11.043609619140625,10.996893814978282,11.133917750434447,11.058408467296175,11.030102756466086,1338
12.395658493041992,12.37907600402832,12.333138351274203,12.308389045879919,12.354065473556108,12.365794126974802,1339
11.743979454040527,11.729772567749023,11.681156527175634,11.659536542622122,11.703611272896826,11.715716292884897,1340
11.604707717895508,11.602038383483887,11.546022003298386,11.580629677001774,11.58334944541989,11.58584246074945,1341
12.013361930847168,12.017680168151855,12.020891749584514,11.969637718119294,12.005392891675708,12.018608727344121,1342
12.394519805908203,12.400579452514648,12.470800331970501,12.484287247628115,12.437546709505368,12.420882298472296,1343
11.979416847229004,12.0238618850708,12.053483949531959,11.951563206435871,12.002081472066909,12.032426463247019,1344
12.183249473571777,12.177690505981445,12.122999997689119,12.10085648809375,12.146199116334024,12.161877930379875,1345
11.422347068786621,11.395261764526367,11.472921493464991,11.590933476507075,11.470365950821265,11.417715392649107,1346
12.50895881652832,12.454339027404785,12.531001328514577,12.396423549779604,12.472680680556822,12.476504270880115,1347
12.622445106506348,12.618013381958008,12.554926209123916,12.481638271957197,12.569255742386368,12.599773092718124,1348
12.393180847167969,12.407485008239746,12.410305997111506,12.346412891632063,12.389346186037821,12.408300636055225,1349
11.82496166229248,11.870025634765625,11.83966176275857,12.245512360374953,11.945040355047906,11.86124657900879,1350
12.162334442138672,12.15971565246582,12.075705758903805,12.219087163436175,12.154210754236118,12.135426011818694,1351
12.042769432067871,12.04685115814209,12.037422941100923,12.00816476931532,12.03380207515655,12.044125193447183,1352
11.800398826599121,11.86751651763916,11.746850599186194,11.641123704652028,11.763972412019125,11.832628581548462,1353
12.833847045898438,12.83446979522705,12.87451704357307,12.89975046222603,12.860646086731148,12.84604858946172,1354
12.372017860412598,12.369925498962402,12.402681891686239,12.359913731466586,12.376134745631957,12.379396300250479,1355
12.133522987365723,12.117531776428223,12.187785801110921,12.139914705398049,12.144688817575728,12.13784420561012,1356
11.573248863220215,11.591565132141113,11.638916093043301,11.644357966542625,11.612022013736812,11.605255636626294,1357
12.007101058959961,12.002676010131836,11.994018308466453,11.933969945345275,11.98444133072588,12.000172823264602,1358
11.981945991516113,11.99263858795166,12.031639942603602,12.056115502426895,12.015585006124567,12.003914984683998,1359
12.81256103515625,12.816115379333496,12.869250024220594,12.838197756392502,12.83403104877571,12.831478110739264,1360
12.15836238861084,12.106793403625488,12.169479445148609,12.190737807602057,12.156343261246748,12.124917714437327,1361
12.492748260498047,12.514703750610352,12.379644713699795,12.37647749253887,12.440893554336766,12.475654356144894,1362
11.704415321350098,11.70201587677002,11.752211480520783,11.784061329216849,11.735676001964437,11.716528848105611,1363
12.032719612121582,12.041040420532227,11.979575462151855,11.996618406756086,12.012488475390438,12.02326915945632,1364
11.822330474853516,11.85081958770752,11.87965802925805,11.858250956655429,11.852764762118628,11.859157598296338,1365
12.220525741577148,12.22598934173584,12.252308818180119,12.214040836127248,12.228216184405088,12.233599048137624,1366
12.204180717468262,12.207932472229004,12.242059622868505,12.279747332022419,12.233480036147046,12.21779959847089,1367
11.796910285949707,11.812063217163086,11.78765027850966,11.837643982254589,11.80856694096926,11.80500474485834,1368
11.810369491577148,11.809900283813477,11.850291150768278,11.853705590286733,11.831066629111408,11.82157842792437,1369
12.385530471801758,12.384252548217773,12.449822615909408,12.440524175635474,12.415032452891104,12.403210712713744,1370
11.612736701965332,11.635539054870605,11.609337190510407,11.674565852628138,11.633044699993622,11.627963353454867,1371
12.146402359008789,12.115928649902344,12.114123679543452,12.012239899978953,12.097173647108384,12.115406781827797,1372
12.468846321105957,12.471193313598633,12.437175728972214,12.409175698829806,12.446597765626652,12.46135786599568,1373
13.096693992614746,13.097196578979492,13.045120533756922,12.96421934325928,13.05080761215261,13.082139918732137,1374
12.412303924560547,12.412529945373535,12.417404492547082,12.40887847992015,12.412779210600327,12.413939315081587,1375
12.433554649353027,12.421703338623047,12.386459980430645,12.446447677584151,12.422041411497718,12.411513485149904,1376
11.414875984191895,11.436447143554688,11.445091266960095,11.465260552197897,11.440418736726143,11.438946404562223,1377
11.799947738647461,11.801800727844238,11.824911589479788,11.902309630015282,11.832242421496693,11.808482732788795,1378
11.527901649475098,11.527213096618652,11.438977889792625,11.531356749151009,11.506362346259346,11.50170179818275,1379
11.94048023223877,11.933484077453613,11.875578907677307,11.872337304189292,11.905470130389746,11.916742052129667,1380
11.159421920776367,11.14547348022461,11.20311115963764,11.274995383624814,11.195750486065858,11.1621381665052,1381
12.39116096496582,12.390351295471191,12.23432692576291,12.206856020932321,12.30567380178306,12.345240229241702,1382
12.00553035736084,11.999907493591309,12.00662349040781,11.949632860388828,11.990423550437196,12.00184927856857,1383
11.923698425292969,11.944375991821289,11.93399247262599,11.859526796275064,11.915398421503827,11.941373822205158,1384
11.641711235046387,11.642265319824219,11.661959058233421,11.666166551219124,11.653025541080787,11.647959337619932,1385
11.5789213180542,11.609587669372559,11.575118153399352,11.658181944402354,11.605452271307115,11.599621555611785,1386
12.550602912902832,12.535489082336426,12.585783306403629,12.55925198514526,12.557781821697036,12.550030567599904,1387
11.956851959228516,11.981905937194824,11.923616725352959,11.974883983097435,11.959314651218433,11.965052874427903,1388
12.796835899353027,12.808557510375977,12.767443973562228,12.70262146045476,12.768864710936498,12.79667042193203,1389
11.772761344909668,11.785243034362793,11.809387919691826,11.7583228172676,11.781428779057972,11.792224004856172,1390
12.293024063110352,12.300366401672363,12.354151597880339,12.365779400166716,12.328330365707442,12.315917225898353,1391
11.729354858398438,11.757939338684082,11.71364831811947,11.814908537221708,11.753962763105925,11.745133549653833,1392
11.713382720947266,11.71744155883789,11.77660505972442,11.67767983508918,11.721277293649688,11.734547403340585,1393
11.938873291015625,11.925071716308594,11.870719302367492,11.962247397682672,11.924227926843596,11.909356893363858,1394
12.30226993560791,12.298542976379395,12.243503141437785,12.264630957116557,12.277236752635412,12.282629400545353,1395
12.520803451538086,12.5542631149292,12.632378097519934,12.57364624438592,12.570272727093284,12.576848369782367,1396
11.939509391784668,11.960185050964355,11.969709632338663,11.975014161072759,11.96110455904011,11.962938877318457,1397
11.901382446289062,11.886737823486328,11.80479967920146,11.773625754165534,11.841636425785596,11.863047184258193,1398
11.857620239257812,11.831907272338867,11.75560778482784,11.917034844909976,11.840542535333624,11.809846928555254,1399
11.97191333770752,11.92750072479248,11.976168398122553,11.93816725564035,11.953437429065726,11.941571928149578,1400
11.717080116271973,11.717534065246582,11.671186096847794,11.575554160478045,11.670338609711099,11.704133554313904,1401
12.165468215942383,12.157785415649414,12.13183982524231,12.110509348782006,12.141400701404027,12.150283810295031,1402
12.193723678588867,12.198461532592773,12.167356979836995,12.13970139270953,12.17481089593204,12.189468325044311,1403
12.49301815032959,12.461450576782227,12.367827610462825,12.434632489665406,12.439232206810011,12.434381524414752,1404
11.439132690429688,11.472343444824219,11.643318938988964,11.574028321175792,11.532205848854666,11.521777304773831,1405
12.528940200805664,12.540650367736816,12.477884066591352,12.431341846415707,12.494704120387384,12.522502851594005,1406
11.749435424804688,11.771597862243652,11.786128482966875,11.772294883504683,11.769864163379975,11.775799076419531,1407
11.607580184936523,11.58798599243164,11.71816228517858,11.730517417079692,11.66106146990661,11.62562364720696,1408
11.68104362487793,11.677582740783691,11.58865122500106,11.611529887756575,11.639701869604814,11.651870119698536,1409
12.267716407775879,12.285653114318848,12.208349868521626,12.244741778671775,12.25161529232203,12.26330255557323,1410
12.278307914733887,12.279037475585938,12.281096909048802,12.312578450078764,12.287755187361846,12.27963291615405,1411
11.863245010375977,11.854571342468262,11.913117935652862,11.949120973577212,11.895013815518578,11.871498821474264,1412
11.47245979309082,11.465373992919922,11.514853842135217,11.437400053083662,11.472521920307406,11.479680019338423,1413
12.441805839538574,12.445253372192383,12.44726798666607,12.530468389657248,12.46619889701357,12.44583585432078,1414
12.163410186767578,12.151168823242188,12.198357344893838,12.080381610159368,12.148329491265741,12.164812361937326,1415
12.28213119506836,12.264670372009277,12.31288804876932,12.330222321254638,12.2974779842754,12.278611468607338,1416
11.804244995117188,11.810837745666504,11.682502147233215,11.827508086653127,11.781273243667508,11.773732287773294,1417
12.653426170349121,12.636887550354004,12.70383991565432,12.694817650304,12.67224282166536,12.656245376256013,1418
11.806314468383789,11.813884735107422,11.767362008346936,11.840789458383657,11.80708766755545,11.800433696580603,1419
12.326589584350586,12.358613967895508,12.276295594226722,12.275045405381352,12.309136137963542,12.33481339357869,1420
12.081995964050293,12.056936264038086,12.025042884094075,11.982469250924101,12.036611090776638,12.047714984198107,1421
11.844282150268555,11.822712898254395,11.90327635379666,11.868403566179909,11.859668742124878,11.846006076015271,1422
11.80977725982666,11.803290367126465,11.856719565837261,11.849514426142738,11.829825404733281,11.818738262388838,1423
12.210013389587402,12.206664085388184,12.188349292068198,12.126996239702928,12.183005751686677,12.20136875969014,1424
11.803271293640137,11.79679012298584,11.883370184822317,11.910968238119445,11.848599959891935,11.82182287210677,1425
11.92127799987793,11.928922653198242,11.902481828886351,11.881815522787077,11.9086245011874,11.921277861689543,1426
12.473854064941406,12.476983070373535,12.411639490566138,12.459392040598102,12.455467166619796,12.458090389942427,1427
11.83046817779541,11.826863288879395,11.774775601051896,11.846344973119718,11.819613010211606,11.811803262425062,1428
11.563467979431152,11.554390907287598,11.685785996702744,11.60368212451288,11.601831751983594,11.592380950714269,1429
12.208758354187012,12.194915771484375,12.177397413813745,12.092933280458354,12.168501204985871,12.189850717899546,1430
12.154208183288574,12.151844024658203,12.145274247857941,12.071533853076316,12.130715077220259,12.149944516030779,1431
11.796485900878906,11.796956062316895,11.796458867071182,11.825607545150872,11.803877093854464,11.796812309083345,1432
11.5254487991333,11.505195617675781,11.595432916995884,11.531085721820917,11.53929076390647,11.531285777780965,1433
12.163796424865723,12.167043685913086,12.133050715108114,12.154989468459862,12.154720073586695,12.157215354863345,1434
11.986123085021973,12.006633758544922,12.02847659040002,11.979489398640021,12.000180708151733,12.012949140150354,1435
12.040637969970703,12.086042404174805,12.026461079277025,11.99975386347858,12.038223829225279,12.068815754911425,1436
11.641961097717285,11.651926040649414,11.689247569271995,11.667387645010358,11.662630588162264,11.662716752078834,1437
12.763050079345703,12.768553733825684,12.797775267909008,12.738835521644472,12.767053650681216,12.77700250732065,1438
11.919564247131348,11.921671867370605,11.950022127591234,11.91435158887398,11.92640245774179,11.929868730904342,1439
12.102540016174316,12.105254173278809,12.134728978065814,12.107653363924669,12.112544132860902,12.11377617451063,1440
12.344573974609375,12.343733787536621,12.215034485975806,12.161566890709114,12.266227284707728,12.306523172763724,1441
11.851353645324707,11.845132827758789,11.86749096725077,11.870761030778064,11.858684617778083,11.851597199403276,1442
12.767402648925781,12.781323432922363,12.721042459163039,12.59455700582244,12.716081386708405,12.763894495348577,1443
11.554903030395508,11.527984619140625,11.572032410825095,11.436666977443263,11.522896759451122,11.540720083809742,1444
12.10510540008545,12.130118370056152,12.145157951533717,12.192284567752184,12.143166572356876,12.134466739207504,1445
11.803224563598633,11.795775413513184,11.690709777996963,11.622354627241682,11.728016095587616,11.765397961253147,1446
11.878942489624023,11.891581535339355,11.893425765745405,11.875548652747417,11.88487461086405,11.89211475460597,1447
12.457343101501465,12.445037841796875,12.503169470258042,12.4991744946657,12.476181227055521,12.461845342743317,1448
11.63014030456543,11.6316556930542,11.498204682247207,11.645946186503387,11.601486716592555,11.593071224498663,1449
11.333606719970703,11.323689460754395,11.373965443547032,11.35252486841873,11.345946623172715,11.33822567194853,1450
11.723809242248535,11.732958793640137,11.814884280446906,11.865339183208523,11.784247874886024,11.756645773232707,1451
12.466468811035156,12.443926811218262,12.4161636227941,12.394183389037607,12.430185658521282,12.43589968677555,1452
11.770108222961426,11.765517234802246,11.778349614974173,11.826360984394752,11.78508401428315,11.76922743951514,1453
11.785120010375977,11.763741493225098,11.797569776544153,11.824665871656258,11.79277428795037,11.773522208456244,1454
12.155109405517578,12.155891418457031,12.10530727644029,12.075993380130905,12.12307537013645,12.141266109699524,1455
12.066863059997559,12.074239730834961,12.069003403559666,12.079020697322672,12.072281722928714,12.072725760248463,1456
12.255850791931152,12.25208854675293,12.231960494749668,12.23843782189332,12.244584413831769,12.246268956590908,1457
12.434446334838867,12.460799217224121,12.572654369371508,12.438462298397823,12.47659055495808,12.493139711123021,1458
11.890077590942383,11.866690635681152,11.868819109451241,11.818866279075872,11.86111340378766,11.86730603775834,1459
11.935174942016602,11.908105850219727,11.95052161108447,11.950456273732392,11.936064669263297,11.920369448535306,1460
