ridge,elasticnet,gradient_boosting,lightgbm,xgboost,catboost,blend_equal,blend_optimized,Id
12.22472095489502,12.23151683807373,12.228723327761568,12.222958970583518,12.205209732055664,12.215012854720019,12.22135711301492,12.222460928902164,1
12.133084297180176,12.142169952392578,12.0127336103654,12.047176378210807,12.041511535644531,12.054404328332568,12.071846683687676,12.100224842242849,2
12.267953872680664,12.275500297546387,12.253054532289024,12.281799273811057,12.263046264648438,12.28143046834343,12.270464118219834,12.272738110588335,3
12.051209449768066,12.051776885986328,12.043362045388141,12.129569899938824,12.116311073303223,12.105812952413498,12.083007051133015,12.075657518575037,4
12.561182975769043,12.580065727233887,12.615162962510002,12.619701828212749,12.6227388381958,12.601191069912456,12.600007233638989,12.594766819554646,5
12.009258270263672,12.033823013305664,11.99150465386822,11.991568562174914,12.00333309173584,11.964706181303976,11.999032295442047,12.014402504684544,6
12.582167625427246,12.579361915588379,12.52063372420839,12.613923237802346,12.582571029663086,12.57240243129503,12.575176660664079,12.57734770318679,7
12.305219650268555,12.304917335510254,12.342914541892883,12.330897358902872,12.333192825317383,12.308538091405028,12.320946633882828,12.313471737060722,8
11.736400604248047,11.740440368652344,11.719278370323053,11.847604473869197,11.663775444030762,11.764503572283136,11.745333805567755,11.72490888625638,9
11.772454261779785,11.710309982299805,11.726246172821591,11.740230332554777,11.742192268371582,11.726652335361575,11.736347558864852,11.721080896859302,10
11.799731254577637,11.802680015563965,11.756509210171542,11.760796090416518,11.759422302246094,11.772488127257358,11.77527116670552,11.786101777012716,11
12.895145416259766,12.881205558776855,12.823163766201787,12.806046945508003,12.81942081451416,12.834536496488361,12.84325316629149,12.857204965725199,12
11.786481857299805,11.782400131225586,11.845521843970552,11.794076159638378,11.81293773651123,11.802396400854597,11.803969021583358,11.794787895327069,13
12.294328689575195,12.29576301574707,12.215254455256598,12.232384514953138,12.263838768005371,12.301194020030795,12.267127243928028,12.286491348385933,14
11.944474220275879,11.949604034423828,11.980638391413285,11.956096613841176,11.956155776977539,11.978938763191376,11.960984633353847,11.956672270945043,15
11.801780700683594,11.774142265319824,11.771935273329897,11.785961656362382,11.793014526367188,11.764447641536494,11.78188034393323,11.777162099405587,16
11.953353881835938,11.957847595214844,11.930122365799207,11.955903847743626,11.925354957580566,11.936665019520307,11.943207944615748,11.945830672487444,17
11.602764129638672,11.612333297729492,11.586463325150826,11.65659912607519,11.56922721862793,11.586490542229603,11.602312939908616,11.59706096439249,18
11.97023868560791,11.950008392333984,11.947191154846712,11.937702806425069,11.96160888671875,11.941162058946217,11.951318664146442,11.951372387891563,19
11.659972190856934,11.671941757202148,11.682603022830529,11.652665569162684,11.667804718017578,11.636404324694734,11.661898597127434,11.665710351630551,20
12.657913208007812,12.661988258361816,12.665517147202053,12.701230575253229,12.685935974121094,12.690056976016491,12.677107023160415,12.672292473626095,21
11.710643768310547,11.713678359985352,11.76879685387649,11.818921108949496,11.777400970458984,11.711818394436891,11.750209909336293,11.73050702712609,22
12.344633102416992,12.356854438781738,12.388298807746926,12.309183366000557,12.290498733520508,12.385445900888723,12.345819058225908,12.346070887457133,23
11.88525390625,11.897444725036621,11.843817821075232,11.822420997108063,11.846677780151367,11.82203465500059,11.852941647436978,11.871778413435264,24
11.938276290893555,11.90625286102295,11.892417762123092,11.889742130922729,11.895064353942871,11.935449480818013,11.909533813287199,11.907673461767569,25
12.423529624938965,12.402412414550781,12.463824076213168,12.429701118578233,12.436448097229004,12.460514891516194,12.436071703837726,12.421536988465675,26
11.796098709106445,11.802268981933594,11.836902389283019,11.859385349260108,11.851161003112793,11.854149340860227,11.83332762892603,11.823260578477903,27
12.583702087402344,12.570874214172363,12.623916877203525,12.59337917753635,12.599031448364258,12.56675817752753,12.589610330367728,12.57863326673966,28
12.22862720489502,12.229165077209473,12.133501702068543,12.197319519857635,12.163888931274414,12.175242435947657,12.187957478542124,12.202088439604701,29
11.15773868560791,11.168527603149414,11.08500542789758,11.14548477973661,11.106398582458496,11.098295482132436,11.126908426830406,11.140030667591054,30
11.427347183227539,11.309398651123047,11.491104423902465,11.475707819354191,11.34178638458252,11.332284782517025,11.396271540784463,11.326142680713033,31
11.8429594039917,11.817014694213867,11.821343329472628,11.834815677789974,11.80959701538086,11.85850012262172,11.830705040578458,11.821796563657111,32
12.1806058883667,12.193992614746094,12.070081843605175,12.087718182229539,12.11590576171875,12.156229934981496,12.134089037607959,12.1654911989307,33
12.065393447875977,12.08317756652832,12.05859828735014,12.064575442049135,12.062263488769531,12.049389378251748,12.06389960180414,12.072107565797843,34
12.58334732055664,12.586447715759277,12.599067167735429,12.652332144712526,12.585515022277832,12.580402233196255,12.59785193403966,12.585646832311514,35
12.630093574523926,12.623605728149414,12.647538153723788,12.609216599389097,12.626076698303223,12.624262876612818,12.626798938450378,12.625007032614146,36
11.92421817779541,11.92175579071045,11.913261363179975,11.837317213107141,11.882951736450195,11.883697702986524,11.893866997371617,11.906134508005552,37
11.912310600280762,11.908113479614258,11.98377489373283,11.89396924208467,11.98449993133545,11.976039955201486,11.943118017041575,11.93949293661172,38
11.781317710876465,11.77928638458252,11.71334032735737,11.74612375612411,11.751043319702148,11.783649373476546,11.75912681201986,11.771168869656144,39
11.268336296081543,11.267005920410156,11.30937111913005,11.337834687305838,11.318890571594238,11.336039921221834,11.30624641929061,11.291623044676989,40
11.825509071350098,11.841193199157715,11.883560318855142,11.82348656868914,11.866968154907227,11.852866233713877,11.8489305911122,11.850520395322961,41
12.061541557312012,12.066393852233887,12.016777246118712,12.075551472294777,12.030692100524902,12.003053643433141,12.042334978652905,12.046391651968815,42
11.85528564453125,11.870285987854004,11.858145603870957,11.833708421244491,11.82626724243164,11.862734872895954,11.851071295471383,11.85804054331995,43
11.796211242675781,11.815094947814941,11.813494226615727,11.84372592177281,11.806595802307129,11.80255101219652,11.81294552556382,11.81102560172868,44
11.884809494018555,11.884203910827637,11.867663502894233,11.900815476009997,11.871458053588867,11.889465870224232,11.883069384593918,11.881438704003072,45
12.595634460449219,12.600123405456543,12.635457738712127,12.591006346419244,12.622618675231934,12.603268823206125,12.608018241579197,12.607119082895968,46
12.482382774353027,12.480587005615234,12.599791498446859,12.639033939462696,12.553704261779785,12.575360917276436,12.555143399489006,12.516621103484319,47
12.43212890625,12.426522254943848,12.39214349449783,12.374932283600547,12.411126136779785,12.379753456745158,12.402767755469528,12.414488171870198,48
11.490461349487305,11.499626159667969,11.585886967924624,11.516701140116174,11.531847953796387,11.582528277561167,11.534508641425603,11.522895914789586,49
11.778426170349121,11.799240112304688,11.776143663715244,11.726185390454042,11.743297576904297,11.743982499625728,11.761212568892185,11.776342396606664,50
12.081609725952148,12.080240249633789,12.066079529196346,12.126347930916408,12.097640991210938,12.070051643339955,12.086995011708263,12.082476574493077,51
11.714934349060059,11.734521865844727,11.720443447855287,11.74530109504658,11.717702865600586,11.725936401133275,11.72647333742342,11.72868011692891,52
11.456387519836426,11.55413818359375,11.706434005604786,11.525522637905452,11.57768440246582,11.548256635984341,11.561403897565095,11.563392231417009,53
12.755653381347656,12.761184692382812,12.937435687281356,12.881496453421034,12.87694263458252,12.921774349742265,12.855747866459609,12.819512237262995,54
11.724103927612305,11.711812019348145,11.73911761422512,11.718882149833055,11.7277250289917,11.727349597757506,11.724831722961305,11.718901491630053,55
12.005269050598145,12.00182819366455,11.957881265661738,12.045608814945473,12.004303932189941,11.999581144785301,12.002412066974193,12.000800180451376,56
12.15628433227539,12.162952423095703,12.281127499931443,12.231811716415212,12.265100479125977,12.223956773468348,12.220205537385345,12.200763871188785,57
12.178771018981934,12.182212829589844,12.156761677828035,12.161365880672864,12.16102409362793,12.1607920873002,12.166821264666801,12.172976809444918,58
13.044571876525879,13.042810440063477,13.02399867764363,12.954445132094357,13.052726745605469,13.166911739608038,13.04757743525681,13.06400514093722,59
11.716444969177246,11.715736389160156,11.678170436359618,11.676266492267242,11.669097900390625,11.639583573623048,11.682549960162989,11.691427439583261,60
12.119796752929688,12.131645202636719,12.004650331341422,12.050099061537138,12.027965545654297,12.026010399959974,12.060027882343206,12.086252624112495,61
11.499144554138184,11.556584358215332,11.484521955578765,11.35114026907298,11.44275188446045,11.4715015521604,11.467607428937685,11.513522115939848,62
12.237357139587402,12.224749565124512,12.259579522906941,12.298911587625279,12.285479545593262,12.271077559398362,12.262859153372625,12.247763832529234,63
11.935467720031738,11.903491973876953,11.785937079776412,11.783053937875321,11.771134376525879,11.864158778672332,11.840540644459772,11.861719960976075,64
12.319794654846191,12.330775260925293,12.394358209966096,12.328615205661908,12.381778717041016,12.381339526124005,12.35611026242742,12.352919513309951,65
12.568220138549805,12.57911205291748,12.63785775873987,12.621438617770027,12.646346092224121,12.61105511279607,12.610671628832895,12.602166091573443,66
12.411181449890137,12.383264541625977,12.506417886431022,12.427989430879162,12.486947059631348,12.434716813278719,12.44175286362273,12.420106851863407,67
12.297531127929688,12.29917049407959,12.277428271336365,12.290671808989044,12.291435241699219,12.26463758702237,12.286812421842711,12.291275321542926,68
11.232661247253418,11.227895736694336,11.262342056603002,11.307853131974417,11.270881652832031,11.283134525381167,11.264128058456395,11.247967229676945,69
12.26125717163086,12.245649337768555,12.290535073090641,12.325980894867506,12.352293968200684,12.306330456524728,12.297007817013828,12.282369246609877,70
12.53885269165039,12.563261985778809,12.471727247005951,12.538724061250015,12.467448234558105,12.58967492585626,12.528281524349921,12.541384242811054,71
11.68645191192627,11.678646087646484,11.6483957346205,11.755287000164495,11.686220169067383,11.703963139470199,11.693160673815889,11.683551470615804,72
12.159858703613281,12.164754867553711,12.20405390947895,12.177899907780581,12.189748764038086,12.204609372565837,12.183487587505075,12.178191827610041,73
11.865581512451172,11.88223934173584,11.857031423535565,11.85176603452383,11.861867904663086,11.898008261947615,11.869415746476184,11.879001714855573,74
11.583436965942383,11.597921371459961,11.584486828161706,11.697705981745859,11.631075859069824,11.4780376805239,11.59544411448394,11.586928634588983,75
11.500399589538574,11.514704704284668,11.538646133477528,11.455394383807931,11.50375747680664,11.514985446921267,11.504647955806101,11.512781232967441,76
11.647608757019043,11.63284969329834,11.619019348456549,11.657058591972113,11.629630088806152,11.627530181649862,11.635616110200344,11.63083437279143,77
11.705313682556152,11.65727710723877,11.686106110551606,11.733486098839784,11.687891960144043,11.657218944041858,11.687882317228704,11.665560805620938,78
11.695610046386719,11.707261085510254,11.750556368169672,11.703410676246783,11.710551261901855,11.657999013162794,11.704231408563013,11.701651087003286,79
11.69044017791748,11.664299964904785,11.616540250691546,11.68992722812052,11.614140510559082,11.620226709492544,11.649262473614327,11.643833276054847,80
12.212057113647461,12.20123291015625,12.295090603929403,12.266288059433723,12.255454063415527,12.190428912416857,12.236758610499871,12.215484516535795,81
12.039342880249023,12.03377914428711,12.083232286231166,12.057174120658571,12.080365180969238,12.047086176426076,12.056829964803532,12.048633412786916,82
12.414687156677246,12.403148651123047,12.41694301034597,12.416047809519979,12.422609329223633,12.420956814729653,12.415732128603254,12.41106163956219,83
11.750736236572266,11.762385368347168,11.680115644945976,11.789301332921223,11.693373680114746,11.684753445451033,11.726777618058735,11.731096942731705,84
12.018847465515137,12.019179344177246,12.073809479960943,12.081335874435984,12.049702644348145,12.036243156728746,12.046519660861035,12.030859428983376,85
12.514384269714355,12.513396263122559,12.495132562883672,12.439487954936228,12.463486671447754,12.506044215328151,12.488655322905451,12.499569359769383,86
12.119195938110352,12.113744735717773,12.10333669248687,12.085088718591967,12.085210800170898,12.084808552792746,12.098564239645102,12.101988508049176,87
11.984200477600098,11.979751586914062,11.974150731985743,11.939622639362865,11.957143783569336,12.044213965739404,11.979847197528585,11.984125031470231,88
10.950127601623535,10.894075393676758,11.213059495364577,11.109264211169087,10.845130920410156,10.876391715644091,10.981341556314701,10.888702363193046,89
11.718914985656738,11.718085289001465,11.716177904894955,11.67847658175065,11.698721885681152,11.688609130793706,11.703164296296444,11.708725082846836,90
11.575345993041992,11.564773559570312,11.470327047887606,11.585326529585696,11.558195114135742,11.519738459550888,11.545617783962042,11.553405503438212,91
11.616937637329102,11.61669921875,11.731197563900771,11.75599859289473,11.653167724609375,11.65823818669855,11.672039820697089,11.63538328191438,92
11.882457733154297,11.882660865783691,11.788191529281141,11.787939426318772,11.84601879119873,11.89868276370853,11.847658518240861,11.873483433052154,93
12.078503608703613,11.928699493408203,12.237622260488235,12.201609133928649,12.041918754577637,11.955676721353228,12.074004995409927,11.969465027151374,94
12.179642677307129,12.181659698486328,12.209166995578233,12.219228624337301,12.200628280639648,12.185486414910265,12.195968781876482,12.187674886244011,95
12.145752906799316,12.110672950744629,11.986885793684271,12.020817119752461,12.039322853088379,12.07422493253121,12.06294609276671,12.084019836570711,96
12.293753623962402,12.286455154418945,12.326218311184416,12.300237244109194,12.311299324035645,12.279354062594797,12.299552953384234,12.292555783205477,97
11.651328086853027,11.636652946472168,11.701344726036165,11.733827002264626,11.718259811401367,11.676202195774346,11.686269128133617,11.664563740968362,98
11.19533634185791,11.234827041625977,11.333942729286983,11.252079398412352,11.290475845336914,11.358307293014333,11.277494774922411,11.270494395672147,99
11.628684043884277,11.629599571228027,11.710301840868585,11.79162083459616,11.735596656799316,11.643445726506378,11.689874778980458,11.659910995857627,100
12.273383140563965,12.292179107666016,12.274351810083688,12.234815172600765,12.236984252929688,12.288471163173364,12.266697441169581,12.277645897162824,101
12.059540748596191,12.051647186279297,12.030274269820323,12.067527976501447,12.045684814453125,12.058148691564686,12.052137281202512,12.050585525587982,102
11.625370979309082,11.651308059692383,11.760875669669566,11.661923095874625,11.690083503723145,11.660997175295995,11.675093080594133,11.665449347736049,103
12.110099792480469,12.113923072814941,12.171823521743079,12.180438169648244,12.1950044631958,12.160050274970997,12.155223215808922,12.142532563316195,104
11.967793464660645,11.963164329528809,11.947772775573105,11.864265073350458,11.968428611755371,11.945395404040024,11.942803276484737,11.961229741816124,105
12.456247329711914,12.456361770629883,12.472844220983161,12.46947856053132,12.478384971618652,12.477891839980847,12.46853478224263,12.465556587176108,106
11.41779613494873,11.415868759155273,11.44457433570928,11.33584191453137,11.396646499633789,11.365373503347767,11.396016857887702,11.404161279392945,107
11.406181335449219,11.393845558166504,11.519223692932046,11.495184314045243,11.454995155334473,11.45413069746755,11.453926792232506,11.421774582522646,108
11.657098770141602,11.677562713623047,11.701507247743919,11.76502407468345,11.732059478759766,11.591323014059252,11.68742921650184,11.678094768576312,109
12.236308097839355,12.259511947631836,12.149722559951062,12.135617902727455,12.158849716186523,12.22494609453695,12.194159386478864,12.226424410129617,110
11.881174087524414,11.89874267578125,11.880071585173118,11.86533358076073,11.910506248474121,11.967825834407796,11.900609002020238,11.911821996929126,111
12.070838928222656,12.064393043518066,12.089776350259422,12.057236159257567,12.058513641357422,12.047567133291608,12.064720875984456,12.061080871791999,112
12.761576652526855,12.765042304992676,12.687048825056795,12.720519847295094,12.700654029846191,12.751110934826997,12.730992099090768,12.744925444096868,113
12.308772087097168,12.361451148986816,12.338256148581607,12.274530196399107,12.26222038269043,12.31334444538239,12.309762401522919,12.32912660642582,114
12.370294570922852,12.36276912689209,12.275487525617807,12.284295078390631,12.332498550415039,12.3674821452365,12.332137832912485,12.353590807357898,115
12.046605110168457,12.03536319732666,12.060837763470412,12.001538000738183,12.045929908752441,12.049390391044655,12.0399440619168,12.04086260728607,116
11.681037902832031,11.720087051391602,11.802027485025878,11.759980816633057,11.659676551818848,11.67555616630804,11.716394329001576,11.70083338966587,117
11.893412590026855,11.880782127380371,11.928103521162898,11.889402093154027,11.880892753601074,11.91377651788562,11.897728267201806,11.88732702922319,118
12.648470878601074,12.654511451721191,12.732391762509508,12.773455227923922,12.738449096679688,12.76472476868787,12.718667197687209,12.694380012753122,119
12.111539840698242,12.108659744262695,12.04933421685009,12.024126702388351,12.038382530212402,12.052944791049066,12.064164637576809,12.081145493826039,120
12.024401664733887,12.027859687805176,11.996197262808195,11.958917043781065,11.99813461303711,11.98958301555282,11.999182214619708,12.013739306581819,121
11.450119018554688,11.465280532836914,11.504133504248111,11.498667291152058,11.531657218933105,11.492366971640877,11.490370756227625,11.486789722760184,122
11.893146514892578,11.875137329101562,11.830388477169127,11.863149078587885,11.834585189819336,11.824946566997179,11.853558859427944,11.856144295096842,123
11.972797393798828,11.966974258422852,12.003526899918239,12.040687848577864,12.009794235229492,12.007737798603591,12.000253072425144,11.984812196324224,124
12.02241325378418,12.03469181060791,12.009881262704962,11.990814678479238,12.030205726623535,12.047967367998526,12.022662350033059,12.034944414517948,125
11.390399932861328,11.459619522094727,11.297866163830033,11.249875115300238,11.308565139770508,11.378592797472983,11.347486445221639,11.40551425434304,126
11.73937702178955,11.723512649536133,11.794203093630772,11.707207346950796,11.76917839050293,11.799165755684651,11.755440709682473,11.748472287472191,127
11.409293174743652,11.400416374206543,11.504328322282737,11.462927098861211,11.471891403198242,11.47586047303033,11.454119474387118,11.432594396886422,128
11.856636047363281,11.85712718963623,11.909889356661816,11.891089624845073,11.911515235900879,11.888611541099658,11.885811499251156,11.876808291277083,129
11.785293579101562,11.824711799621582,11.812075356798141,11.82669946249046,11.815890312194824,11.840188713747425,11.817476537325666,11.824606673096905,130
12.328896522521973,12.325752258300781,12.305039756038331,12.273857445579559,12.275073051452637,12.27571914195694,12.297389695975037,12.30501899940705,131
12.319710731506348,12.312446594238281,12.25553240393035,12.26989465555008,12.280194282531738,12.277632681880174,12.28590189160616,12.29751444537231,132
11.9288969039917,11.927200317382812,11.944948179624511,11.957420703627088,11.935355186462402,11.928020265620157,11.93697359278478,11.929830387373798,133
12.260686874389648,12.276755332946777,12.278145002938883,12.28489940826467,12.259385108947754,12.304457632821615,12.277388226718225,12.276882047543717,134
12.083829879760742,12.06309700012207,12.006965589122743,11.945014579903601,12.008659362792969,12.025456906916567,12.022170553103114,12.042346873206593,135
12.09852123260498,12.112805366516113,12.127893103477357,12.078689852892058,12.109110832214355,12.112137595156423,12.106526330476882,12.112241681883466,136
11.868630409240723,11.86349105834961,11.89400087377417,11.89299154480311,11.858126640319824,11.889418040759981,11.87777642787457,11.867112477580148,137
12.170326232910156,12.189515113830566,12.246746695435347,12.230342146885091,12.258260726928711,12.259039031310433,12.225704991216718,12.218746270356124,138
12.457231521606445,12.426009178161621,12.331720089794013,12.381981090262647,12.379144668579102,12.41401290238429,12.398349908464686,12.409984660490043,139
12.217007637023926,12.215387344360352,12.257480247124333,12.277879821919342,12.229317665100098,12.213463396574296,12.235089352017058,12.219705440211325,140
11.538883209228516,11.53710651397705,11.572270486547868,11.49091487475753,11.576302528381348,11.596440490975047,11.55198635064456,11.556914171314409,141
12.392583847045898,12.40920639038086,12.471782089035258,12.520974647544534,12.462823867797852,12.42816418769006,12.44758917158241,12.42703486735679,142
11.731863021850586,11.728800773620605,11.765811524274316,11.714265797322025,11.763946533203125,11.789960578505472,11.749108038129355,11.747960665751785,143
12.3090181350708,12.313209533691406,12.256132112326707,12.278307067015009,12.265058517456055,12.273624641899245,12.282558334576537,12.293659294407957,144
11.820923805236816,11.83993911743164,11.811026852549746,11.821040377449238,11.759403228759766,11.810243058581934,11.81042940666819,11.81486637154078,145
11.824119567871094,11.829123497009277,11.81509214035236,11.819846209501307,11.792034149169922,11.78070346678183,11.810153171780966,11.81214438141781,146
11.6063871383667,11.60779857635498,11.56857775447031,11.537429144945277,11.579336166381836,11.593632786809595,11.582193594554782,11.597520608219384,147
12.292668342590332,12.29599666595459,12.264474383139735,12.29820743956274,12.266022682189941,12.277306295762497,12.282445968199973,12.28487037391853,148
11.950210571289062,11.936161041259766,11.90345945908667,11.922914790644112,11.931997299194336,11.933565218676659,11.929718063358434,11.933790159778594,149
11.602895736694336,11.579933166503906,11.546182049326255,11.639960785361668,11.618423461914062,11.55020971404333,11.589600818973926,11.583689865794623,150
11.830429077148438,11.818048477172852,11.823394268791912,11.87109433865882,11.844066619873047,11.826478355498395,11.835585189523911,11.825850867734097,151
12.670296669006348,12.668206214904785,12.702859118367424,12.679576237334182,12.662384033203125,12.676963564233944,12.676714306174967,12.669162740757823,152
12.105392456054688,12.118853569030762,12.132323249638713,12.094312204231054,12.112622261047363,12.102720423633722,12.11103736060605,12.115216443775555,153
12.257935523986816,12.259549140930176,12.185356456150213,12.16791466290264,12.187429428100586,12.220715446977593,12.213150109841337,12.233782391168342,154
11.49248218536377,11.485037803649902,11.698788121739968,11.640563487513534,11.510584831237793,11.563274713914351,11.565121857236553,11.509671405402017,155
11.28525447845459,11.288877487182617,11.338278342163616,11.301178483378921,11.284482955932617,11.193046461763004,11.281853034812562,11.274321529662403,156
11.650547981262207,11.634063720703125,11.567747665946344,11.587500936114083,11.592449188232422,11.597638523269323,11.60499133592125,11.616327562102038,157
12.540163040161133,12.549764633178711,12.521524978966186,12.550432080112332,12.571682929992676,12.538254470677451,12.54530368884808,12.552484549624547,158
12.374542236328125,12.371731758117676,12.31584674164328,12.39216686726151,12.320233345031738,12.344357017446876,12.353146327638202,12.353303156355887,159
12.59949779510498,12.571188926696777,12.654245369738035,12.569876839819486,12.60129451751709,12.645085126553989,12.606864762571727,12.592447463419528,160
12.062887191772461,12.046558380126953,11.98023350079787,12.006243195878717,12.011788368225098,11.992607017028558,12.016719608971611,12.027758408509435,161
12.889434814453125,12.903648376464844,12.967241050556773,12.973355514824515,12.929397583007812,12.98688191001021,12.941659874886213,12.924733521766681,162
12.439839363098145,12.416050910949707,12.392136063767715,12.355510381118277,12.412324905395508,12.366966057554873,12.397137946980704,12.406801912112378,163
11.464994430541992,11.43548583984375,11.453389654817256,11.469211357169005,11.433571815490723,11.452219374499034,11.451478745393628,11.438147934692722,164
11.906306266784668,11.92167854309082,11.887977927325148,11.813613280446754,11.816180229187012,11.818990755763227,11.860791167099604,11.879021036501886,165
11.693868637084961,11.683707237243652,11.715445985365497,11.778482361485185,11.723214149475098,11.746254295649274,11.723495444383945,11.703991201269895,166
12.122982025146484,12.14317512512207,12.08286680509042,12.085706289962053,12.111249923706055,12.13737884126248,12.113893168381594,12.132743234660865,167
12.767552375793457,12.762834548950195,12.845849688028729,12.781124899522927,12.811424255371094,12.766283855133489,12.78917827046665,12.77761928366311,168
12.17141056060791,12.175827026367188,12.181109584049022,12.172093171270483,12.203568458557129,12.197270172180634,12.183546495505395,12.18607391410045,169
12.290773391723633,12.3040189743042,12.370099874172102,12.379851730314819,12.39566707611084,12.334462749535799,12.345812299360231,12.332996412337934,170
11.683099746704102,11.69974136352539,11.607703413721257,11.730033536870572,11.673598289489746,11.660738078235667,11.675819071424456,11.684620315090294,171
12.241272926330566,12.243769645690918,12.213083557955386,12.198081671642496,12.22670841217041,12.198595432286503,12.220251941012714,12.231686192278692,172
12.281314849853516,12.281883239746094,12.231067396078156,12.197692754159709,12.299312591552734,12.272401388724797,12.260612036685835,12.28316840117995,173
11.931917190551758,11.939881324768066,11.894513365263974,11.933639196132438,11.923248291015625,11.940916267801807,11.927352605922279,11.93467139751809,174
12.162073135375977,12.150379180908203,12.071192242742319,12.023534151070528,12.024523735046387,12.084296073617248,12.085999753126778,12.107141777472707,175
12.248126029968262,12.26314926147461,12.321820123136073,12.34887016715932,12.288989067077637,12.253834651485763,12.287464883383612,12.269698510236077,176
12.323326110839844,12.315570831298828,12.26397744869686,12.317288351958682,12.299051284790039,12.299848399740716,12.303177071220828,12.307597121148634,177
12.096562385559082,12.090052604675293,12.027513488912257,12.031254299083615,12.0339994430542,12.047352678662188,12.054455816657772,12.067934397462658,178
13.02721881866455,13.030330657958984,13.006518756353847,12.993440186417594,13.000140190124512,13.014525437682824,13.012029007867051,13.019825730024921,179
11.580582618713379,11.587323188781738,11.639643801817535,11.5360084490565,11.610103607177734,11.595553257752137,11.591535820549836,11.59567523825544,180
12.01717472076416,12.010285377502441,12.060817107323425,12.05176827158589,12.063797950744629,12.07255234892045,12.046065962806834,12.034482803471077,181
12.038125991821289,12.030879974365234,12.1551530122053,12.154754118300733,12.173855781555176,12.09538492932052,12.108025634594709,12.079353116261665,182
11.71550178527832,11.680975914001465,11.635500395340623,11.599115026792575,11.640617370605469,11.691686637870069,11.660566188314753,11.671494333300537,183
12.188706398010254,12.22227954864502,12.255429552624053,12.107949805496382,12.16052532196045,12.233754493873242,12.194774186768234,12.209999923514994,184
11.769749641418457,11.753321647644043,11.6241723475725,11.630663684456609,11.695207595825195,11.726034978205865,11.699858315853776,11.731161234905013,185
12.656844139099121,12.658830642700195,12.74445440068423,12.867914906130094,12.816899299621582,12.781002423499626,12.75432430195581,12.718833239034074,186
12.118130683898926,12.108327865600586,12.080880209559833,12.13099057764223,12.112611770629883,12.125897365007145,12.112806412056434,12.111307298789095,187
11.738499641418457,11.746538162231445,11.776714797220537,11.804962629490056,11.74066162109375,11.749120829533503,11.759416280164624,11.746389291068926,188
11.863289833068848,11.870713233947754,11.835093859180338,11.83623253399134,11.857316017150879,11.846568271124053,11.85153562474387,11.862653290473702,189
12.498640060424805,12.530235290527344,12.502150839999526,12.479837342036147,12.481550216674805,12.519825185200796,12.502039822477238,12.515943979104213,190
12.409079551696777,12.445147514343262,12.641231568095293,12.54971026811866,12.610652923583984,12.60738504304693,12.543867811480817,12.516419796210979,191
12.116828918457031,12.143783569335938,12.040483839792909,11.98690083450327,12.064302444458008,12.09085048865995,12.073858349201187,12.113180578408233,192
12.17841625213623,12.188864707946777,12.177312373929922,12.219798922609687,12.198975563049316,12.188283679311883,12.191941916497301,12.190898853765752,193
11.874454498291016,11.899356842041016,11.805778046639116,11.818548105331995,11.848437309265137,11.885042529697262,11.855269555210924,11.882004865430925,194
11.6941499710083,11.696321487426758,11.716379417919189,11.644739187006811,11.690649032592773,11.686855893319247,11.68818249821218,11.694050881546534,195
11.863343238830566,11.866806983947754,11.921852419018228,11.888021366487601,11.88684368133545,11.889239841138346,11.886017921792991,11.876782638862194,196
12.714335441589355,12.671966552734375,12.51210422961564,12.612728061108717,12.611705780029297,12.615193882864595,12.623005657990328,12.64379602817058,197
12.63470458984375,12.541183471679688,12.769106901869467,12.720823472797445,12.722113609313965,12.716438435828712,12.684061746888837,12.619165970331743,198
11.730547904968262,11.701837539672852,11.73121369200415,11.675787012876361,11.657452583312988,11.680768856050788,11.696267931480898,11.688607443166685,199
12.636369705200195,12.640219688415527,12.644061942383905,12.619515387624636,12.590279579162598,12.59115119362477,12.620266249401938,12.620532167026521,200
11.772595405578613,11.755533218383789,11.881578265993415,11.878430348939807,11.834851264953613,11.818880389444699,11.823644815548988,11.788381367657083,201
12.009102821350098,12.023038864135742,11.973660500741401,12.025888568934022,12.019281387329102,12.025101327772722,12.012678911710514,12.02100641986769,202
11.659676551818848,11.656474113464355,11.644102879237133,11.71173735885634,11.678620338439941,11.62619581780141,11.662801176603004,11.65678878712317,203
11.820036888122559,11.824039459228516,11.869190470839873,11.855613068987232,11.864686012268066,11.853538663687313,11.847850760522261,11.8398444535331,204
11.62413215637207,11.642962455749512,11.644810836240774,11.65953776859751,11.637632369995117,11.6155310246258,11.637434435263463,11.637446321784298,205
12.077966690063477,12.084966659545898,12.111053900915415,12.07775403091547,12.130375862121582,12.12391585905686,12.10100550043645,12.102847326749952,206
11.767813682556152,11.75619125366211,11.834730909992226,11.756015981067334,11.78201961517334,11.779488079765867,11.77937658703617,11.76839601708026,207
11.689820289611816,11.707596778869629,11.878651777542913,11.826206804996351,11.780716896057129,11.856734777183746,11.789954554043598,11.753609896746749,208
12.39018726348877,12.41983413696289,12.365748093731307,12.441913711161321,12.38117790222168,12.405433438767387,12.400715757722224,12.406604879708233,209
11.937253952026367,11.964159965515137,11.939017746232121,11.944527728635347,11.922176361083984,11.89170241795119,11.933139695240692,11.941921758726176,210
11.411752700805664,11.424067497253418,11.43592453575442,11.402210262568689,11.462040901184082,11.41686295724543,11.42547647580195,11.432534841246587,211
12.010226249694824,12.005328178405762,12.037893547899003,12.016726909877741,12.005888938903809,12.029792384095241,12.017642701479396,12.010224046230316,212
12.424813270568848,12.430708885192871,12.419285879414426,12.419454901700231,12.443060874938965,12.431241172833952,12.428094164108215,12.433465763504351,213
11.955206871032715,11.95199203491211,11.905255266167256,11.92650076753376,11.939793586730957,11.94464608528673,11.937232435277254,11.946516398412033,214
11.939960479736328,11.948742866516113,11.8978985964131,11.88684909058164,11.87497329711914,11.892140150248848,11.906760746769194,11.92048735760795,215
11.773513793945312,11.757105827331543,11.857779355727038,11.898316523964317,11.85039234161377,11.860611730192128,11.832953262129019,11.798869749215388,216
12.27476692199707,12.269603729248047,12.191594345284102,12.21174572371543,12.215957641601562,12.209599478989446,12.228877973472612,12.24492546822996,217
11.383752822875977,11.370552062988281,11.360470627955165,11.27276167383992,11.30019760131836,11.33252652004276,11.336710218170078,11.347209236581016,218
12.362627983093262,12.410818099975586,12.354509431833335,12.332388537370853,12.36952018737793,12.37204452943831,12.366984794848213,12.393084889817153,219
12.046366691589355,12.043231010437012,12.100571390595832,12.050890706358276,12.072031021118164,12.06734080813222,12.063405271371808,12.055667997693481,220
12.224082946777344,12.23459243774414,12.27251209458974,12.271772158875295,12.296256065368652,12.259313675672582,12.259754896504626,12.254558738147491,221
12.273263931274414,12.281292915344238,12.267423521317134,12.309592539548598,12.276853561401367,12.267469113329216,12.27931593036916,12.27765497474594,222
12.04460620880127,12.044379234313965,12.069490251519753,12.056073024904316,12.056811332702637,12.071984405745598,12.057224076331257,12.052436935157335,223
11.599472999572754,11.59878921508789,11.769042430080736,11.749455311397966,11.731343269348145,11.702346193252568,11.691741569790011,11.652147745685587,224
12.963436126708984,12.956467628479004,12.888950504615723,12.943518391307734,12.863371849060059,12.91332304095573,12.921511256854538,12.925117753970069,225
11.458255767822266,11.458619117736816,11.477210854998768,11.520806208993799,11.478934288024902,11.517848227284743,11.485279077476882,11.473331299748843,226
12.46220588684082,12.452091217041016,12.48601907309698,12.460855611300392,12.483367919921875,12.490142103037316,12.472446968539733,12.466620166261611,227
11.477371215820312,11.488551139831543,11.433993751242186,11.446518858361134,11.440168380737305,11.467808224016073,11.459068595001424,11.471952593499845,228
11.63885498046875,11.639923095703125,11.763380263585617,11.724546778912753,11.724471092224121,11.726368206757689,11.702924069608676,11.677566504107336,229
12.151506423950195,12.141735076904297,12.23770118396999,12.230090564279216,12.205119132995605,12.199989632823627,12.194357002487154,12.169034644964906,230
11.791670799255371,11.80407428741455,11.84295680784956,11.818897456570308,11.820684432983398,11.806271403532268,11.814092531267576,11.809593042127746,231
12.722784996032715,12.726640701293945,12.80948344492232,12.860538001309342,12.807531356811523,12.817446528498701,12.790737504811425,12.762889397458299,232
11.452066421508789,11.461348533630371,11.511260930088815,11.477892258918956,11.51317024230957,11.534572374387677,11.491718460140696,11.48682285088314,233
11.77424144744873,11.768067359924316,11.826440118571123,11.843256605024594,11.817818641662598,11.813967468017056,11.807298606774737,11.789028508004044,234
12.305874824523926,12.292447090148926,12.208590874431957,12.218140054077569,12.226601600646973,12.247971257299396,12.249937616854792,12.267047296796779,235
11.427614212036133,11.354242324829102,11.360532314879679,11.49398752091176,11.31336784362793,11.368470119554866,11.386369055973246,11.346691492210036,236
12.14925479888916,12.15782356262207,12.079334631845908,12.079313604508231,12.119235038757324,12.13571633158125,12.120112994700657,12.142699332929125,237
12.303013801574707,12.313261985778809,12.262835837937716,12.291481771228796,12.261799812316895,12.236034915837458,12.278071354112397,12.28723670969087,238
12.52234935760498,12.517986297607422,12.434386039147096,12.468930727719961,12.45029067993164,12.432786435167175,12.471121589529714,12.485800751983387,239
11.681981086730957,11.703871726989746,11.74984495758484,11.80136711203705,11.760351181030273,11.770779158714232,11.74469920384785,11.729381300181254,240
12.435545921325684,12.452284812927246,12.57400622722793,12.567417055841984,12.559934616088867,12.530569079474168,12.519959618814312,12.494230281574348,241
11.48775863647461,11.51011848449707,11.484197252683002,11.376842111048779,11.484588623046875,11.458005048271179,11.46691835933692,11.495031562919285,242
11.450783729553223,11.46337604522705,11.523489898564337,11.51898222409468,11.513139724731445,11.456967564059822,11.487789864371758,11.476243805109021,243
11.758613586425781,11.775833129882812,11.767358622490901,11.773096765330436,11.79263973236084,11.781259926898228,11.774800293898167,11.780522654297952,244
12.353887557983398,12.364910125732422,12.346840511785274,12.336891967043055,12.357111930847168,12.359109616487212,12.353125284979756,12.361581774738147,245
12.30023193359375,12.2941312789917,12.341705214712693,12.289263637287192,12.343443870544434,12.310463520692366,12.313206575970355,12.310065694108568,246
11.841255187988281,11.811846733093262,11.80797490189587,11.679607882889684,11.759644508361816,11.784808428825883,11.780856273842465,11.794814973971008,247
11.900266647338867,11.892292022705078,11.920161939717755,11.835566485539024,11.885871887207031,11.859788034315393,11.88232450280386,11.886478799003655,248
12.166837692260742,12.181044578552246,12.154336488091738,12.136665905855535,12.13723087310791,12.143406407682708,12.153253657591813,12.163738407603779,249
12.568829536437988,12.557547569274902,12.497425845027909,12.438003839669449,12.441085815429688,12.481676336630288,12.49742815707837,12.515627970551519,250
11.432172775268555,11.491959571838379,11.450413203556533,11.396288347947154,11.42035961151123,11.524308039808847,11.452583591655118,11.478357461625183,251
12.544812202453613,12.520685195922852,12.566267948339187,12.559893185170731,12.495450019836426,12.483211609957179,12.52838669361333,12.510033964217167,252
12.08066177368164,12.086857795715332,12.0732428812876,12.093758372084762,12.063746452331543,12.068433834884313,12.077783518330866,12.077965438248889,253
12.12802791595459,12.082608222961426,12.024554677268108,12.017189361978458,12.041158676147461,12.08074256444633,12.062380236459395,12.07053571643791,254
11.856207847595215,11.862030982971191,11.891693199948612,11.85377594398528,11.871891021728516,11.882336392653112,11.869655898146988,11.868458245394887,255
12.314550399780273,12.310565948486328,12.348579238148249,12.335795817599607,12.35444164276123,12.340396051161456,12.334054849656189,12.327000547478399,256
12.21732234954834,12.213399887084961,12.2289451969241,12.205436052817623,12.214031219482422,12.20155820022784,12.213448817680883,12.212162234449277,257
12.35366439819336,12.352071762084961,12.341042336423223,12.381687773812523,12.344954490661621,12.353812619054121,12.354538896704968,12.35028891470404,258
12.285699844360352,12.267251014709473,12.251166112812854,12.301936478071697,12.272330284118652,12.241979568871168,12.2700605504907,12.264082654064273,259
11.547191619873047,11.559330940246582,11.578422352094156,11.579381296298331,11.586565971374512,11.56856992500617,11.569910350815467,11.567956155301168,260
12.091288566589355,12.081053733825684,12.034321860062926,12.078207742943183,12.05344009399414,12.053363177416077,12.065279195805227,12.068656991695411,261
12.722694396972656,12.716996192932129,12.772756131027549,12.798470475934261,12.809904098510742,12.803160041406311,12.770663556130607,12.7546580220227,262
11.990626335144043,11.998727798461914,11.985560419177704,11.973122458781546,11.984560012817383,11.988366632948702,11.98682727622188,11.993281420124957,263
11.735694885253906,11.739441871643066,11.720124658854028,11.770470077172618,11.703319549560547,11.723939888995726,11.732165155246648,11.727671157652523,264
11.268197059631348,11.275442123413086,11.333962993342906,11.229618980456914,11.309328079223633,11.26131837948013,11.279644602591338,11.283196657551109,265
12.155071258544922,12.115985870361328,12.120146753788019,12.095820936393457,12.138943672180176,12.120598647896395,12.124427856527383,12.122414227309768,266
12.15528678894043,12.14726448059082,12.143214016471504,12.102215727382676,12.119865417480469,12.11444529115933,12.130381953670872,12.135365005303825,267
12.14874267578125,12.135003089904785,12.173048570587342,12.178338570792002,12.115986824035645,12.09878646524445,12.141651032724246,12.125841858998964,268
11.549036979675293,11.566898345947266,11.677172035603546,11.651296196342765,11.675357818603516,11.617539681312389,11.622883509580795,11.604401873091653,269
11.940502166748047,11.949849128723145,11.949656010465947,11.95940218885707,11.935840606689453,11.9777362322611,11.952164388957458,11.95077684529938,270
12.494046211242676,12.499366760253906,12.468100492699044,12.453130729016774,12.476625442504883,12.493148919763563,12.480736425913472,12.491951204161094,271
12.227659225463867,12.252433776855469,12.229243527491244,12.174754416764552,12.224289894104004,12.292637777412356,12.233503103015247,12.251168693014272,272
12.67443561553955,12.680732727050781,12.638697851722808,12.585142997048289,12.631365776062012,12.63777217450692,12.641357856988392,12.660799097409434,273
11.973228454589844,11.950772285461426,12.06038458213958,12.010923353841667,12.054543495178223,12.045228540701274,12.015846785318667,11.99393951013357,274
11.786395072937012,11.761954307556152,11.78964307458153,11.742800444389148,11.745570182800293,11.746861940798595,11.762204170510456,11.756422143172417,275
12.044981956481934,12.068918228149414,12.078406689071643,12.112180258834917,12.111248016357422,12.048873948826284,12.07743484962027,12.076377218506968,276
12.189598083496094,12.196157455444336,12.230506550514006,12.249204565910048,12.23849868774414,12.225759396565088,12.221620789945618,12.21207619926044,277
11.574736595153809,11.561739921569824,11.526452794215423,11.559791638680942,11.56305980682373,11.551347297514976,11.556188008993118,11.55941421559066,278
12.894964218139648,12.904275894165039,12.901768436768531,12.935629404631356,12.858162879943848,12.837089138783517,12.888648328738656,12.88251301693789,279
12.271463394165039,12.2545747756958,12.314973197857858,12.253916334784865,12.280929565429688,12.280923260044105,12.276130087996227,12.266854315742949,280
12.284235954284668,12.277816772460938,12.233271704991733,12.313129205568671,12.264392852783203,12.275797243382947,12.274773955578695,12.272936286685944,281
12.233409881591797,12.203350067138672,12.112030772051527,12.188052902336864,12.158617973327637,12.121413295242355,12.169479148614807,12.177037850004018,282
12.282562255859375,12.277377128601074,12.314756856302921,12.323667525434779,12.306304931640625,12.292207496949128,12.299479365797984,12.287818243976977,283
12.305179595947266,12.298811912536621,12.43579143472837,12.448112098822014,12.422555923461914,12.452301454566797,12.393792070010498,12.356833212015049,284
12.1353120803833,12.117891311645508,12.101334874244252,12.103782250533103,12.108513832092285,12.098908248370305,12.110957099544791,12.112169406481605,285
12.044024467468262,12.052520751953125,12.019148588532035,11.989188165919835,12.01204776763916,12.026232979303705,12.023860453469354,12.037601455383609,286
12.128275871276855,12.123434066772461,12.12570601050222,12.11688164783222,12.115700721740723,12.099177424307522,12.118195957072002,12.11783972558127,287
11.514764785766602,11.501574516296387,11.627490925411701,11.5973429722553,11.590874671936035,11.539604955526096,11.561942137865353,11.532905755919776,288
11.632951736450195,11.62236213684082,11.703961873643278,11.631977572794383,11.678519248962402,11.647653045886027,11.652904269096185,11.642349633045258,289
11.913290977478027,11.894511222839355,11.821154649279569,11.835483424889642,11.862123489379883,11.89118291358463,11.86962444624185,11.883970875267327,290
12.442108154296875,12.418377876281738,12.37970760168901,12.463616080225519,12.414855003356934,12.425351582187302,12.424002716339563,12.417479531642183,291
11.625198364257812,11.655195236206055,11.749399750293508,11.772957286135888,11.715300559997559,11.68089862782787,11.69982497078645,11.676575425775727,292
11.82569694519043,11.80222225189209,11.89997627344618,11.851193384962777,11.846075057983398,11.848235164675305,11.845566513025028,11.822912746205288,293
12.353286743164062,12.357211112976074,12.406842746050161,12.444753599127749,12.47119426727295,12.422567904481351,12.409309395512059,12.396583998612602,294
12.089845657348633,12.09553050994873,11.973956332908442,11.846723768668204,11.968595504760742,12.017149323594001,11.998633516204793,12.048879610473291,295
11.927091598510742,11.930038452148438,11.891685008627423,11.914335616084578,11.90811824798584,11.918567867337112,11.914972798449021,11.921798122770063,296
11.778275489807129,11.790227890014648,11.774945494044855,11.769125004724433,11.800786018371582,11.803286425425858,11.786107720398084,11.794386598127105,297
12.387091636657715,12.360679626464844,12.315729561288691,12.309678592792023,12.373284339904785,12.368177301670967,12.35244017646317,12.363605847756268,298
12.107911109924316,12.09313678741455,12.05490204703689,12.070819432133849,12.054665565490723,12.054685105314377,12.07268667455245,12.076668529257283,299
11.918505668640137,11.948694229125977,11.960693485682837,11.876261118785438,11.92112922668457,11.96753536007938,11.932136514833056,11.945268257532964,300
12.019672393798828,12.037879943847656,12.057573716950754,12.07228977886775,12.02518367767334,12.033795568468076,12.041065846601066,12.034727041840517,301
12.515467643737793,12.503922462463379,12.522640107651279,12.485677270796957,12.523488998413086,12.517368624329144,12.511427517898605,12.511325306149566,302
12.298008918762207,12.294013977050781,12.27578552918898,12.286144494494197,12.316349983215332,12.352905358102689,12.30386804346903,12.308092475931618,303
11.79647445678711,11.811652183532715,11.814078777813913,11.751324137152773,11.767363548278809,11.788340573219951,11.788205612797546,11.797310829239954,304
12.474369049072266,12.503626823425293,12.61716946472419,12.550813311750186,12.545409202575684,12.609708032198224,12.550182647290974,12.533629155546603,305
12.59228801727295,12.591485977172852,12.630003922952445,12.666993923322867,12.642295837402344,12.598124771522244,12.620198741607618,12.606011194645465,306
12.338091850280762,12.334477424621582,12.40966647394541,12.436255991135717,12.40906810760498,12.371044847632081,12.383100782536756,12.36052174727972,307
11.546561241149902,11.570948600769043,11.51883901235284,11.455583614556371,11.499335289001465,11.534160987491886,11.520904790886918,11.546267352509577,308
11.576546669006348,11.57880973815918,11.575441358195869,11.56437509804132,11.598121643066406,11.526363890961319,11.569943066238407,11.575244179663995,309
12.834033012390137,12.849432945251465,12.82977925666097,12.793255463552224,12.818361282348633,12.827221887562716,12.825347307961025,12.837836966320417,310
12.03922176361084,12.043828964233398,12.111348250688991,12.10501719017313,12.118165016174316,12.09107698980555,12.084776362447704,12.07125130957393,311
11.882643699645996,11.850438117980957,11.856137571795259,11.787973310484439,11.815028190612793,11.8499328632618,11.840358958963542,11.841905624907348,312
11.718235969543457,11.731812477111816,11.772666221123794,11.73809240329627,11.760417938232422,11.722667564534687,11.740648762307075,11.73854217650659,313
12.636085510253906,12.684212684631348,12.573075022809,12.474158620563086,12.515351295471191,12.52443922749175,12.56788706020338,12.614982748497452,314
12.040728569030762,12.05072021484375,11.966262920889008,12.02204389544659,11.975106239318848,12.020520413402895,12.012563708821974,12.025148461755647,315
12.148202896118164,12.152883529663086,12.088042880952564,12.12034969603338,12.119522094726562,12.10268582688094,12.121947820729117,12.135054342165182,316
12.447025299072266,12.436294555664062,12.438298213497843,12.42186918665494,12.425849914550781,12.410002543610862,12.429889952175126,12.42971536909008,317
12.4535493850708,12.4622163772583,12.489806625516886,12.49551514938417,12.489652633666992,12.497191156478891,12.481321887896007,12.475146641204283,318
12.635287284851074,12.654996871948242,12.639118054818203,12.695289081073302,12.646894454956055,12.650351198813416,12.653656157743383,12.651838175610274,319
12.2216796875,12.23149299621582,12.203806408899117,12.251262236565124,12.229944229125977,12.203296139601187,12.223580282984537,12.225917427994954,320
12.719738006591797,12.726106643676758,12.814775991290134,12.85285861713704,12.802804946899414,12.783167658972364,12.783241977427918,12.756248780734852,321
12.713571548461914,12.7006254196167,12.750305006479785,12.781137413257778,12.773885726928711,12.73650617583753,12.742671881763735,12.725495538817603,322
12.488629341125488,12.480299949645996,12.510816901500464,12.477853860478533,12.507000923156738,12.601462525980597,12.511010583647968,12.506560398160216,323
11.695082664489746,11.697368621826172,11.755903160979974,11.686313421830024,11.712509155273438,11.657264507354045,11.700740255292233,11.696513843782073,324
12.493868827819824,12.440241813659668,12.475361104483436,12.422339113265387,12.494441986083984,12.46069551687153,12.464491393697307,12.45764499001364,325
11.387076377868652,11.406416893005371,11.422897938243352,11.312130872618773,11.411870956420898,11.34049608423856,11.380148187065934,11.397957605856154,326
12.596704483032227,12.575166702270508,12.602760369333653,12.574770571195755,12.620844841003418,12.550251413181218,12.586749730002795,12.58320974251207,327
11.911481857299805,11.901948928833008,11.879706882112924,11.83867983526514,11.863131523132324,11.866091231866113,11.876840043084885,11.886266476165996,328
11.949779510498047,11.932912826538086,12.088855184980645,12.080758243504652,12.084053993225098,12.000794788060219,12.022859091134459,11.984822558160378,329
11.348082542419434,11.4132080078125,11.438457340047707,11.177133954553835,11.271729469299316,11.301754694275447,11.325061001401373,11.362144459333432,330
11.880517959594727,11.900228500366211,11.84016896210731,11.831457292984641,11.858030319213867,11.853348906186183,11.860625323408824,11.880904302350505,331
11.748479843139648,11.750781059265137,11.808545310573992,11.800377418355106,11.800370216369629,11.78828928266032,11.782807188393972,11.770377958648456,332
12.581097602844238,12.579946517944336,12.681215262413017,12.614708130793378,12.6103515625,12.592352514637335,12.609945265188719,12.592231499211819,333
12.260991096496582,12.25209903717041,12.161487701276256,12.149016478101872,12.150958061218262,12.206759150045636,12.196885254051503,12.217775773560902,334
12.243020057678223,12.235962867736816,12.169662134632686,12.198618994207996,12.207314491271973,12.180568140558734,12.205857781014407,12.218428992631281,335
12.386917114257812,12.450733184814453,12.300128774548524,12.255134928457585,12.248191833496094,12.272409953774158,12.31891929822477,12.369265184548679,336
12.838326454162598,12.827216148376465,12.824291736436948,12.841302312577795,12.835579872131348,12.824916912876342,12.831938906093583,12.828808809451766,337
12.281238555908203,12.290767669677734,12.307936715120134,12.304021144618316,12.314632415771484,12.294443373791129,12.298839979147834,12.297649939611036,338
12.290826797485352,12.284990310668945,12.201249228754845,12.241216506430177,12.2389497756958,12.229973201859005,12.24786763681569,12.262773202551454,339
11.858293533325195,11.866308212280273,11.880016886817836,11.807176888509664,11.867244720458984,11.879231687570735,11.859711988160448,11.868948538771498,340
12.279528617858887,12.28609848022461,12.249110569108595,12.230555441370328,12.25578784942627,12.286476877795272,12.264592972630659,12.277700948610763,341
11.201384544372559,11.26855182647705,11.30421920454075,11.375680891473905,11.347550392150879,11.404580700834845,11.316994593308332,11.310008701284687,342
11.356621742248535,11.347878456115723,11.393240147436911,11.414102368075744,11.412625312805176,11.390537533162739,11.38583425997414,11.371606034748998,343
12.583252906799316,12.568567276000977,12.533893369540245,12.533905378626702,12.47242546081543,12.511736606502774,12.533963499714242,12.535301390950728,344
11.410271644592285,11.408897399902344,11.469470271583281,11.529663165907852,11.453970909118652,11.486128697688773,11.459733681465531,11.43366382875382,345
11.818235397338867,11.804201126098633,11.926094366662744,11.874016615685482,11.888535499572754,11.867920504110124,11.8631672515781,11.838207387052254,346
11.854179382324219,11.85389518737793,11.843279222494058,11.792015165241386,11.843225479125977,11.851290481674878,11.839647486373075,11.85058278572994,347
12.152917861938477,12.151703834533691,12.065612769645861,12.048136340486494,12.073590278625488,12.067142282174503,12.093183894567419,12.117009064815326,348
12.130462646484375,12.146472930908203,12.134216819055792,12.165320890850607,12.138947486877441,12.131722349105864,12.141190520547047,12.141986405655434,349
13.001585006713867,12.987329483032227,13.046505804567335,13.12041756938528,13.030564308166504,13.00138349652631,13.031297611398587,13.001767658123173,350
12.61452579498291,12.620980262756348,12.545965326486996,12.596814723762838,12.568235397338867,12.597067205099728,12.590598118404614,12.602229912255034,351
12.162252426147461,12.177322387695312,12.156719532364693,12.157276411098941,12.213374137878418,12.1883736947621,12.17588643165782,12.187219368944975,352
11.500000953674316,11.532549858093262,11.464941474932466,11.458486281709336,11.419981002807617,11.403728734892612,11.463281384351601,11.483112707847887,353
11.54828929901123,11.554192543029785,11.607020016038502,11.668494851179812,11.615342140197754,11.644730341204152,11.606344865110207,11.584719190002119,354
11.93421745300293,11.933547019958496,11.929783019776893,11.953451005173239,11.943900108337402,11.91136377668002,11.934377063821495,11.932502522176836,355
12.048702239990234,12.042551040649414,12.069439870121581,12.077507000550465,12.078042984008789,12.066292492334217,12.063755937942451,12.05567226349937,356
12.013690948486328,12.025288581848145,12.039967666886199,12.03523265438838,12.033740997314453,12.007527381128453,12.025908038341994,12.025007610210011,357
11.84050464630127,11.837735176086426,11.890258853580498,11.861660988617823,11.849247932434082,11.866915495184942,11.857720515367506,11.846613273594802,358
11.66719913482666,11.622621536254883,11.761202468030397,11.766899441982526,11.73873519897461,11.772238766784781,11.721482757808976,11.678228918173566,359
12.582001686096191,12.571369171142578,12.527551015011666,12.505838638425342,12.523255348205566,12.522043264943266,12.538676520637436,12.550697210002303,360
11.932679176330566,11.92418384552002,11.878964450065354,11.872917567304793,11.906451225280762,11.924280838587839,11.906579517181555,11.918564486527707,361
11.898003578186035,11.884861946105957,11.832184648696778,11.826610200773654,11.846341133117676,11.895218426084663,11.863869988827462,11.87556267811532,362
12.12886905670166,12.103812217712402,12.159989266723416,12.13830433428146,12.172340393066406,12.147720079025495,12.141839224585139,12.128969970601288,363
11.584317207336426,11.581700325012207,11.540551999151173,11.535389644760965,11.570283889770508,11.551489924628667,11.560622165109992,11.573016739649173,364
12.111660957336426,12.110787391662598,12.12818651076769,12.160405720319451,12.12048625946045,12.103012588448953,12.122423237999262,12.112444510423833,365
11.699383735656738,11.710868835449219,11.817637514989498,11.757419520533015,11.764175415039062,11.77773824559807,11.754537211210932,11.737371814501472,366
12.066133499145508,12.075332641601562,12.0135257664053,12.021743363977043,12.025273323059082,12.04240312928399,12.040735287245417,12.056216621131982,367
11.928162574768066,11.950039863586426,11.991973127076772,11.994624173143041,11.964661598205566,11.975738984614013,11.96753338689898,11.95882395570979,368
11.821648597717285,11.832778930664062,11.86812674777124,11.88622501942714,11.834136009216309,11.863276771675372,11.851032012745236,11.838889481925582,369
12.054900169372559,12.050719261169434,12.021158581288846,12.010242566389767,12.00185775756836,12.045133093645799,12.03066857157246,12.03709331672262,370
12.105082511901855,12.1085205078125,12.077214213325927,12.079100031873963,12.09278392791748,12.079174100181172,12.090312548835485,12.09920664847051,371
11.717825889587402,11.6804780960083,11.673360545070256,11.633504808263764,11.683205604553223,11.68637332632909,11.679124711635339,11.681852828813328,372
11.692086219787598,11.687222480773926,11.752144066201742,11.668822371375459,11.698920249938965,11.750852508112741,11.70834131603174,11.7018725133998,373
11.701131820678711,11.709383964538574,11.751415254468897,11.749622755587286,11.74495792388916,11.739415120764592,11.732654473321203,11.723946066773612,374
12.249176979064941,12.25053596496582,12.216514403264375,12.236076261440905,12.232843399047852,12.238655772716932,12.237300463416807,12.243387219043925,375
10.994967460632324,11.14903450012207,11.162827848846991,11.278528924766436,11.16948413848877,10.974171381993216,11.1215023758083,11.127179347076822,376
11.860794067382812,11.852296829223633,11.775910259338758,11.754938267568061,11.779267311096191,11.83410795526936,11.809552448313136,11.829460133095674,377
12.560025215148926,12.548721313476562,12.582171442527885,12.590713485376074,12.548002243041992,12.56847226767443,12.566350994540977,12.552597317471939,378
12.83763599395752,12.868739128112793,12.812477599612588,12.693300731464024,12.798303604125977,12.745804257616886,12.792710219148297,12.830806023145758,379
12.07029914855957,12.075311660766602,12.087741868566983,12.114573945117364,12.101990699768066,12.113713866317312,12.093938531515983,12.088149626162679,380
11.923442840576172,11.913389205932617,11.845312087934566,11.89741848135257,11.896496772766113,11.839190203256893,11.885874931969822,11.895736534958212,381
12.232295036315918,12.234037399291992,12.224008635251232,12.221639222524878,12.205742835998535,12.236178836174448,12.225650327592833,12.22719088368151,382
12.228443145751953,12.237748146057129,12.2548739179653,12.268525856870422,12.25690746307373,12.23454025787049,12.246839797931505,12.242411574753177,383
11.341934204101562,11.314281463623047,11.30905520434139,11.25584057895955,11.407179832458496,11.365114314489205,11.332234266328875,11.344660848278911,384
12.526082038879395,12.507434844970703,12.380065976907726,12.512908610568953,12.438737869262695,12.519391682794582,12.480770170564009,12.4888623385484,385
12.128998756408691,12.117963790893555,12.098951980907666,12.107845135869033,12.121260643005371,12.126454853515588,12.116912526766649,12.119534801475485,386
11.279552459716797,11.270636558532715,11.43072426559398,11.487791275870547,11.369831085205078,11.430754465832894,11.378215018458668,11.324387538304183,387
11.796100616455078,11.814508438110352,11.716037754196725,11.72315211367621,11.776615142822266,11.772214695234847,11.766438126749248,11.795827058177714,388
12.184989929199219,12.18349838256836,12.223606523468037,12.202929808548024,12.20004653930664,12.191250118748505,12.19772021697313,12.18990290520713,389
13.000224113464355,12.983139991760254,12.949079208966342,12.91750596916357,12.93220329284668,12.919827736068896,12.950330052045016,12.959886807696535,390
11.754711151123047,11.777506828308105,11.713250546204964,11.686673132093302,11.72058391571045,11.731863366656228,11.730764823349348,11.754668394176939,391
12.324692726135254,12.319849014282227,12.247849835673835,12.290026955535707,12.283753395080566,12.299686118466163,12.294309674195626,12.305823594298637,392
11.535072326660156,11.51852798461914,11.60997500720611,11.57867388911345,11.61612319946289,11.610049257351,11.578070277402125,11.559205275502018,393
11.31344985961914,11.300446510314941,11.362131784924376,11.421595639835479,11.365193367004395,11.352862911298747,11.352613345499513,11.326169510616257,394
11.620795249938965,11.614121437072754,11.621064015668434,11.675104712109588,11.6375093460083,11.639069345971743,11.634610684461633,11.6239027888168,395
11.792831420898438,11.791157722473145,11.75820733533089,11.74751272770994,11.76278018951416,11.79433653598942,11.774470988652666,11.78378459884575,396
11.695629119873047,11.722861289978027,11.736749167117907,11.7455033275751,11.748102188110352,11.746624128417126,11.732578203511927,11.733111541523952,397
11.89683723449707,11.867987632751465,11.986721896370932,11.936865187711549,11.946948051452637,11.931391042167782,11.927791840825238,11.900544431931952,398
11.387154579162598,11.432732582092285,11.51603353875268,11.368094522696907,11.3749361038208,11.324528975262545,11.40058005029797,11.404237777149888,399
12.246932029724121,12.250282287597656,12.262169783463502,12.283646481253502,12.260588645935059,12.23758634249109,12.256867595077487,12.251160192963663,400
12.462665557861328,12.455018043518066,12.322832843669593,12.258256930473094,12.31794548034668,12.39700990058944,12.368954792743034,12.408763249253868,401
12.159990310668945,12.163646697998047,12.17090549456015,12.142865170400576,12.171159744262695,12.139083537140223,12.15794182583844,12.161861395660274,402
11.499192237854004,11.506864547729492,11.502985846957523,11.53410322088514,11.505070686340332,11.514159866828503,11.510396067765832,11.5074510893857,403
12.431366920471191,12.417960166931152,12.434569604950697,12.450384914931485,12.39821720123291,12.413303264783915,12.424300345550224,12.412912820217125,404
12.058693885803223,12.044214248657227,12.061446604920834,12.089911292272651,12.066523551940918,12.064041570438114,12.064138525672162,12.053235359715103,405
11.934730529785156,11.938074111938477,11.940158462233113,11.918209503580172,11.951462745666504,11.946814922455383,11.938241712609802,11.942755464837015,406
11.724456787109375,11.715343475341797,11.733759406751505,11.780949076949044,11.719893455505371,11.625639727995932,11.71667365494217,11.703016262209161,407
11.99856185913086,12.032630920410156,11.985031330577371,11.977637923241524,12.007936477661133,12.009336987698687,12.001855916453287,12.021604296921508,408
12.559829711914062,12.549347877502441,12.499222450405101,12.455850311443141,12.502413749694824,12.538214563575444,12.517479777422503,12.534727840905632,409
12.68885326385498,12.695943832397461,12.62365450614858,12.627435965795238,12.649916648864746,12.67737045234787,12.660529111568145,12.679739870609152,410
11.499261856079102,11.486698150634766,11.529138073018013,11.535030028063588,11.481356620788574,11.531906240463407,11.510565161507907,11.49367587253225,411
11.793634414672852,11.797033309936523,11.903012138392771,11.863374255808141,11.864110946655273,11.831980545395261,11.842190935143469,11.821893651503746,412
12.475410461425781,12.453424453735352,12.335015287975994,12.333858777288032,12.373383522033691,12.41979366518954,12.398481027941399,12.425251230327737,413
11.521711349487305,11.518095970153809,11.542372051352,11.508509674324522,11.544983863830566,11.527162206009974,11.527139185859696,11.526760867110458,414
12.425196647644043,12.379496574401855,12.417097653585435,12.388364807364741,12.433053016662598,12.413436886773336,12.409440931072004,12.398915931654546,415
12.148859977722168,12.145702362060547,12.142681126616921,12.180308713459748,12.184596061706543,12.178667783153754,12.16346933745328,12.160216686115099,416
11.95985221862793,11.965771675109863,11.957926109492359,12.00707907372464,11.964481353759766,11.961751676558146,11.969477017878786,11.96460281304105,417
12.381551742553711,12.392804145812988,12.364267268722847,12.430534702728854,12.36889934539795,12.33491561464738,12.378828803310624,12.377137109850514,418
11.572884559631348,11.559036254882812,11.621542123004254,11.596963106520239,11.598665237426758,11.605498021247751,11.592431550452195,11.57774124273712,419
11.839630126953125,11.852340698242188,11.818030694971073,11.775726456480228,11.828368186950684,11.83419336345954,11.824714921176138,11.84267869249254,420
12.153678894042969,12.158184051513672,12.15143140849565,12.08593908553015,12.15507984161377,12.229850721656748,12.155694000475494,12.168393799888053,421
12.296616554260254,12.293188095092773,12.23126328234316,12.242099807364356,12.230518341064453,12.24586320802126,12.256591548024376,12.268756757755515,422
11.584022521972656,11.57070541381836,11.614140413075482,11.548862748217392,11.568144798278809,11.599353992939228,11.580871648050321,11.575809926618986,423
12.609477043151855,12.611763000488281,12.732511560615254,12.710345197987472,12.673980712890625,12.6738718875823,12.668658233785964,12.640101173959646,424
11.866663932800293,11.869832992553711,11.876052603403217,11.912726431151565,11.875463485717773,11.879453087054266,11.880032088780135,11.872883229369465,425
11.783158302307129,11.793858528137207,11.795961495419597,11.870274741029702,11.776612281799316,11.797414283815618,11.80287993875143,11.790275347408635,426
12.370352745056152,12.383721351623535,12.370481229925687,12.369320976695798,12.313183784484863,12.36147664281539,12.361422788433572,12.362699790709625,427
11.624305725097656,11.60876178741455,11.592303210044385,11.677901986967997,11.61060905456543,11.623849600957191,11.622955227507868,11.611081784171363,428
12.200667381286621,12.2099609375,12.17880763803111,12.23823815082583,12.191000938415527,12.205396781302035,12.204011971226853,12.203726729653145,429
12.136019706726074,12.125481605529785,12.109086092875557,12.06282179424466,12.108813285827637,12.106291872707608,12.108085726318555,12.117957380574262,430
11.459543228149414,11.459718704223633,11.561619008106648,11.510701107917816,11.502104759216309,11.503818566885649,11.499584229083245,11.479875015765012,431
11.603084564208984,11.61039924621582,11.564362716942581,11.609645175474066,11.586347579956055,11.56218506210374,11.589337390816874,11.5956932771396,432
11.683491706848145,11.645483016967773,11.753636565219212,11.833394781700992,11.757357597351074,11.699109148820995,11.728745469484698,11.684220990452967,433
12.109341621398926,12.102364540100098,12.0808072465214,12.103585316616224,12.102095603942871,12.093228184055093,12.098570418772434,12.10024784644958,434
11.361706733703613,11.3486328125,11.33895845663406,11.30872119124845,11.29155445098877,11.315556176462106,11.327521636922834,11.329304470643079,435
12.33635425567627,12.28809642791748,12.257626807742112,12.275967852872776,12.259950637817383,12.296275312905355,12.285711882488563,12.281630781523866,436
11.613062858581543,11.617979049682617,11.570277582196745,11.566247737617713,11.557246208190918,11.568189542974114,11.582167163207275,11.594049847305435,437
11.71927261352539,11.682670593261719,11.638763565261042,11.568532820767034,11.628918647766113,11.678260732419783,11.65273649550018,11.667619290353647,438
11.501425743103027,11.487226486206055,11.581609970268595,11.356011026004996,11.522635459899902,11.586742048864094,11.505941789057779,11.514096383176383,439
11.796459197998047,11.81107234954834,11.752722645426287,11.716866195391153,11.738822937011719,11.781950308674686,11.76631560567504,11.787248329391067,440
13.134401321411133,13.110157012939453,13.201825451456658,13.169352766120996,13.184633255004883,13.172636392138116,13.162167699845206,13.140689548708703,441
11.61328411102295,11.573566436767578,11.718303532769173,11.757185593478019,11.716779708862305,11.636786550707141,11.669317655601192,11.622493634186423,442
11.951407432556152,11.947776794433594,11.899133998860375,11.918533458792352,11.900355339050293,11.895586929180322,11.918798992145517,11.926686711245118,443
12.183615684509277,12.169795989990234,12.133246443143403,12.117883838836093,12.133259773254395,12.144828588195452,12.147105052988143,12.155948081072935,444
12.287572860717773,12.275142669677734,12.256706339101116,12.27442819117584,12.288704872131348,12.282792017297997,12.277557825016968,12.279098262411825,445
11.923147201538086,11.935296058654785,11.935867758498418,11.887012259114899,11.943445205688477,11.970583725394219,11.932558701481481,11.942792588270489,446
12.278099060058594,12.26073932647705,12.319063925919409,12.276509481234958,12.253191947937012,12.198509990139726,12.26435228862779,12.250909439034883,447
12.227520942687988,12.220093727111816,12.222614378851551,12.228777587679543,12.225510597229004,12.217598930397452,12.223686027326226,12.22109725258052,448
11.730640411376953,11.744890213012695,11.778136069710264,11.786461872622144,11.769264221191406,11.7843850289737,11.765629636147862,11.757943848203153,449
11.668183326721191,11.663873672485352,11.729189525221429,11.594838450183273,11.748303413391113,11.698264943846851,11.683775555308202,11.691686467579828,450
11.48649787902832,11.497551918029785,11.528371852371405,11.538211978387176,11.488226890563965,11.501113803197802,11.506662386929742,11.496734838372948,451
12.439126014709473,12.447412490844727,12.353415584867031,12.212378594661821,12.298711776733398,12.333096344607135,12.347356801070598,12.390669863733415,452
12.273397445678711,12.260287284851074,12.201621885718062,12.210326586127005,12.21725845336914,12.210412039706759,12.22888394924179,12.240334931096424,453
12.20085334777832,12.218124389648438,12.296479451398634,12.308876786809885,12.313238143920898,12.307745199675686,12.274219553205308,12.257520087836705,454
11.956603050231934,11.95620346069336,11.96349089221511,11.884329160325393,11.82758617401123,11.849355275459097,11.906261335489354,11.908464555374568,455
12.037967681884766,12.024393081665039,11.971147832104649,11.94082656777075,12.002019882202148,11.984981192769885,11.993556039732873,12.011256598637965,456
11.357399940490723,11.413106918334961,11.339426063096811,11.246185251673708,11.35417366027832,11.359762989112365,11.345009137164482,11.388305091154594,457
12.23644733428955,12.213191986083984,12.252719174457107,12.167514063666498,12.251505851745605,12.207644174811339,12.22150376417568,12.222806612861081,458
11.966774940490723,11.957084655761719,11.913383138209971,12.028225035726976,11.941341400146484,11.993830210887513,11.966773230203898,11.95770187631947,459
11.719026565551758,11.760611534118652,11.705064236939748,11.701941542776346,11.737161636352539,11.747328568032252,11.728522347295216,11.751215483292123,460
12.38487720489502,12.396650314331055,12.45498343656839,12.411131773433686,12.460609436035156,12.425102286115058,12.422225741896396,12.418351368767407,461
11.943890571594238,11.952441215515137,11.93745837516461,11.95263149360486,11.89354133605957,11.884176833296287,11.927356637539118,11.927034211523136,462
11.714312553405762,11.695079803466797,11.748769701661546,11.73373781960469,11.758441925048828,11.748511930533788,11.733142288953568,11.720390914674445,463
12.176863670349121,12.142959594726562,12.125017157795632,12.051620608498585,12.131413459777832,12.108105370780143,12.122663310321313,12.134197421245876,464
11.659875869750977,11.644635200500488,11.720532779562543,11.734467742510295,11.713031768798828,11.615660932933897,11.68136738234284,11.658984106651067,465
12.058830261230469,12.042380332946777,12.062238674335376,12.08514492142215,12.077040672302246,12.050795957397568,12.062738469939097,12.052707212385766,466
12.029380798339844,12.086947441101074,12.030707920355134,11.933352440544015,11.962118148803711,12.020155377236199,12.010443687729996,12.044518150023515,467
11.993987083435059,11.970670700073242,11.920302477862707,11.918860818085964,11.910263061523438,11.947639176857825,11.943620552973037,11.95091054573285,468
12.423423767089844,12.419157981872559,12.407376918201658,12.430270436931124,12.38676643371582,12.400124734945521,12.411186712126087,12.407965074912962,469
12.112021446228027,12.112363815307617,12.091648657458007,12.115845783984565,12.078690528869629,12.09323526839279,12.100634250040107,12.100583691683225,470
12.321173667907715,12.333746910095215,12.29345247193105,12.340685807928061,12.305791854858398,12.335401083595308,12.321708632719291,12.326025144900557,471
12.15841293334961,12.131590843200684,12.113736710473164,12.168309587747899,12.151865005493164,12.157963173648332,12.146979708985475,12.140113439151287,472
11.801027297973633,11.792049407958984,11.86683506939279,11.897624767113511,11.841068267822266,11.847257397098039,11.84097703455987,11.814760284645976,473
12.757365226745605,12.756351470947266,12.871396564024193,12.815037657577646,12.87186050415039,12.818861610013116,12.81514550557637,12.797558716888416,474
12.423754692077637,12.453544616699219,12.471553802054563,12.490756760119508,12.46754264831543,12.400469972878547,12.451270415357484,12.449210544424355,475
11.845784187316895,11.834010124206543,11.864387653706572,11.85813971064306,11.85844612121582,11.816004863804345,11.846128776815538,11.838039532807093,476
12.316248893737793,12.303542137145996,12.21420049186413,12.217872886528147,12.245393753051758,12.248869480526722,12.257687940475757,12.278268033746489,477
12.833478927612305,12.826323509216309,12.906779153660233,12.943337713902922,12.93149471282959,12.904154542870174,12.890928093348586,12.866392446737114,478
12.604331016540527,12.607324600219727,12.635607969359395,12.68513636118632,12.643909454345703,12.645661978044528,12.636995229949369,12.623025850313644,479
11.73976993560791,11.690135955810547,11.64483981353162,11.657653217960481,11.65442943572998,11.71138070828997,11.683034844488418,11.6834327432353,480
12.73412799835205,12.740657806396484,12.787892695160853,12.79999475040947,12.813765525817871,12.794148464849993,12.77843120683112,12.76816230738085,481
12.802604675292969,12.806700706481934,12.737503403586748,12.711709952071004,12.743258476257324,12.77419761350072,12.762662471198452,12.784177906455511,482
12.018951416015625,11.966889381408691,11.965836735814918,12.080842448809108,11.964582443237305,12.048735259105738,12.007639614065232,11.97904474824276,483
11.986076354980469,11.988602638244629,11.955835395360277,11.949991426799812,11.946784973144531,11.954498029816968,11.963631469724447,11.97215614810775,484
11.832880973815918,11.821887016296387,11.848344285493337,11.829481221312326,11.823728561401367,11.834484663614974,11.831801120322387,11.825068429575916,485
11.908020973205566,11.887725830078125,11.873371130146841,11.892406406156383,11.880355834960938,11.90093232960214,11.890468750691666,11.887570348313398,486
11.923958778381348,11.921530723571777,11.895222680081039,11.87198028312317,11.887738227844238,11.886203162655825,11.897772309276235,11.907035570370606,487
12.09663200378418,12.106913566589355,12.113637523511844,12.110131379101936,12.089282035827637,12.096739263011402,12.102222628637726,12.101232782311719,488
11.721100807189941,11.77691650390625,11.553218635352456,11.707158310177542,11.612600326538086,11.653544210916607,11.670756465680148,11.711182316530568,489
11.385865211486816,11.396598815917969,11.513447005113767,11.45573373512901,11.466961860656738,11.465661920496682,11.447378091466831,11.427889285542177,490
11.6088228225708,11.639823913574219,11.521762988264973,11.524778972080027,11.554697036743164,11.601630047175613,11.575252630068134,11.609712052641097,491
11.854358673095703,11.862178802490234,11.885811567900577,11.918409194980148,11.890167236328125,11.870552653966795,11.880246354793597,11.870985018105126,492
12.110759735107422,12.09609603881836,12.081306682757262,12.042303140751542,12.036458969116211,12.039922654249889,12.067807870133448,12.072398409973392,493
11.9727144241333,11.953588485717773,11.896061520594168,11.947306033562121,11.917804718017578,11.939685404163285,11.937860097698037,11.941035706483948,494
11.379935264587402,11.405600547790527,11.523378693219447,11.527827199806842,11.510884284973145,11.476001692292243,11.470604613778269,11.44562731764911,495
11.02568244934082,10.930906295776367,11.303459158016581,11.13662962357574,11.030078887939453,11.082253565057657,11.08483499661777,10.989477570517625,496
12.899174690246582,12.916621208190918,12.800413093099538,12.668943127407504,12.735007286071777,12.823204773120072,12.807227363022731,12.854474350829939,497
12.057604789733887,12.045279502868652,12.085250654623147,11.959849501392796,12.087116241455078,12.050959256465289,12.047676657756474,12.057513356945929,498
11.80692195892334,11.794671058654785,11.849674546714226,11.759086145073068,11.77505111694336,11.785237315814904,11.79510702368728,11.790028541622343,499
11.733319282531738,11.726813316345215,11.726008706146292,11.79010417061657,11.763174057006836,11.752837903966896,11.748709572768924,11.739694589612897,500
11.651317596435547,11.6388521194458,11.645217145266239,11.63500182055448,11.635799407958984,11.635348828662297,11.64025615305389,11.637748840206083,501
12.258858680725098,12.255040168762207,12.307650250945686,12.293291667463716,12.294687271118164,12.269811905855185,12.279889990811677,12.268525411763221,502
11.84237003326416,11.849431037902832,11.864509134106376,11.873394830434,11.874480247497559,11.850127324889026,11.859052101348993,11.856076660081301,503
12.547367095947266,12.59151840209961,12.478056220883515,12.52366265191257,12.562478065490723,12.542454823095207,12.540922876571484,12.573500815453645,504
11.79353141784668,11.822091102600098,11.878478159221617,11.879968782449883,11.886575698852539,11.843138846484361,11.850630667909195,11.84271014154286,505
11.674001693725586,11.69710922241211,11.713345666992684,11.676162013409105,11.674370765686035,11.671100535682973,11.684348316318081,11.687996234795467,506
12.324965476989746,12.321072578430176,12.215954214196827,12.252441702317107,12.298013687133789,12.30202873502562,12.285746065682211,12.309429841479698,507
12.08529281616211,12.091833114624023,12.055727764496888,12.072628450995078,12.023828506469727,12.093117194988679,12.070404641289416,12.07442646165375,508
11.919499397277832,11.971997261047363,11.872467951872117,11.891081408101089,11.923280715942383,11.92534342759051,11.917278360305216,11.949971219340796,509
11.866860389709473,11.843204498291016,11.847834319123965,11.8896208489676,11.865174293518066,11.841712057345246,11.85906773449256,11.848455111680945,510
11.936433792114258,11.932266235351562,12.023422248982516,12.000502732194837,11.946357727050781,11.944570272622792,11.963925501386123,11.940269397216202,511
12.2130708694458,12.21068286895752,12.15524162294401,12.202498931847508,12.173698425292969,12.182304910469064,12.18958293815948,12.195644104595853,512
11.634061813354492,11.630640983581543,11.749052620707218,11.754119613582786,11.753164291381836,11.730077597011913,11.708519486603299,11.679405189835622,513
11.893830299377441,11.882418632507324,11.874576224296002,11.874793063360071,11.883881568908691,11.85632970781526,11.877638249377464,11.878482822126895,514
11.420896530151367,11.436156272888184,11.505560133071373,11.524527560072796,11.490155220031738,11.41203873174231,11.464889074659629,11.44756754647717,515
12.911785125732422,12.921786308288574,13.021046918873479,12.96475208065447,12.955409049987793,12.97612825512638,12.958484623110522,12.941327647711136,516
12.013799667358398,12.0324068069458,12.06222925802862,12.063915653226841,12.0476713180542,12.010328239860259,12.038391823912354,12.03355298663181,517
12.448795318603516,12.460979461669922,12.539070779979344,12.457204648910974,12.487377166748047,12.476844526969227,12.478378650480172,12.472152247291492,518
12.252026557922363,12.245168685913086,12.156634189739469,12.16717479489007,12.1714506149292,12.150339903347053,12.190465791123538,12.209873571849903,519
12.349369049072266,12.398625373840332,12.44070914913723,12.341754071237666,12.416707992553711,12.380980428226499,12.388024344011285,12.401505433724349,520
11.476863861083984,11.491049766540527,11.392950523054056,11.220508906523154,11.34312629699707,11.442664836162283,11.394527365060178,11.44464568554313,521
12.009947776794434,11.99356746673584,11.932820015867929,11.946948788804269,11.931714057922363,11.934046248135902,11.958174059043458,11.967469566449063,522
12.026704788208008,12.030158042907715,11.906253914202269,11.974360700590623,11.905386924743652,11.934415758870278,11.96288002158709,11.98126198377738,523
12.585174560546875,12.577765464782715,12.578418440839297,12.577057186232768,12.578702926635742,12.615443040624157,12.58542693661026,12.583881043520002,525
12.16521167755127,12.146560668945312,12.153425600369143,12.098820998396578,12.112560272216797,12.1181248126091,12.132450671681367,12.134055029231346,526
11.76895809173584,11.763177871704102,11.761644841340608,11.782939915998867,11.798822402954102,11.796732490882489,11.778712602436002,11.77703638364209,527
12.98597526550293,12.986445426940918,13.000069667883812,13.065820291834857,13.009966850280762,13.058031799846926,13.017718217048369,13.003718012157588,528
11.3524751663208,11.359240531921387,11.281898326451909,11.32503866122318,11.282827377319336,11.30554893132527,11.317838165760314,11.330022697096277,529
12.470282554626465,12.421762466430664,12.461420222977065,12.453035172504794,12.403727531433105,12.363156173898247,12.428897353645057,12.409399881361779,530
12.111000061035156,12.113359451293945,12.075035211206666,12.060124222066388,12.122491836547852,12.088785130511026,12.095132652110173,12.110638224728262,531
11.763862609863281,11.766500473022461,11.82738877732407,11.80426738387259,11.788691520690918,11.804823577989032,11.792589057127058,11.779645769210159,532
11.469731330871582,11.484241485595703,11.471895097317544,11.473730382484357,11.402530670166016,11.57995283238407,11.48034696646988,11.478897890794604,533
10.596430778503418,10.62955093383789,11.023914589525607,11.111671090802703,10.986675262451172,10.95147908802107,10.88328695719031,10.778119647900974,534
12.188673973083496,12.19778060913086,12.150159447210115,12.166389292106677,12.164533615112305,12.19785438075284,12.177565219566048,12.188310953177078,535
11.836610794067383,11.843216896057129,11.808048631885056,11.85140280626903,11.828906059265137,11.866566404895133,11.839125265406478,11.842345033871847,536
12.212040901184082,12.221856117248535,12.206105505413184,12.164385361741891,12.23876953125,12.212764008875187,12.209320237618813,12.22409825975983,537
11.678033828735352,11.690570831298828,11.730988010805914,11.677730850254758,11.726856231689453,11.715546964567473,11.703287786225298,11.704471754386974,538
11.812241554260254,11.815468788146973,11.88023747158201,11.867539692540563,11.849832534790039,11.84348626399787,11.844801050886284,11.830085267355983,539
12.405508041381836,12.406537055969238,12.461724850404472,12.461317857674691,12.442636489868164,12.460229397637784,12.439658948822698,12.42529575006979,540
12.747427940368652,12.756745338439941,12.816883970476193,12.779135390399352,12.80030345916748,12.793523825947986,12.782336654133267,12.774829630279665,541
12.458524703979492,12.47166633605957,12.399232851911501,12.459807091822125,12.409582138061523,12.38545379091316,12.43071115212456,12.441014482938684,542
12.235272407531738,12.24872875213623,12.277823916213935,12.287749278569922,12.276578903198242,12.304687678760214,12.271806822735046,12.265071941527264,543
11.808934211730957,11.818184852600098,11.862539015250139,11.801662338043315,11.850226402282715,11.877659123292787,11.836534323866667,11.836540559813601,544
12.272643089294434,12.290102005004883,12.191172975711144,12.166079150252207,12.19493579864502,12.228530915696934,12.223910655767435,12.254462758505971,545
12.384817123413086,12.353365898132324,12.449961777514623,12.378362567631116,12.398421287536621,12.32624246015745,12.381861852397536,12.3629242864431,546
12.087211608886719,12.08683967590332,12.019196228736918,12.025249808088443,12.056539535522461,12.062782713649284,12.056303261797858,12.073745486244762,547
11.740189552307129,11.749744415283203,11.741879167318702,11.795012574674452,11.775160789489746,11.776432867628207,11.76306989445024,11.759859121043217,548
11.721794128417969,11.72085952758789,11.776066147383439,11.770080967828395,11.808290481567383,11.783390731602363,11.763413664064574,11.753491147469733,549
12.314986228942871,12.320606231689453,12.32194543260193,12.334079330752505,12.318516731262207,12.325288871269109,12.322570471086346,12.320865937000889,550
11.801969528198242,11.800580024719238,11.836743124270274,11.850814652611852,11.842862129211426,11.821087311750658,11.82567612846028,11.815120732090346,551
11.618353843688965,11.630512237548828,11.650944167659846,11.59556720099118,11.656381607055664,11.646906600929936,11.633110942979071,11.639958534499952,552
12.49555492401123,12.496543884277344,12.526260006995557,12.498262396749078,12.485795974731445,12.444535597888784,12.491158797442239,12.486693120996502,553
11.576279640197754,11.571356773376465,11.547816978582663,11.558105368879268,11.569504737854004,11.635717973053858,11.576463578657334,11.580244289505785,554
12.498592376708984,12.469561576843262,12.431628572762211,12.419168479051898,12.436391830444336,12.435319029432232,12.448443644207153,12.455048237569297,555
11.599032402038574,11.575596809387207,11.635674017486117,11.56490639890889,11.645773887634277,11.635307210004603,11.609381787576611,11.603730886383767,556
11.878247261047363,11.865250587463379,11.914561425147792,11.964934609587983,11.898819923400879,11.912991904442157,11.905800951848258,11.882295227756034,557
11.530296325683594,11.390865325927734,11.66053240953479,11.671087775684857,11.344468116760254,11.325065168279435,11.487052520311778,11.377180962034778,558
12.252814292907715,12.245478630065918,12.20948242235009,12.22511910684014,12.21035385131836,12.187348178778768,12.221766080376831,12.226825237819492,559
12.15607738494873,12.158206939697266,12.14972122178792,12.179969024316387,12.16866683959961,12.168313507194004,12.163492486257319,12.162080031539865,560
12.072509765625,12.052952766418457,12.0382606548202,12.053706285613039,12.050509452819824,12.05549829178793,12.053906202847408,12.052326297846001,561
12.022416114807129,12.015422821044922,11.953133176735633,12.017838523513465,11.99698257446289,11.97662275068432,11.997069326874728,12.003075462033657,562
11.689370155334473,11.675187110900879,11.600408030593258,11.578652026217908,11.603025436401367,11.6397930708414,11.631072638381548,11.649928789085115,563
12.04765510559082,12.053296089172363,12.015550140899244,12.099749899778717,12.010178565979004,11.999214180550123,12.037607330328377,12.03327658676518,564
12.519637107849121,12.523506164550781,12.475983368240295,12.4315284570089,12.454901695251465,12.469429461805381,12.479164375784324,12.49699822908252,565
11.82491683959961,11.762321472167969,11.861271804333764,11.871070780216513,11.78554916381836,11.731384216658423,11.806085712799108,11.766040916180042,566
12.682798385620117,12.693805694580078,12.68062804744698,12.662162420937339,12.658930778503418,12.654610272323849,12.672155933235297,12.678827267611204,567
12.226112365722656,12.223623275756836,12.204215751771867,12.178626844589274,12.21445083618164,12.201776189587283,12.208134210601592,12.217422121127713,568
12.456250190734863,12.461666107177734,12.530260746733488,12.572172973571808,12.504855155944824,12.57965618216337,12.517476892721016,12.492555813754276,569
11.873851776123047,11.870816230773926,11.847837104255385,11.910732954949296,11.863757133483887,11.871011885865155,11.873001180908448,11.868458638116334,570
11.912161827087402,11.930685997009277,11.8394293199842,11.806755685265585,11.825117111206055,11.86530346773134,11.863242234713978,11.892144360815417,571
11.651074409484863,11.646864891052246,11.631005554145675,11.647486313939307,11.667325973510742,11.679672108883011,11.653904875169308,11.656493365615187,572
12.298972129821777,12.293891906738281,12.337799850275779,12.255341484218352,12.324091911315918,12.32810136407484,12.30636644107416,12.307851285515508,573
12.05163288116455,12.059715270996094,12.06831750024564,12.007708621231025,12.044666290283203,12.03880954089284,12.045141684135558,12.053046460961658,574
11.741031646728516,11.771622657775879,11.688656758739084,11.828425812607131,11.716802597045898,11.758182664038356,11.750787022822477,11.753766627993977,575
11.6331148147583,11.644088745117188,11.701753006112694,11.676001147586662,11.671109199523926,11.650524875748893,11.662765298141275,11.653349269295864,576
11.872533798217773,11.875885009765625,11.926643693662752,11.994893430473995,11.938521385192871,11.938688824703076,11.924527690336015,11.902393684987237,577
11.940237045288086,11.957483291625977,11.958869513223572,11.912893874988484,11.95390510559082,11.920066141880866,11.9405758287663,11.950824865587583,578
11.939309120178223,11.951297760009766,12.020969838318257,12.034329951534678,11.991753578186035,11.987345183688761,11.987500905319287,11.968790813646208,579
11.77749252319336,11.779714584350586,11.829926969823951,11.832056251857582,11.790491104125977,11.77196604880673,11.796941247026362,11.782594375441382,580
12.124617576599121,12.118979454040527,12.092255809574077,12.115953077873424,12.121040344238281,12.098575747226318,12.111903668258625,12.11552444774181,581
12.791977882385254,12.78512954711914,12.845197275782146,12.762327546332928,12.761310577392578,12.776800889750824,12.787123953127145,12.779784555556379,582
11.561439514160156,11.619758605957031,11.720869962231912,11.716885528271643,11.698741912841797,11.702584764550494,11.67004671466884,11.654832532608154,583
12.499176979064941,12.477359771728516,12.704905147091479,12.697110903015048,12.60600757598877,12.707516133460084,12.61534608505814,12.551155064033438,584
11.827569961547852,11.820245742797852,11.836273927720285,11.793492679272013,11.787742614746094,11.79685794716545,11.810363812208257,11.809157865116667,585
12.769527435302734,12.776299476623535,12.857483224699674,12.870934474447013,12.856307983398438,12.86027142630836,12.831804003463292,12.811220696193038,586
11.746097564697266,11.748517990112305,11.744060324578186,11.717176080078321,11.730175018310547,11.780076013220521,11.744350498499523,11.748838038718505,587
11.76746940612793,11.775720596313477,11.817456624269404,11.80975288659893,11.818242073059082,11.81181950358393,11.800076848325459,11.792910400583272,588
12.463363647460938,12.517749786376953,12.20060487123642,12.186600641877517,12.262836456298828,12.260912999874336,12.315344733854166,12.406450849417174,589
11.516984939575195,11.488775253295898,11.485414185963386,11.602455014203576,11.577837944030762,11.587930396681202,11.543232955625003,11.525801541836314,590
12.151923179626465,12.157707214355469,12.16445149827234,12.15067413047005,12.166982650756836,12.173100137902125,12.160806468563882,12.162559162570355,591
13.043087005615234,13.018797874450684,13.00848400643403,13.105021362318373,13.00910472869873,13.018205750958858,13.033783454745986,13.016045465489386,592
11.840429306030273,11.833352088928223,11.872126447514924,11.90317148531478,11.861231803894043,11.870968677199137,11.863546634813565,11.847127698765403,593
11.833017349243164,11.822784423828125,11.880056047056971,11.877879256058414,11.875123023986816,11.868659842789677,11.859586657160527,11.844339472045936,594
11.608936309814453,11.603096961975098,11.6420386212458,11.611242027276198,11.651291847229004,11.67310989604958,11.631619277265022,11.626868582241322,595
12.738882064819336,12.737409591674805,12.734474442223924,12.722120662520672,12.724571228027344,12.75216407310562,12.734937010395285,12.736496826605528,596
11.619040489196777,11.63832950592041,11.66401240273386,11.718813100842242,11.628012657165527,11.598148047237169,11.644392700515999,11.630308186936654,597
12.232906341552734,12.243391036987305,12.128170410079557,12.135953642998857,12.14375114440918,12.177873534949407,12.17700768516284,12.205573323262788,598
12.299798965454102,12.299997329711914,12.135811849914285,12.174203638814921,12.15854549407959,12.251443183632379,12.219966743601198,12.253216402863961,599
11.874937057495117,11.897560119628906,11.96567921254347,11.958899229878927,11.903569221496582,11.945448089570883,11.924348821768982,11.908466682997396,600
12.541251182556152,12.540820121765137,12.52238910520489,12.45320726392063,12.494756698608398,12.45672654176156,12.501525152302795,12.515972006418231,601
11.733590126037598,11.757647514343262,11.743223504968656,11.72583557330096,11.768287658691406,11.783482942515777,11.752011219976277,11.763841224107566,602
12.282575607299805,12.293848991394043,12.246701534050333,12.223761818072413,12.283772468566895,12.309953409549127,12.273435638155435,12.292530361893753,603
11.948606491088867,11.94441032409668,11.962865432349123,11.983791802001859,11.949034690856934,11.95410849735857,11.957136206292006,11.947584366682225,604
12.307646751403809,12.317564964294434,12.324279191042402,12.296875127859384,12.303446769714355,12.302465436950623,12.308713040210835,12.311972041884541,605
12.238154411315918,12.256235122680664,12.193683045762066,12.216437868149521,12.204910278320312,12.220742187814226,12.221693819007116,12.236390059495985,606
11.938383102416992,11.91964340209961,11.878841917529254,11.886883841583515,11.913847923278809,11.94657487701184,11.914029177320003,11.921238179667874,607
12.181333541870117,12.155712127685547,12.112744557760555,12.088251758437538,12.044702529907227,12.029985381458467,12.102121649519908,12.107854588373115,608
12.579195022583008,12.5913724899292,12.820835960234188,12.667737022612384,12.737933158874512,12.68313513256664,12.68003479779999,12.648029195415635,609
11.605345726013184,11.633076667785645,11.717455892329227,11.654257541909642,11.671510696411133,11.698646190455454,11.663382119150713,11.65510426434224,610
12.726972579956055,12.716493606567383,12.703249683326135,12.722338909097198,12.705134391784668,12.72815821830752,12.71705789817316,12.715159241841345,611
11.881754875183105,11.900375366210938,11.93579306203252,11.962133043668024,11.947989463806152,11.957147912051143,11.93086562049198,11.921840697487076,612
12.519312858581543,12.521819114685059,12.477960879979296,12.46961648019102,12.474688529968262,12.494373738635753,12.49296193367349,12.504793263851335,613
11.74091911315918,11.736166000366211,11.739316012269631,11.604028001268713,11.586284637451172,11.653309401544625,11.676670527676587,11.686866902911579,614
11.304720878601074,11.287559509277344,11.304086949516122,11.3249298619424,11.305045127868652,11.27386937676348,11.300035283994845,11.290165444287258,615
11.943190574645996,11.936516761779785,11.82037694242395,11.827024245407001,11.82751178741455,11.850473688879154,11.867515666758406,11.893195614654257,616
12.161036491394043,12.15198040008545,12.140005329143467,12.114137115574886,12.142098426818848,12.137471976460237,12.141121623246155,12.146966127951037,617
11.626572608947754,11.5834379196167,11.629325374223702,11.604876710630679,11.651041030883789,11.649701676045103,11.624159220057955,11.611552588560652,618
12.685646057128906,12.684037208557129,12.623232101567064,12.638194525729261,12.67934799194336,12.639134862569446,12.65826545791586,12.67413010723343,619
12.654932022094727,12.65151596069336,12.694462128711383,12.689165291836877,12.70956802368164,12.680239629230774,12.679980509374793,12.671372960237893,620
11.181434631347656,11.121221542358398,11.076346263331335,11.127475133329142,11.071799278259277,10.971534874680042,11.091635287217642,11.084568911672665,621
12.401880264282227,12.39372730255127,12.42450212644651,12.4278968023349,12.421624183654785,12.442072570309305,12.418617208263166,12.408944976896159,622
11.764264106750488,11.769349098205566,11.78182019185217,11.7540377065014,11.76369571685791,11.775214234934403,11.768063509183657,11.769249824772128,623
12.019462585449219,12.009355545043945,12.085450770410917,12.072654794149582,12.08012866973877,12.071117551155302,12.056361652657955,12.038421057572796,624
12.014208793640137,12.008824348449707,12.005669878603312,11.973921335605668,11.985186576843262,11.955872623881389,11.99061392617058,11.99473092712072,625
11.840024948120117,11.83519172668457,11.888242669016977,11.867236212584363,11.854962348937988,11.873920573156056,11.859929746416677,11.847582612911623,626
11.706302642822266,11.699790000915527,11.753931686847872,11.769113815646287,11.764910697937012,11.74859921805603,11.740441343704164,11.724822345347146,627
12.017471313476562,12.034899711608887,11.95882785016182,11.979667628244123,11.95939826965332,11.980597310443573,11.98847701393138,12.005845703694046,628
12.104162216186523,12.121587753295898,12.090753771569602,12.116863637311047,12.016600608825684,11.99167946657156,12.073607908960051,12.074898585392212,629
12.100969314575195,12.108083724975586,11.980906942056178,12.024435757920362,12.008460998535156,12.001348278163894,12.037367502704393,12.063502002913149,630
11.578766822814941,11.60588550567627,11.535048123304414,11.735303138782667,11.574665069580078,11.52943863360656,11.59318454896082,11.584314398009484,631
12.284587860107422,12.278596878051758,12.354078512322754,12.378077985343344,12.39598274230957,12.354614327547829,12.34098971761378,12.32121182752252,632
12.12189769744873,12.130784034729004,12.077283127103728,12.092689888218024,12.071355819702148,12.06761643420765,12.09360450023488,12.104919752633656,633
11.869423866271973,11.851800918579102,11.90780152170038,11.886107550590141,11.906551361083984,11.897688082409642,11.886562216772537,11.87390787438682,634
11.836618423461914,11.843534469604492,11.82948970770567,11.834663609351445,11.8583984375,11.841377670637392,11.840680386376818,11.846407609704784,635
11.954325675964355,11.992340087890625,12.102380007070176,12.114835243733872,12.113030433654785,12.071569227441149,12.058080112625825,12.037266778229512,636
10.765313148498535,10.849504470825195,10.857983672070285,10.942238515549064,10.85618782043457,10.881115789397105,10.858723902795793,10.856302023094235,637
11.579446792602539,11.570453643798828,11.650016166617888,11.584620650297829,11.653092384338379,11.604027636571178,11.606942879037774,11.598118338016974,638
11.417102813720703,11.401451110839844,11.464765186457354,11.519117709838602,11.455241203308105,11.444569608558487,11.45037460545385,11.423106192809465,639
12.480347633361816,12.482906341552734,12.52550734883979,12.588023405554493,12.531606674194336,12.556451242037797,12.527473774256828,12.507457753980798,640
12.604079246520996,12.59411907196045,12.558251175275684,12.526521510678906,12.560586929321289,12.566465972583693,12.568337317723504,12.580604012456616,641
12.397000312805176,12.39029598236084,12.40861496193569,12.375732625393866,12.403120040893555,12.39575260210238,12.395086087581918,12.394801492725573,642
12.846954345703125,12.822637557983398,12.87428108521626,12.885677016315455,12.77907657623291,12.744318779293396,12.825490893457422,12.801340167717157,643
11.828473091125488,11.818331718444824,11.919502785622797,11.908422426205105,11.86490535736084,11.82313267498098,11.860461342290007,11.83336530183441,644
12.76716423034668,12.760445594787598,12.745667000085485,12.744670375801634,12.762677192687988,12.779929405546177,12.760092299875927,12.763592791448078,645
11.81696605682373,11.814477920532227,11.78922590508882,11.78669036300273,11.76633071899414,11.802832327195658,11.796087215272884,11.800207658014177,646
11.519622802734375,11.49081039428711,11.530189721823316,11.549066569492046,11.567400932312012,11.545755291188499,11.533807618639562,11.519160295716883,647
11.848441123962402,11.848885536193848,11.860046916681917,11.874404219253094,11.853821754455566,11.866618796047922,11.858703057765792,11.853174416329702,648
11.929107666015625,11.912881851196289,12.035915193410249,12.006152833560032,12.007620811462402,11.98070605100774,11.978730734442054,11.950093474019024,649
11.284655570983887,11.236563682556152,11.21611994486314,11.23453759923669,11.227425575256348,11.236217928276377,11.239253383528764,11.233689554437717,650
12.214808464050293,12.21529483795166,12.243990339730768,12.250367168957967,12.262231826782227,12.254997567542226,12.240281700835856,12.233740790115807,651
11.620101928710938,11.607358932495117,11.644044846834046,11.607368666736807,11.630372047424316,11.580916555149422,11.615027162891773,11.609911711875121,652
12.16805648803711,12.168743133544922,12.153191855615034,12.169020604964437,12.162053108215332,12.170374381512074,12.16523992864815,12.166915443406307,653
11.832480430603027,11.838058471679688,11.78851087954094,11.750039517439923,11.754110336303711,11.832283339523624,11.799247162515151,11.815279443204238,654
12.759705543518066,12.75272274017334,12.764884531716561,12.872591690555206,12.794635772705078,12.749792101335824,12.782388730000678,12.762823661966902,655
11.430675506591797,11.4297513961792,11.414567857435925,11.405561740599376,11.405256271362305,11.408164961693199,11.415662955643633,11.419983909455443,656
11.944558143615723,11.933064460754395,11.878702626836478,11.848073799260806,11.877850532531738,11.912676301419124,11.899154310736378,11.914863945227808,657
11.973445892333984,11.989795684814453,12.087558671875595,12.048001217105861,12.103873252868652,12.128101314924747,12.055129338987216,12.041956097924698,658
11.729852676391602,11.752126693725586,11.8218316570567,11.747584835572576,11.785223007202148,11.781071955124196,11.769615137512133,11.766722997237116,659
12.073200225830078,12.06312084197998,11.99358115164382,11.940667555549034,11.970401763916016,11.972145346583734,12.002186147583778,12.024353987302892,660
12.185943603515625,12.217424392700195,12.257231335119378,12.231028038934795,12.22075080871582,12.245610985666016,12.226331527441971,12.22378431042026,661
12.867198944091797,12.863835334777832,12.82000701069769,12.839495621169986,12.820241928100586,12.857830751551802,12.84476826506495,12.851010853573548,662
11.812788009643555,11.776591300964355,11.861113986969777,11.863385122582748,11.729124069213867,11.607245507648235,11.77504133283709,11.741123572000289,663
11.809249877929688,11.817777633666992,11.835053262039757,11.836768741928715,11.847587585449219,11.834473895181215,11.830151832699265,11.82813823251859,664
12.907007217407227,12.865673065185547,12.907362759392006,12.920503747977932,12.928651809692383,12.928080870967003,12.909546578437018,12.891939115617912,665
12.360406875610352,12.364607810974121,12.345492433742415,12.358775555760397,12.381107330322266,12.400542072845814,12.368488679875894,12.373664070448362,666
12.051407814025879,12.081841468811035,12.207432992619012,12.168339176175639,12.109602928161621,12.122536578401771,12.123526826365827,12.098597808291887,667
12.226705551147461,12.246917724609375,12.268009370050608,12.272992087485605,12.243756294250488,12.244859746138307,12.250540128946973,12.246442253677397,668
12.05615234375,12.027074813842773,12.008688711332468,11.986493402207564,12.006871223449707,12.026141603577877,12.018570349693398,12.021475464816628,669
11.672767639160156,11.690226554870605,11.719646790001475,11.693094143389084,11.679400444030762,11.692215765026404,11.691225222746416,11.688758327440656,670
12.077385902404785,12.086745262145996,12.040712373737636,12.065691729489128,12.057119369506836,12.065638017801916,12.065548775847716,12.07490440536301,671
11.6148681640625,11.634727478027344,11.651180591567169,11.619423653775423,11.635605812072754,11.62192544191483,11.629621856903336,11.633426832751038,672
12.09075927734375,12.070030212402344,12.042417174651067,12.068943444686205,12.028898239135742,12.076271461057265,12.062886634879396,12.060184776405475,673
12.503571510314941,12.503443717956543,12.406847075748168,12.418710321937908,12.395586013793945,12.393234224644674,12.436898810732698,12.457207423169962,674
11.910632133483887,11.923073768615723,11.917983779750632,11.91495342704667,11.924296379089355,11.94895166376253,11.923315191958132,11.927253580723239,675
11.866286277770996,11.85098648071289,11.920858179108729,11.898532152777376,11.898524284362793,11.901522216823091,11.889451598592645,11.872465907766397,676
11.627665519714355,11.69338607788086,11.734986406656633,11.697371726474776,11.729144096374512,11.68543031515319,11.694664023709054,11.702063904246202,677
11.506773948669434,11.518439292907715,11.55892908219315,11.589743285925685,11.552419662475586,11.552858862480203,11.546527355775295,11.533252044923138,678
12.683796882629395,12.68529224395752,12.69259488860033,12.735511725762981,12.73981761932373,12.724829065442044,12.710307070952666,12.704936175987234,679
11.728240013122559,11.738795280456543,11.762602933937295,11.732159721035366,11.770297050476074,11.75658659862712,11.74811359960916,11.749928634768128,680
11.759075164794922,11.764326095581055,11.763056818848801,11.68388915488424,11.749826431274414,11.772989094118268,11.74886045991695,11.762108706465632,681
11.61799430847168,11.625617027282715,11.620365685316429,11.628259622550178,11.62430477142334,11.669825700908838,11.631061185992195,11.632030118511501,682
12.033008575439453,12.041507720947266,12.065222619201402,12.089468361646286,12.089015007019043,12.073680852504852,12.065317189459718,12.058774609550712,683
12.55707836151123,12.553740501403809,12.464135355671303,12.446990501433806,12.47900104522705,12.517029116499282,12.502995813624414,12.527217425422194,684
12.337753295898438,12.328399658203125,12.285075769147907,12.287949485956744,12.291211128234863,12.295465012574997,12.304309058336012,12.312954626499229,685
12.219535827636719,12.225173950195312,12.291722747281714,12.300454631320095,12.265351295471191,12.249734222460706,12.258662112394289,12.240719053897767,686
12.33141803741455,12.332868576049805,12.326540855252292,12.355378212151718,12.366768836975098,12.326114016454074,12.339848089049589,12.339884532175516,687
11.98843765258789,11.978978157043457,11.930557595278113,11.971266348542144,11.889372825622559,11.934015486296369,11.948771344228424,11.948751311718306,688
12.428215980529785,12.460760116577148,12.307643015978076,12.306745877625225,12.335156440734863,12.348700111832054,12.364536923879525,12.408268549327628,689
12.190832138061523,12.169903755187988,12.124464855679806,12.129127285080035,12.096871376037598,12.093762389089003,12.134160299855992,12.138942049796125,690
11.907352447509766,11.900811195373535,11.891820313503626,11.913166840175627,11.903120994567871,11.907894816902651,11.904027768005513,11.902214745610308,691
13.35631275177002,13.35735034942627,13.297781973097866,13.240142593532392,13.265626907348633,13.266923988904258,13.297356427346573,13.319201977331371,692
12.60200309753418,12.597793579101562,12.58522565698897,12.629923330019786,12.635429382324219,12.629140444445976,12.61325258173578,12.611471388647365,693
11.500903129577637,11.528139114379883,11.516052801353474,11.569047721867305,11.508301734924316,11.536124885514647,11.526428231269543,11.524201646998442,694
11.756401062011719,11.751494407653809,11.715883282200869,11.715595675937127,11.70516300201416,11.75598544747867,11.733420479549393,11.739877587235977,695
12.061598777770996,12.067717552185059,12.054260462654314,12.012690310097124,12.06169605255127,12.05701298437011,12.052496023271479,12.064192308498829,696
11.467671394348145,11.450600624084473,11.436680495222694,11.531412771346615,11.404767990112305,11.453060819224396,11.45736568238977,11.439421033775474,697
11.77005672454834,11.76530647277832,11.720659366290135,11.745331113901873,11.720237731933594,11.784838148979821,11.751071593072012,11.756076300404105,698
11.800029754638672,11.807485580444336,11.871437951985383,11.846096397230465,11.828360557556152,11.838599369137775,11.832001601832133,11.819276934452793,699
12.232748031616211,12.20883846282959,12.175659648081178,12.155020488913038,12.165603637695312,12.15743972986301,12.182551666499725,12.189341410015949,700
12.647149085998535,12.639556884765625,12.666109473138448,12.604018871886204,12.639322280883789,12.655918451016282,12.642012507948147,12.642821912034275,701
11.892505645751953,11.913973808288574,11.953085185390787,11.91912256516376,11.910947799682617,11.821261139921782,11.901816024033247,11.899936824635686,702
12.80148983001709,12.796011924743652,12.760855538839746,12.676142231102286,12.752835273742676,12.811179081704848,12.766418980025051,12.786839145214127,703
11.713655471801758,11.762497901916504,11.852859452118729,11.79043564815368,11.857687950134277,11.831743148428394,11.801479928758889,11.799088540260954,704
12.27546501159668,12.263923645019531,12.25262246242923,12.300260913815848,12.250917434692383,12.257342499360258,12.26675532781899,12.259403159636529,705
11.121955871582031,11.161864280700684,11.138367215018766,11.030786757641545,11.074423789978027,11.088252391589638,11.102608384418447,11.128428587252941,706
12.644794464111328,12.61336898803711,12.62504553227365,12.617880634031646,12.602789878845215,12.583125251045876,12.614500791390803,12.606423468268021,707
12.295150756835938,12.292269706726074,12.279451852810704,12.297753474910298,12.285482406616211,12.261751394271121,12.28530993202839,12.285490649718843,708
12.170478820800781,12.17882251739502,12.136615584489,12.163395090843265,12.175581932067871,12.174503726265005,12.166566278643492,12.176131000667688,709
11.497068405151367,11.510910987854004,11.607034936841828,11.507096156836901,11.618821144104004,11.589504985449278,11.555072769372897,11.552222112527803,710
11.150370597839355,11.181351661682129,11.139597088338865,11.177315333605266,11.210101127624512,11.166463073867899,11.170866480493004,11.184814452229103,711
11.469803810119629,11.320921897888184,11.497868985209857,11.425437489216238,11.202820777893066,11.244853263023254,11.36028437055837,11.285481156850928,712
12.201982498168945,12.200031280517578,12.127498132197763,12.160860066950844,12.179648399353027,12.199994502987458,12.178335813362603,12.192949950072858,713
11.663420677185059,11.687359809875488,11.629755800475042,11.674619361873711,11.682988166809082,11.63628446562967,11.662404713641342,11.676661848369081,714
12.09481143951416,12.1116304397583,12.10060702077144,12.109407922877148,12.093220710754395,12.100002053173478,12.101613264474821,12.10501654643161,715
11.866412162780762,11.879426956176758,11.911707154394183,11.955058152475429,11.902266502380371,11.893126742580126,11.901332945131271,11.88806129709635,716
12.140789031982422,12.130791664123535,12.215230679391944,12.255633737570195,12.273677825927734,12.237322303411668,12.208907540401249,12.184627704128335,717
11.938549041748047,11.951560974121094,11.993066742303718,11.991515221988383,11.969470977783203,11.99388495254684,11.97300798508188,11.963722424277318,718
12.620682716369629,12.6157865524292,12.644509216973544,12.646553630675486,12.660246849060059,12.655429485968062,12.640534741912662,12.633621077874457,719
11.81025505065918,11.802026748657227,11.799950814002505,11.834611769251815,11.82001781463623,11.807224270369886,11.81234774459614,11.807155366522064,720
12.475797653198242,12.517762184143066,12.529999397589851,12.487311407802457,12.499848365783691,12.43788707187224,12.49143434673159,12.501317338957733,721
11.834054946899414,11.828659057617188,11.885515183774315,11.863794629432347,11.87746810913086,11.874615486021511,11.860684568812607,11.849355411314221,722
11.670491218566895,11.658656120300293,11.64915901813051,11.638116486378967,11.656229019165039,11.682696755159318,11.659224769616836,11.66153288892082,723
11.845361709594727,11.851311683654785,11.724717423265547,11.725074871429793,11.756356239318848,11.752777403677937,11.775933221823607,11.809160445800558,724
12.654996871948242,12.659688949584961,12.62138336851261,12.645382520371596,12.620559692382812,12.688360861689054,12.648395377414879,12.653513046160588,725
11.586579322814941,11.609777450561523,11.69727920627886,11.652723178929733,11.67121410369873,11.681622056122533,11.649865886401054,11.638472962267398,726
12.3989896774292,12.447893142700195,12.371159813057172,12.34147329360494,12.367080688476562,12.327312713252802,12.37565155475348,12.40720408290902,727
12.154610633850098,12.176730155944824,12.166652990840587,12.16963053940714,12.151718139648438,12.17185941683757,12.165200312754777,12.169589147786269,728
11.936965942382812,11.941336631774902,11.774006549839012,11.718443126733497,11.771676063537598,11.83708494997072,11.82991887737309,11.87892219071881,729
11.392982482910156,11.426067352294922,11.463427139690051,11.406639950393998,11.472943305969238,11.4483165061418,11.435062789566695,11.442032519866439,730
12.367164611816406,12.386693954467773,12.485339578189494,12.491106717664444,12.473902702331543,12.442752265982678,12.441159971742058,12.41952922181285,731
12.229740142822266,12.212440490722656,12.051246402778979,12.05657910922178,12.07044506072998,12.117425334845633,12.122979423520215,12.158378035643917,732
12.371786117553711,12.363181114196777,12.362142177336901,12.345398567259684,12.346190452575684,12.352654521341261,12.356892158377336,12.357375241239527,733
11.800539016723633,11.804169654846191,11.818696543044556,11.802137639071361,11.792457580566406,11.81714603567256,11.80585774498745,11.803763002134692,734
11.615147590637207,11.620957374572754,11.684262639590937,11.737237055505016,11.676377296447754,11.65634082027134,11.665053796170836,11.64180420509032,735
12.036452293395996,12.037630081176758,12.015161139598208,12.03372517306695,12.031206130981445,12.05015705843711,12.034055312776077,12.037362594080099,736
11.305814743041992,11.302536964416504,11.265921196907758,11.3241216871234,11.312386512756348,11.301038867040733,11.301969995214456,11.303634264598863,737
12.355141639709473,12.353023529052734,12.301639320380648,12.258989465638319,12.318279266357422,12.347760660431016,12.322472313594936,12.342248537571031,738
11.85682201385498,11.888972282409668,11.894856822853638,11.884164931837065,11.932174682617188,11.88506612415382,11.89034280962106,11.899052206144406,739
12.164382934570312,12.175394058227539,12.225256575708494,12.215834212834784,12.215533256530762,12.189263865666307,12.197610817256367,12.188778546197243,740
11.663705825805664,11.678948402404785,11.624001875087188,11.693883716812733,11.666595458984375,11.686760949543418,11.668982704773027,11.675556867291787,741
11.83586311340332,11.827339172363281,11.832664932635161,11.835084370951467,11.830389976501465,11.85919989159751,11.836756909575369,11.833199395271594,742
12.059202194213867,12.087157249450684,12.129683848282056,12.07574861479668,12.11496353149414,12.097858121495541,12.094102259955497,12.096832166188944,743
11.954216003417969,11.946910858154297,11.981841552506296,11.993806444010016,11.988327980041504,11.980068124667863,11.974195160466325,11.963175340908869,744
12.285579681396484,12.282319068908691,12.265056465373679,12.233908346404931,12.26242446899414,12.256989514549701,12.264379590937937,12.27302790990959,745
12.64309024810791,12.638306617736816,12.706907762187411,12.686071302044585,12.701979637145996,12.73510331492687,12.685243147024932,12.6708820561382,746
12.298447608947754,12.300394058227539,12.397975178791143,12.399825136545498,12.395403861999512,12.347649304170023,12.356615858113578,12.333726235356556,747
12.217979431152344,12.171480178833008,12.417511662067179,12.4176918077508,12.45626163482666,12.258055132377292,12.323163307834546,12.261459017330125,748
12.428799629211426,12.43177318572998,12.395723057459586,12.458288264593495,12.403136253356934,12.386451475380698,12.41736197762202,12.416692550100963,749
11.376789093017578,11.344844818115234,11.359058406718487,11.437402718663819,11.304590225219727,11.284055619852563,11.351123480264569,11.325991780920791,750
11.352823257446289,11.345641136169434,11.361786442932406,11.3325565112743,11.37295150756836,11.34435544431988,11.351685716618443,11.352559600820845,751
11.955205917358398,11.95734977722168,12.00786983104399,11.967117354417091,12.002718925476074,11.987166006408026,11.979571301987542,11.974510242225675,752
12.262248992919922,12.26492977142334,12.203353816692923,12.233541054383775,12.199134826660156,12.207301771646808,12.228418372287821,12.238143104512456,753
12.509222984313965,12.507588386535645,12.524262706284581,12.554918244981911,12.539972305297852,12.505919300969415,12.523647321397227,12.515697614937801,754
11.916544914245605,11.928998947143555,11.91434014702367,11.930410676269949,11.905438423156738,11.910309197030656,11.917673717478364,11.919925426862246,755
11.98613166809082,11.972660064697266,12.03334942546599,12.008378898727797,12.025585174560547,11.99899518213202,12.004183402279073,11.991414055033381,756
12.277016639709473,12.28573989868164,12.284771903369458,12.246424379006495,12.284516334533691,12.283145862496637,12.276935836299566,12.285009809970633,757
11.880660057067871,11.88265323638916,11.981062020964549,11.937260229206748,11.923876762390137,11.904204440991924,11.918286124501732,11.898912812535151,758
12.01678466796875,12.023397445678711,12.072175238610335,12.036769497983462,12.080236434936523,12.046454029991569,12.045969552528225,12.042246433163898,759
12.53654956817627,12.545166015625,12.642548844128223,12.59116754810536,12.634960174560547,12.63096516752703,12.596892886353737,12.583226035886984,760
11.731671333312988,11.668612480163574,11.760892347050024,11.686393052853733,11.765771865844727,11.713099819193408,11.721073483069743,11.701882337908245,761
11.53696060180664,11.539143562316895,11.635414804582005,11.697383736832712,11.603605270385742,11.596255473367803,11.601460574881967,11.566536388377285,762
12.236235618591309,12.20398235321045,12.262533247258641,12.189614010306393,12.239147186279297,12.215787487667413,12.224549983885586,12.216087545082173,763
12.620408058166504,12.623098373413086,12.707094174591349,12.66281825181082,12.673150062561035,12.657910087899317,12.657413168073683,12.643152323923628,764
12.476428985595703,12.474715232849121,12.467841974488817,12.434329193254293,12.451067924499512,12.491867909710807,12.466041870066377,12.471429987907197,765
12.45700740814209,12.448478698730469,12.582095081108617,12.51268622858041,12.516213417053223,12.559547569725733,12.512671400556757,12.486160475160144,766
12.157102584838867,12.167397499084473,12.085581193743128,12.080203339265411,12.096728324890137,12.129503152553024,12.119419349062506,12.141907992890385,767
12.005955696105957,11.994000434875488,12.079776286594875,12.132275628290287,12.089818000793457,12.055856942031843,12.059613831448651,12.029459386236207,768
12.336831092834473,12.332873344421387,12.387332907844813,12.350713412306312,12.369378089904785,12.374532245968851,12.358610182213438,12.349835254692339,769
13.181744575500488,13.156900405883789,13.22230568345078,13.01588634109698,13.192724227905273,13.155882496849276,13.1542406217811,13.167368558136864,770
11.758639335632324,11.760381698608398,11.819149884254584,11.776744357458485,11.797664642333984,11.806774343695597,11.786559043663894,11.778395897079692,771
11.711380958557129,11.71679401397705,11.679311401455637,11.651579682543781,11.730096817016602,11.65725451909968,11.691069565441646,11.709666644325017,772
11.80075454711914,11.809704780578613,11.8428887672604,11.85349191228082,11.86546802520752,11.855315277195132,11.837937218273604,11.831350269480641,773
11.624610900878906,11.653541564941406,11.685792591212445,11.692620471384355,11.708393096923828,11.6954232056484,11.67673030516489,11.674357150647179,774
12.580561637878418,12.56605052947998,12.543278862387792,12.547469811702184,12.543389320373535,12.49490399537255,12.545942359532411,12.548789278148332,775
11.982802391052246,11.982715606689453,11.987535016715478,11.99752764910483,11.97973346710205,11.9742620017461,11.984096022068359,11.980813445184076,776
12.3607759475708,12.360486030578613,12.300749178917386,12.29321952665621,12.316813468933105,12.320892316010106,12.325489411444371,12.34194711286779,777
11.792733192443848,11.796854019165039,11.904608432883713,11.855066244617419,11.874711036682129,11.843985218011513,11.844659690633945,11.826287817640058,778
11.8364896774292,11.848898887634277,11.874348887667512,11.84120102929774,11.846122741699219,11.82514325604583,11.845367413295628,11.845264774860086,779
11.86457347869873,11.850736618041992,11.845109856117503,11.910872580915754,11.851876258850098,11.842785020866165,11.860992302248372,11.849611593228119,780
11.994227409362793,11.99956226348877,12.049427218690662,12.059241420167112,12.049060821533203,12.037809952638879,12.031554847646902,12.019022079292418,781
12.067994117736816,12.071022987365723,12.053485071431169,12.093041992458632,12.070246696472168,12.092982597121095,12.074795577097602,12.073743166315651,782
12.160207748413086,12.154409408569336,12.120697745085856,12.169983438857116,12.13725757598877,12.131920781158822,12.145746116345498,12.145749044751776,783
11.982315063476562,11.969841003417969,12.005573610554265,11.971198550826022,11.9923677444458,11.998847828496007,11.986690633536105,11.980883903477393,784
11.750381469726562,11.750410079956055,11.832996740705598,11.869007322432934,11.867196083068848,11.832391675785619,11.817063895279269,11.794014984719382,785
12.01286506652832,12.021431922912598,12.02146669718491,12.002040063414633,12.017509460449219,11.993089559953305,12.011400461740498,12.016063717520211,786
11.7584810256958,11.762738227844238,11.666455305200541,11.691849563978167,11.68204402923584,11.769555741160554,11.721853982185857,11.741350670122799,787
12.346813201904297,12.347550392150879,12.35794345498969,12.341180911272565,12.354265213012695,12.329656884702784,12.346235009672151,12.34670092464462,788
11.570267677307129,11.564042091369629,11.611906925447546,11.632834593233229,11.622590065002441,11.59736512225534,11.599834412435884,11.58487950927293,789
12.273765563964844,12.297738075256348,12.325803843257564,12.29688255556684,12.30000114440918,12.237629197915162,12.288636730061654,12.28974481983091,790
11.99252700805664,11.985331535339355,12.054373943465821,12.025796524558164,12.011850357055664,12.008164191135078,12.01300725993512,11.997355313774964,791
11.93244457244873,11.928290367126465,11.968449238756262,11.961505242360344,11.968396186828613,11.93526049680291,11.949057684053889,11.940309309630308,792
12.48260498046875,12.48164176940918,12.394991892935105,12.378448059998433,12.374913215637207,12.400705452373659,12.41888422847039,12.440529558204757,793
12.345359802246094,12.339369773864746,12.30980697445818,12.378648166440108,12.33784008026123,12.316227029637487,12.33787530448464,12.334531357999845,794
12.22903060913086,12.223005294799805,12.185444544934114,12.207067415202035,12.183182716369629,12.200771879452748,12.20475040998153,12.208753735980919,795
11.995230674743652,12.001742362976074,12.049472853583925,12.04501296854835,12.036328315734863,11.995031726992284,12.020469817096524,12.010507447671147,796
11.86185073852539,11.8777494430542,11.758412290458928,11.774414393829883,11.788061141967773,11.793566921436287,11.809009154878742,11.839327190115046,797
11.46861457824707,11.443258285522461,11.573140853923588,11.480928448448347,11.568778038024902,11.532329965714585,11.511175028313493,11.491471852910735,798
13.0177640914917,13.001852035522461,13.14084546608119,13.05523175449869,13.121621131896973,13.016717427688421,13.059005317863239,13.037373474864628,799
11.967679977416992,11.945239067077637,11.896082932328035,11.91879768685276,11.932147026062012,11.91140608029801,11.928558795005907,11.935349998734372,800
12.228747367858887,12.187646865844727,12.209036005883904,12.183249470899563,12.19748306274414,12.164453114336,12.19510264792787,12.18705216679714,801
11.709166526794434,11.753045082092285,11.736077746084018,11.730823496427758,11.768455505371094,11.762957656770466,11.743421002256676,11.757845900781131,802
12.20176887512207,12.201359748840332,12.125056810963256,12.112328321496,12.124606132507324,12.128134417259774,12.148875717698127,12.16904691188533,803
13.041958808898926,13.025527954101562,13.123521160280312,13.01656089886626,13.11378288269043,13.075408726850478,13.066126738614663,13.05763672060954,804
11.52696704864502,11.516561508178711,11.654809311531054,11.611900593030537,11.590740203857422,11.603228340543893,11.58403450096444,11.552146265059598,805
12.296128273010254,12.286275863647461,12.226639080082474,12.181537282200793,12.225967407226562,12.214810320925006,12.238559704515426,12.258726073303185,806
11.781498908996582,11.759639739990234,11.793693082769252,11.83450755880461,11.816605567932129,11.79382332844977,11.796628031157097,11.779823551450367,807
12.28140640258789,12.240005493164062,12.226294223203809,12.157117481316401,12.263873100280762,12.231571463386125,12.233378027323175,12.24410243296871,808
11.818560600280762,11.832130432128906,11.881460668770979,11.904266888269303,11.871612548828125,11.868560909206808,11.862765341247481,11.848853313846384,809
11.885538101196289,11.846333503723145,11.727553126942142,11.647364430455072,11.68949031829834,11.675317161301791,11.74526610698613,11.778055355613095,810
12.173680305480957,12.180558204650879,12.083283793692546,12.052785538779803,12.144319534301758,12.127436091035406,12.127010577990225,12.160627938642818,811
11.93842887878418,11.916509628295898,11.891433846262837,11.882957785690934,11.906739234924316,11.917021247134338,11.90884843684875,11.91348013165033,812
11.414823532104492,11.320371627807617,11.53337209756242,11.392195139358998,11.320456504821777,11.300310655705958,11.380254926226877,11.323475036898346,813
11.943455696105957,11.946358680725098,11.869694022928211,11.880156332877949,11.885910034179688,11.923989343288971,11.908260685017645,11.925925347559165,814
11.705753326416016,11.663045883178711,11.644075928412414,11.57083783749591,11.628900527954102,11.645485579150778,11.643016513767988,11.651445958269052,815
12.238689422607422,12.238609313964844,12.244403043955511,12.24613581441052,12.259888648986816,12.22159644652616,12.24155378174188,12.241308435382047,816
11.806971549987793,11.810099601745605,11.865614816195587,11.825797026010028,11.842813491821289,11.85514295520363,11.834406573493988,11.826696595874324,817
12.50924015045166,12.51114559173584,12.530564096500594,12.541560741939362,12.53085994720459,12.588761215301595,12.535355290522276,12.528599338767716,818
11.924749374389648,11.916502952575684,11.870860436935455,11.898713951171784,11.87929916381836,11.850012331624377,11.890023035085884,11.895760240709887,819
12.330795288085938,12.326811790466309,12.296513901131089,12.292334332255368,12.301029205322266,12.34767812902193,12.31586044104715,12.322902518173759,820
12.122660636901855,12.126446723937988,12.160040588526902,12.159163668041488,12.15257740020752,12.163400248142166,12.147381544292985,12.139542318998192,821
11.36355209350586,11.363518714904785,11.482054331472318,11.454006202054947,11.400155067443848,11.448304276973815,11.418598447725929,11.389097016977582,822
12.226724624633789,12.248032569885254,12.17541114746073,12.184897884466872,12.102852821350098,12.070266585208463,12.1680309388342,12.182887570272216,823
11.917938232421875,11.909982681274414,11.839212939624206,11.87215389785519,11.86439037322998,11.877929039988022,11.880267860732282,11.891829293779502,824
12.372666358947754,12.372645378112793,12.324746654626328,12.388740705535161,12.353355407714844,12.37206945938642,12.364037327387216,12.366464022741354,825
12.954675674438477,12.959041595458984,12.953445205960179,12.970884637028318,13.006125450134277,13.005257210324533,12.974904962224128,12.977538354732243,826
11.602892875671387,11.558106422424316,11.58680620767746,11.64280282077697,11.60412883758545,11.581408678409462,11.596024307090842,11.573775463708811,827
12.168752670288086,12.1619234085083,12.16960503037354,12.181053474675208,12.184405326843262,12.203307771729367,12.178174613736294,12.174065754524493,828
12.210954666137695,12.201805114746094,12.086655390466076,11.960368190588033,12.044698715209961,12.127812092508737,12.105382361609434,12.148680231977202,829
11.917196273803711,11.932502746582031,11.915512224179004,11.906304855922851,11.928818702697754,11.926821625520647,11.921192738117666,11.93022595151948,830
12.082757949829102,12.077564239501953,12.033991126102748,12.048654604578191,12.02231216430664,12.029578044415903,12.049143021455755,12.055370405873946,831
11.9085693359375,11.917576789855957,11.938980487222398,11.905951480475805,11.924236297607422,11.922834410830202,11.919691466988214,11.92064055490054,832
12.360285758972168,12.366604804992676,12.315155967359575,12.338506914444634,12.338518142700195,12.32957701830851,12.34144143446296,12.352501163823861,833
11.963566780090332,12.003132820129395,11.956813960029756,11.940839069165174,11.955095291137695,11.9898368928965,11.96821413557481,11.988018281716935,834
11.803692817687988,11.82713794708252,11.868130759837246,11.815053501862643,11.84048080444336,11.844435236648481,11.83315517792704,11.834274714967492,835
11.749011039733887,11.736531257629395,11.81217059725742,11.805392012369815,11.819076538085938,11.766210929979422,11.781398729175981,11.763452324471952,836
11.858778953552246,11.85108470916748,11.720368192233542,11.723960508767936,11.745569229125977,11.8377773596711,11.789589825419712,11.819516923473518,837
11.496755599975586,11.501897811889648,11.430596739279219,11.4208580190431,11.445549964904785,11.447808546565271,11.457244446942935,11.477678619806364,838
11.910782814025879,11.906088829040527,11.903328892970201,11.914139632642588,11.856048583984375,11.871364138921743,11.893625481930885,11.88841860014124,839
11.798385620117188,11.780176162719727,11.701250782909185,11.756875187569403,11.731054306030273,11.79988578508472,11.761271307405083,11.768988109583562,840
11.813398361206055,11.807957649230957,11.695787144474457,11.707950918158641,11.743725776672363,11.711222850562008,11.74667378338408,11.773986107631984,841
11.938411712646484,11.895668983459473,11.793566883251488,11.83831226269085,11.790733337402344,11.790404799153015,11.841182996433941,11.85075380896252,842
12.057511329650879,12.019707679748535,11.96093660748028,11.97132532622778,11.947868347167969,11.91192586338621,11.978212525610274,11.983719822290837,843
11.65496826171875,11.683751106262207,11.591262966637608,11.7299115039363,11.611059188842773,11.640049434189482,11.651833743597853,11.656553701093602,844
11.803742408752441,11.80911922454834,11.83640967572388,11.823436095704135,11.80524730682373,11.782654834711476,11.810101591044,11.804850107563762,845
12.121116638183594,12.123675346374512,12.142385007784034,12.14368088790912,12.032639503479004,12.082390711041175,12.10764801579524,12.09562944319102,846
12.228259086608887,12.23558521270752,12.22297023595906,12.218822864664585,12.230027198791504,12.217784295249048,12.225574815663434,12.231092069316741,847
11.726716995239258,11.750487327575684,11.743121869221063,11.737477432342816,11.74969482421875,11.740249301866484,11.74129129174401,11.748485173882155,848
12.304113388061523,12.27220344543457,12.165745126509556,12.237114041171663,12.194101333618164,12.245416576503134,12.236448985216436,12.24591641565522,849
12.073478698730469,12.068770408630371,12.128509739602675,12.063868249581315,12.087837219238281,12.077518020900431,12.083330389447257,12.076515253893618,850
11.800403594970703,11.802704811096191,11.870431981540088,11.867236805782154,11.857503890991211,11.857096683355918,11.842562961289376,11.826489965025866,851
12.179671287536621,12.168524742126465,12.170500035318385,12.209226689038907,12.20118236541748,12.189005687919272,12.186351801226188,12.179722141058534,852
12.1126708984375,12.097687721252441,12.027609513994479,12.011299970667787,12.037178039550781,12.076823444591898,12.060544931415814,12.077665888623404,853
12.091672897338867,12.088600158691406,12.087148615033408,12.03156488912033,12.045295715332031,12.054859466598904,12.066523623685825,12.07276102481102,854
12.046046257019043,12.021012306213379,11.979254932238891,11.977951308080943,12.004473686218262,12.065227611606687,12.015661016896201,12.022655991770373,855
11.88237476348877,11.874807357788086,11.882467813118298,11.879675122915303,11.835315704345703,11.850141999155142,11.86746379346855,11.861575417239806,856
11.891408920288086,11.903133392333984,11.87376306741265,11.888571296303187,11.871150016784668,11.881353239264904,11.884896655397915,11.89109942494091,857
11.915899276733398,11.923227310180664,11.881463946868191,11.918413145831279,11.887590408325195,11.949199794029363,11.91263231366135,11.917380349002384,858
11.954338073730469,11.96910285949707,12.01039986807646,12.011068209122058,11.991291046142578,11.995299237172793,11.98858321562357,11.97978777132557,859
12.337736129760742,12.340208053588867,12.37135507492059,12.377775601116133,12.369085311889648,12.37789560877922,12.3623426300092,12.354015273709743,860
12.015380859375,12.007880210876465,12.042021996944236,12.114561773977549,12.06864070892334,12.05822499850758,12.051118424767362,12.03150747437448,861
11.81308364868164,11.832711219787598,11.81653902357383,11.8000422720372,11.842930793762207,11.832399541337836,11.822951083196719,11.834679150559088,862
11.888718605041504,11.885953903198242,11.836032030336268,11.912099002769503,11.859237670898438,11.87643016864563,11.87641189681493,11.876512166335928,863
11.854899406433105,11.850947380065918,11.853506358320068,11.861692787145051,11.842920303344727,11.85659458152923,11.853426802806348,11.849947470978817,864
12.239020347595215,12.24351978302002,12.243533394236753,12.212027198792343,12.237730026245117,12.226562454481334,12.233732200728463,12.23946963965858,865
11.806100845336914,11.805150032043457,11.82211965458107,11.826763394510994,11.810185432434082,11.820158076806345,11.815079572618812,11.809207863904465,866
12.426982879638672,12.42356014251709,12.484121648827276,12.441648281443197,12.518147468566895,12.500622320282115,12.465847123545876,12.460353123581427,867
11.778629302978516,11.764732360839844,11.780558121883406,11.806841339686143,11.810972213745117,11.800389807048429,11.790353857696909,11.782003497935788,868
12.038656234741211,12.058353424072266,12.01662612111721,12.091037922139996,12.03272533416748,11.990727013983932,12.03802100837035,12.040365798742995,869
12.36022663116455,12.346324920654297,12.340718122097298,12.328431772417938,12.356674194335938,12.355167797873209,12.347923906423873,12.350058158512331,870
11.454581260681152,11.442342758178711,11.518716489974551,11.479975746823662,11.507238388061523,11.475261166104207,11.479685968303968,11.465493183484554,871
12.111466407775879,12.116802215576172,12.14040957377142,12.13016945412735,12.105814933776855,12.092055928215492,12.116119752207196,12.110961258840423,872
11.61845874786377,11.637011528015137,11.752578775079941,11.692975791548665,11.712736129760742,11.755800809463558,11.694926963621967,11.677314770859008,873
11.713987350463867,11.789966583251953,11.778709513487204,11.740346236764045,11.706185340881348,11.641187772194947,11.728397132840561,11.74607099839063,874
11.442429542541504,11.433361053466797,11.42999552934293,11.515399643604653,11.417424201965332,11.455968284836256,11.449096375959579,11.432904554945242,875
12.680045127868652,12.684331893920898,12.724636842166689,12.698739892031748,12.724592208862305,12.723884478551511,12.706038407233635,12.701467471183479,876
11.84398078918457,11.845277786254883,11.866110069124069,11.84690962224285,11.841386795043945,11.854177213683883,11.849640379255698,11.846323792104657,877
12.7671480178833,12.757845878601074,12.745987438224903,12.714558217626847,12.714373588562012,12.724144781067007,12.737342986994191,12.741668773909623,878
11.910451889038086,11.90359115600586,11.899153105620968,11.88077733062655,11.894075393676758,11.901517663631996,11.898261089766704,11.900822435732604,879
11.805535316467285,11.80107307434082,11.828424018942613,11.794551874739982,11.818705558776855,11.814549554657432,11.810473232987498,11.80826142330525,880
11.971830368041992,11.96572208404541,11.974037072716168,11.954453962373133,11.956291198730469,11.968223008995064,11.965092949150375,11.96405814823488,881
12.301445960998535,12.299365043640137,12.25822091910312,12.311594973973657,12.271739959716797,12.317040930892777,12.293234631387504,12.294194249441425,882
12.050936698913574,12.03713321685791,12.073526719530951,12.058067256406215,12.067307472229004,12.044695168734782,12.055277755445404,12.046716950053804,883
11.792492866516113,11.748879432678223,11.73754335971953,11.738451114031799,11.693099021911621,11.694029157293613,11.73408249202515,11.726427348388519,884
11.565964698791504,11.574098587036133,11.640353656797148,11.653746338225488,11.633310317993164,11.638960816890174,11.617739069288936,11.60054579401008,885
12.446321487426758,12.438922882080078,12.509306631725769,12.538389820715055,12.527114868164062,12.495934582056762,12.492665045361415,12.47132238274568,886
11.965853691101074,11.96545696258545,12.075151516721672,12.03476151635171,11.985435485839844,11.95790488975288,11.99742734372544,11.97234084457816,887
11.889181137084961,11.899916648864746,11.868599175597833,11.844335287497952,11.851346015930176,11.848974377936768,11.86705877381874,11.879246030233935,888
12.562383651733398,12.574848175048828,12.694455955238304,12.716990479437113,12.68115234375,12.622765458762691,12.642099343995056,12.611674772668371,889
12.019633293151855,12.026659965515137,11.979724598843074,11.866714091252307,11.972719192504883,12.011171108345303,11.979437041602095,12.009748872807833,890
11.66915512084961,11.669013023376465,11.6085080784561,11.608940926174194,11.557113647460938,11.690190968938817,11.633820294209352,11.643308446082257,891
12.013654708862305,12.02111530303955,12.041326812072745,11.997693108536046,12.004018783569336,12.016948343903527,12.015792843330585,12.016893465993345,892
11.895316123962402,11.903956413269043,11.879841103436938,11.879639095890635,11.855710983276367,11.862349985346835,11.879468950863703,11.885028917545057,893
11.914947509765625,11.871284484863281,11.893074940889893,11.957265595622264,11.940317153930664,11.942830537293862,11.919953370394262,11.899867642674558,894
11.656475067138672,11.685514450073242,11.78227917388435,11.715885656020689,11.712715148925781,11.674873436838862,11.704623822146933,11.69329852790267,895
11.975817680358887,11.986244201660156,12.023298028208522,12.02830931234254,12.025108337402344,12.001464442318893,12.006707000381889,11.999155359489636,896
11.378212928771973,11.41545581817627,11.393663791517167,11.247194834441556,11.389759063720703,11.373718868020323,11.366334217441333,11.402064757258808,897
11.80888843536377,11.829846382141113,11.882544552804283,11.905204450477232,11.89326286315918,11.813397138211375,11.855523970359492,11.844257691354034,898
13.052414894104004,13.051365852355957,13.116171524158245,13.103258526490574,13.054049491882324,13.082232851290486,13.076582190046933,13.05871529028805,899
11.806351661682129,11.804442405700684,11.831283590626768,11.818954095325497,11.830777168273926,11.847992097198013,11.82330016980117,11.818418258176754,900
11.6097412109375,11.598038673400879,11.70906012604811,11.67252640984807,11.693476676940918,11.629288176976244,11.652021879025286,11.629373847374438,901
11.94161605834961,11.940409660339355,11.935870585846667,11.901763705332838,11.91852855682373,11.886024741072134,11.920702217960724,11.92648029482292,902
12.105018615722656,12.110795974731445,12.079597085803417,12.083397038983817,12.103032112121582,12.094476586807112,12.096052902361672,12.105455035043068,903
12.421324729919434,12.410572052001953,12.375535628141344,12.394275531744825,12.386531829833984,12.37022999930257,12.393078295157352,12.397415531551157,904
11.655019760131836,11.632264137268066,11.72279564727116,11.718609354509864,11.740156173706055,11.70054705145967,11.69489868739111,11.671801908228762,905
11.677252769470215,11.680524826049805,11.78702868905998,11.814888397973654,11.779845237731934,11.767988994913882,11.751254819199913,11.721428971462364,906
12.490336418151855,12.452725410461426,12.431374833153532,12.444830384249197,12.448308944702148,12.469842115867658,12.456236351097637,12.45369405722523,907
12.29280948638916,12.32685375213623,12.46961559618315,12.355607522778197,12.407896995544434,12.354383614656196,12.367861161281228,12.35503042850765,908
11.751541137695312,11.744709968566895,11.76695296329117,11.799907902264826,11.804983139038086,11.80899138598846,11.779514416140792,11.770042497793103,909
12.090864181518555,12.091525077819824,12.116143155517111,12.050099987990466,12.136317253112793,12.14303203379518,12.104663614958987,12.111168617037109,910
11.982454299926758,11.987348556518555,11.874713571645259,11.908276297826818,11.902294158935547,11.947950023947108,11.933839484800009,11.957224833818943,911
11.950982093811035,11.941326141357422,11.940270574581966,11.91744270844476,11.907271385192871,11.929355986090984,11.931108148246507,11.931141008022617,912
11.49077033996582,11.48900318145752,11.533339779241555,11.522754347905135,11.552355766296387,11.41437930332207,11.500433786364747,11.494094471680748,913
11.989243507385254,12.020219802856445,11.878118371754793,11.906086475919741,11.877005577087402,11.961970300419829,11.93877400590391,11.972143362608925,914
11.995583534240723,11.992918968200684,12.031021389370425,12.010334240597054,12.01998519897461,12.080346956917515,12.021698381383501,12.014235172904279,915
11.358513832092285,11.40183162689209,11.361506471481865,11.280224943218474,11.371641159057617,11.401208157384051,11.362487698354398,11.393210050134403,916
10.82801342010498,10.667786598205566,11.162363110091066,11.266930932358243,10.937155723571777,10.93210140758595,10.965725198652931,10.78893997006286,917
11.793159484863281,11.787272453308105,11.769930971125259,11.764109192461207,11.755105972290039,11.78977791150591,11.776559330925634,11.779326979968642,918
12.480171203613281,12.449137687683105,12.45049004845389,12.458294346263372,12.479514122009277,12.459105251920384,12.462785443323886,12.45812414398884,919
12.162997245788574,12.14494514465332,12.084938931048248,12.023379921932275,12.102581977844238,12.073784028571637,12.098771208306383,12.12180045256799,920
12.165201187133789,12.156791687011719,12.160807255980753,12.174666819708987,12.165114402770996,12.160203870694842,12.16379753721685,12.15946617343357,921
12.003931999206543,11.991832733154297,11.98782665487106,12.052721868642314,12.058247566223145,12.027306891400736,12.020311285583015,12.013408608202509,922
12.120543479919434,12.11379623413086,12.065416154195615,12.039406433909486,12.058622360229492,12.08846459899746,12.081041543563723,12.095009835649082,923
12.14668083190918,12.174052238464355,12.153960410053333,12.143020981964272,12.160088539123535,12.171950300943845,12.15829221707642,12.169740136152964,924
12.243428230285645,12.239818572998047,12.111569768217187,12.136818151058247,12.142147064208984,12.196697332398816,12.17841318652782,12.205588610885842,925
11.967180252075195,11.966130256652832,11.985865422220982,11.907962703975267,11.950230598449707,11.942651480941132,11.953336785719186,11.959178045834603,926
12.615445137023926,12.5990571975708,12.57392840674868,12.533375052640723,12.526607513427734,12.586010285578023,12.572403932164981,12.578656277985283,927
12.099370002746582,12.107890129089355,12.137776335396575,12.12906003149353,12.13077163696289,12.128285676449023,12.122192302022993,12.117507794247668,928
12.417325019836426,12.42927074432373,12.439365861466854,12.40424210193218,12.37059497833252,12.42444060787835,12.414206552295012,12.41452910417497,929
12.270384788513184,12.278002738952637,12.35583068084653,12.347198090705566,12.316131591796875,12.330531701109415,12.316346598654036,12.297734040263194,930
12.281865119934082,12.28085994720459,12.241087208091065,12.274064589291838,12.268034934997559,12.27000953316951,12.269320222114773,12.27488890566968,931
11.719494819641113,11.730316162109375,11.749559973640437,11.73724935838337,11.743208885192871,11.735720071807386,11.735924878462427,11.734857129439355,932
12.649527549743652,12.612405776977539,12.618722670223361,12.702543527115306,12.61001205444336,12.646389012043018,12.639933431757706,12.617300099293955,933
12.174728393554688,12.180512428283691,12.222872615600805,12.225024584751932,12.247614860534668,12.215346844656285,12.211016621230344,12.203507254979602,934
12.385214805603027,12.382715225219727,12.330023303860962,12.358780431012613,12.343340873718262,12.325526436525445,12.354266845990006,12.362687470696248,935
11.465320587158203,11.44864559173584,11.236208132431882,11.314748749344801,11.334733963012695,11.380976422828258,11.363438907751947,11.40418546184739,936
12.148675918579102,12.146430969238281,12.110852171006599,12.128500082425992,12.105460166931152,12.132392823314477,12.128718688582602,12.133234080850261,937
12.341901779174805,12.317753791809082,12.406754780552166,12.383364144176761,12.333113670349121,12.309481970631285,12.348728356115537,12.322798194707255,938
12.434991836547852,12.431678771972656,12.4120372282637,12.373648970756513,12.398496627807617,12.38432313789194,12.405862762206715,12.415653081839631,939
12.355732917785645,12.327181816101074,12.436468689348665,12.44829355472064,12.423572540283203,12.239076274032001,12.371720965378538,12.340108626387035,940
12.09607219696045,12.099339485168457,12.09476694776088,12.134684767453955,12.09303092956543,12.065527969538042,12.097237049407868,12.09240433369971,941
12.304086685180664,12.27363395690918,12.3482653142623,12.316034477148582,12.321412086486816,12.299783530860317,12.310536008474642,12.291512409968133,942
11.705156326293945,11.645644187927246,11.729782663049349,11.808887785320044,11.749927520751953,11.748646602445662,11.731340847631367,11.68952479731546,943
11.87435531616211,11.891403198242188,11.847150584088848,11.847559102709871,11.842402458190918,11.87909652538904,11.863661197463829,11.87626847651128,944
11.969736099243164,11.962992668151855,11.997852900732687,11.977105277960614,12.000892639160156,11.951464542452428,11.976674021283484,11.971439091742283,945
11.884759902954102,11.898488998413086,11.93910546497864,11.87294732871063,11.916144371032715,11.85756890849935,11.894835829098087,11.897597152257433,946
11.875977516174316,11.881148338317871,11.944676186073483,11.893834610647964,11.901333808898926,11.922882513578664,11.903308828948537,11.894413615159628,947
12.489724159240723,12.493246078491211,12.559300622908703,12.525556153915005,12.581088066101074,12.571243340977384,12.53669307027235,12.528702750948838,948
12.260760307312012,12.255463600158691,12.208128187608512,12.229058593025922,12.219844818115234,12.233801999174483,12.234509584232477,12.242039584969401,949
12.110122680664062,12.118556022644043,12.100186466797659,12.09239592320595,12.088643074035645,12.068660402285852,12.096427428272202,12.102967619277253,950
11.788054466247559,11.795592308044434,11.809308077519228,11.865285808699907,11.816292762756348,11.795624975518686,11.81169306646436,11.80103624536079,951
11.656586647033691,11.657502174377441,11.70434087858023,11.718567850326778,11.682836532592773,11.694092732865382,11.685654469296049,11.670733370126651,952
11.732549667358398,11.724649429321289,11.750102125233763,11.767049700442197,11.742131233215332,11.72180442933273,11.739714430817287,11.729203682676447,953
12.035492897033691,12.013016700744629,12.001125626093279,12.024929650818672,11.990976333618164,11.98777663346362,12.00888630696201,12.003373669597192,954
11.736772537231445,11.698970794677734,11.81805997535054,11.797008592063653,11.783029556274414,11.781188483475914,11.769171656512283,11.735709387983844,955
11.993220329284668,12.014800071716309,12.036157550218203,12.034626615846772,12.041038513183594,12.01514109994434,12.02249736336565,12.021862852537925,956
11.677216529846191,11.668413162231445,11.755772590168098,11.833019087474689,11.7860746383667,11.734298393291198,11.742465733563053,11.709863238853401,957
11.717799186706543,11.729496955871582,11.778171633939762,11.719786788982814,11.746336936950684,11.741364102203192,11.738825934109096,11.73686314603895,958
12.19008731842041,12.196566581726074,12.14548236978912,12.187567560059117,12.15910816192627,12.175757756778387,12.17576162478323,12.182718314130032,959
12.030254364013672,12.055617332458496,12.047795325305543,12.031764612028198,12.066814422607422,12.04439705153029,12.046107184657268,12.056367531263973,960
11.74887466430664,11.781585693359375,11.71770766617737,11.72651021590056,11.737627029418945,11.756596697788714,11.744816994491934,11.765131154915519,961
12.465389251708984,12.44347095489502,12.431782002147456,12.425370926382014,12.42312240600586,12.49814449700628,12.447880006357602,12.446692326657544,962
11.965664863586426,11.950400352478027,11.95732495093548,11.978230161731139,11.974828720092773,11.963932886763612,11.965063655931244,11.958656498082258,963
12.5308837890625,12.539620399475098,12.515509737126948,12.528349161211612,12.546102523803711,12.51237613565862,12.528806957723083,12.536252381131401,964
12.301568984985352,12.29736042022705,12.258945864308785,12.27346007646233,12.274340629577637,12.304113436655326,12.28496490203608,12.291688990535098,965
12.062056541442871,12.065540313720703,12.015816104814236,12.013928366257762,12.03396987915039,12.04395429744196,12.039210917137986,12.053043951903764,966
11.878555297851562,11.87083911895752,11.81574835234859,11.731037886572379,11.819168090820312,11.876911926844679,11.832043445565843,11.857601151802815,967
11.803628921508789,11.797174453735352,11.811530659046207,11.769697176766876,11.801369667053223,11.817112605753785,11.800085580644037,11.80171946915925,968
11.158356666564941,11.19868278503418,11.110900463457414,11.047585402698418,11.012959480285645,11.086400500577298,11.102480883102983,11.133425575138965,969
11.762150764465332,11.7827787399292,11.762450160271468,11.709607074399798,11.718969345092773,11.744092542562544,11.746674771120185,11.760627668134576,970
11.314066886901855,11.342744827270508,11.204055423202783,11.090240492589057,11.256711959838867,11.225284089327136,11.238850613188367,11.299465322691855,971
12.085734367370605,12.103326797485352,12.093537759527937,12.091741673248293,12.105170249938965,12.104449105595657,12.097326658861135,12.103665080327103,972
11.68632984161377,11.675519943237305,11.697289002980751,11.76372753314024,11.708797454833984,11.731404677093753,11.710511408816634,11.692959269787425,973
12.24618148803711,12.244695663452148,12.206531659223979,12.185034944938222,12.208845138549805,12.219600216297994,12.218481518416544,12.23094768164332,974
12.008594512939453,12.059426307678223,12.187369217171625,12.202740276250504,12.173821449279785,12.032682969035687,12.110772455392544,12.086836896415612,975
12.076325416564941,12.09460735321045,11.973272633697425,11.985882542394904,12.012497901916504,12.055374785385704,12.032993438861654,12.064972844250804,976
11.42933464050293,11.414488792419434,11.283582691598657,11.393610226889681,11.356649398803711,11.411739962785395,11.3815676188333,11.396165850597344,977
12.203981399536133,12.204519271850586,12.191884454004004,12.147388899858212,12.202130317687988,12.240049875097366,12.198325703005715,12.209103467811577,978
11.527922630310059,11.529915809631348,11.524659680422861,11.53557546708477,11.546183586120605,11.567537355464726,11.538632421505726,11.539582339955196,979
11.82516860961914,11.83601188659668,11.856826580216458,11.809902909148375,11.830094337463379,11.830933189640959,11.8314895854475,11.834386936836822,980
12.217506408691406,12.239501953125,12.113870789905416,12.060342414058525,12.06574535369873,12.118175546632708,12.1358570776853,12.174646186588287,981
12.630435943603516,12.631319046020508,12.701972038794372,12.70043714300223,12.681900024414062,12.683158818733837,12.671537169094753,12.653765152051571,982
12.009814262390137,12.014298439025879,12.075376829552983,12.0596982242553,12.04727840423584,12.05417638357471,12.043440423839142,12.030317806131027,983
12.423968315124512,12.426852226257324,12.504104177782315,12.459913261242486,12.462617874145508,12.454516160162848,12.455328669119167,12.442118696033866,984
11.748290061950684,11.742650032043457,11.732760626661797,11.782604628515228,11.76567268371582,11.763686744824602,11.755944129618598,11.75124277476744,985
11.758804321289062,11.763021469116211,11.769493589458104,11.821069055075618,11.79385757446289,11.739823069545164,11.774344846491175,11.767103373056838,986
11.747482299804688,11.781045913696289,11.837016753958018,11.802517223999663,11.856554985046387,11.800586931079335,11.804200684597397,11.804101853029511,987
12.873881340026855,12.861892700195312,12.952180060897174,12.940941420947969,12.90803050994873,12.916346228815494,12.90887871013859,12.884236481696993,988
12.104876518249512,12.117375373840332,12.189725206102535,12.221402408900627,12.18387222290039,12.15454415453579,12.161965980754864,12.141460323867015,989
12.19748592376709,12.212820053100586,12.17497378464644,12.149013647322766,12.156785011291504,12.187514004809808,12.179765404156365,12.194134981501051,990
12.616973876953125,12.617987632751465,12.601424663334631,12.607746832524693,12.614009857177734,12.635570309711317,12.615618862075493,12.619275167165053,991
12.01537036895752,12.004912376403809,11.987601259970656,12.136365885642993,12.065299987792969,12.098392827908228,12.051323784446032,12.033667870962832,992
12.186788558959961,12.194141387939453,12.167705779645427,12.156078270685608,12.172795295715332,12.169203712343931,12.174452167548287,12.18429060530237,993
12.075183868408203,12.083003997802734,12.03697047793816,12.03181007013311,12.067232131958008,12.060175592707003,12.059062689824536,12.07426755603893,994
12.816473960876465,12.835978507995605,12.78509767425895,12.739828540480776,12.791630744934082,12.790414841287173,12.793237378305507,12.8166034782339,995
11.669925689697266,11.671747207641602,11.684041942887177,11.682736711959556,11.683526039123535,11.63627050023111,11.671374681923375,11.669447287521944,996
11.771489143371582,11.775728225708008,11.791844454384698,11.839339458868542,11.828481674194336,11.826340113256325,11.80553717829725,11.796922619999345,997
11.930936813354492,11.971687316894531,11.97593839838013,11.93514684632195,11.9127836227417,11.984098006401336,11.951765167349023,11.959405170372827,998
11.217338562011719,11.27305793762207,11.437899918995134,11.348426274028244,11.37351131439209,11.330308187439034,11.330090365748049,11.311232110642603,999
12.149452209472656,12.157780647277832,12.165395026895943,12.152766971340808,12.150519371032715,12.152544730226547,12.154743159374418,12.155419420169975,1000
11.111992835998535,11.070337295532227,11.072388339865904,11.22637263430122,10.919879913330078,10.797787632056778,11.033126441847457,10.991320956491633,1001
11.3361177444458,11.346017837524414,11.444079498653796,11.297162307217043,11.427014350891113,11.447161290738741,11.382925504911817,11.384345915206467,1002
12.380637168884277,12.359004020690918,12.447983209883311,12.396706404931773,12.400474548339844,12.416498564230341,12.400217319493409,12.380647158615503,1003
11.949877738952637,11.95063304901123,11.890318000369117,11.908889370500283,11.902140617370605,11.899565165656162,11.916903990310006,11.929116853225722,1004
12.14826488494873,12.133794784545898,12.138257952296986,12.135791373090761,12.16199016571045,12.167425981542362,12.147587523689197,12.146026607253523,1005
11.83232307434082,11.839842796325684,11.815669535529127,11.80605155063113,11.80992603302002,11.804235525262069,11.818008085851474,11.826309765291544,1006
12.081864356994629,12.055183410644531,11.970655215700937,12.083290671954858,12.00808334350586,11.990981024959128,12.031676337293325,12.031254819519287,1007
11.3771333694458,11.390670776367188,11.382075896994326,11.344151076843303,11.36436653137207,11.397262712379396,11.375943393900348,11.385043725617773,1008
12.380227088928223,12.375696182250977,12.307868677217131,12.342392860331028,12.323384284973145,12.332931969675682,12.343750177229365,12.354324589373551,1009
11.536172866821289,11.541258811950684,11.459661743628917,11.509309381900342,11.490757942199707,11.50187997081035,11.506506786218546,11.52045408358628,1010
11.756210327148438,11.744860649108887,11.699537597115203,11.706936524481678,11.715239524841309,11.752446888249615,11.729205251824188,11.737510694531226,1011
11.595608711242676,11.58841323852539,11.654734325850137,11.715055193786476,11.618247985839844,11.601399054543801,11.628909751631388,11.599631252034822,1012
12.056107521057129,12.057027816772461,11.996226219434437,11.964636443535078,12.033369064331055,12.05189010212519,12.026542861209224,12.04869643869404,1013
11.43472671508789,11.44527530670166,11.559958174391403,11.562001345943363,11.48119831085205,11.43631148270786,11.486578555947373,11.45596606538716,1014
11.635128021240234,11.63486385345459,11.675848623869356,11.648338823052352,11.668294906616211,11.655999587247528,11.653078969246712,11.64748833093078,1015
12.236574172973633,12.258960723876953,12.203682233883303,12.20350816941956,12.246831893920898,12.257052571141685,12.234434960869338,12.25410005662279,1016
12.332967758178711,12.330270767211914,12.321849298132705,12.295071230503003,12.318221092224121,12.307283571030347,12.3176106195468,12.323511785256748,1017
12.136341094970703,12.157865524291992,12.098901403099001,12.142079671127044,12.137392044067383,12.11189658828965,12.130746054307629,12.144003562611125,1018
12.009725570678711,12.017951011657715,12.049639840791585,12.039573947623833,12.044075012207031,12.04939512418359,12.035060084523744,12.030131365391135,1019
12.162013053894043,12.15333366394043,12.168420733221463,12.179885746998702,12.1715087890625,12.18390038447417,12.16984372859855,12.162958545877546,1020
11.932034492492676,11.922192573547363,11.96077374965725,11.957948589823499,11.953408241271973,11.956988030791408,11.947224279597362,11.93633523411807,1021
12.213709831237793,12.218181610107422,12.18772305951926,12.213105638306518,12.18165111541748,12.18414491237123,12.199752694493284,12.203100041225673,1022
11.597485542297363,11.608681678771973,11.651333978156153,11.716596067324533,11.6464204788208,11.623474897418596,11.640665440464902,11.62141553616944,1023
12.133673667907715,12.119819641113281,12.12292610584498,12.162633382919259,12.151785850524902,12.151040550691274,12.14031319983357,12.13255445909819,1024
12.593757629394531,12.573917388916016,12.575350228473168,12.6280452605551,12.657713890075684,12.631314321957195,12.610016453228615,12.603297518113704,1025
11.694816589355469,11.696821212768555,11.719703008160918,11.77580202294745,11.730589866638184,11.72859808437587,11.724388464041075,11.710657688672429,1026
11.841538429260254,11.869772911071777,11.874915410414745,11.824235664344654,11.88347053527832,11.890364768365716,11.864049619789244,11.876464422035436,1027
12.599348068237305,12.592052459716797,12.699099418154104,12.745992351122524,12.735330581665039,12.72029072653928,12.682018934239174,12.650023754767862,1028
11.654489517211914,11.669697761535645,11.723647490876047,11.736406802506623,11.718155860900879,11.728916725059472,11.70521902634843,11.69228964475589,1029
11.702683448791504,11.694314956665039,11.695162667781632,11.699742353379197,11.701471328735352,11.688938233911262,11.697052164877329,11.6952443142666,1030
11.79096794128418,11.811120986938477,11.83312522881852,11.82477929718189,11.849246978759766,11.82484254947501,11.822347163742974,11.823180459675429,1031
12.375605583190918,12.297714233398438,12.282549479742721,12.450244089012159,12.334329605102539,12.297673589231113,12.339686096612981,12.30617930655032,1032
12.681099891662598,12.691720962524414,12.683373029900974,12.70215260747118,12.697681427001953,12.71120427190828,12.694538698411568,12.695963207615797,1033
12.356273651123047,12.366249084472656,12.340380205293851,12.393406987218164,12.35283374786377,12.326884440125628,12.356004686016187,12.356098390314695,1034
11.675806045532227,11.728355407714844,11.73788853753428,11.689630937364631,11.705859184265137,11.685349151655602,11.703814877344454,11.716458640577963,1035
11.265514373779297,11.233366012573242,11.304229657983257,11.384709929769294,11.232566833496094,11.295737764761625,11.286020762060469,11.244951079592319,1036
12.68577766418457,12.678108215332031,12.698486913518074,12.65413763926491,12.666922569274902,12.726037333306222,12.684911722480118,12.683444189688775,1037
12.408363342285156,12.415878295898438,12.486798021750959,12.439285870687948,12.458089828491211,12.453922374868979,12.44372295566378,12.434146087028582,1038
11.431641578674316,11.447103500366211,11.57523916102502,11.538129818225585,11.577014923095703,11.563228817366452,11.522059633125549,11.500548876858696,1039
11.237948417663574,11.22183895111084,11.296931347299095,11.300039931170621,11.264867782592773,11.291105796498437,11.268788704389223,11.245290293961803,1040
11.8537015914917,11.894780158996582,11.91095085826212,11.970896334008703,11.968504905700684,11.909852462396731,11.918114385142752,11.915545869553114,1041
11.995698928833008,12.014188766479492,12.004546742744674,12.048547359882745,12.035733222961426,12.017227478452275,12.019323749892271,12.019625662077548,1042
12.181239128112793,12.179431915283203,12.13784006962441,12.126442557594839,12.1547212600708,12.1246814369107,12.150726061266125,12.163677016671942,1043
12.46200942993164,12.4464693069458,12.43662098445971,12.423779364042892,12.45017147064209,12.477292493478037,12.449390508250028,12.451884289712215,1044
12.68124008178711,12.67978286743164,12.528675480474382,12.59044776106678,12.631317138671875,12.587359011909776,12.616470390223592,12.64918603702536,1045
11.787679672241211,11.742179870605469,11.767223407260557,11.682044970178678,11.765588760375977,11.78429259341718,11.75483487901318,11.75516727605305,1046
13.012146949768066,13.012681007385254,13.036263826487161,13.041926649448873,13.086888313293457,13.00891580516138,13.033137091924031,13.030846221385278,1047
11.898608207702637,11.891708374023438,11.86197141898527,11.88062164890723,11.869327545166016,11.896116321256908,11.88305891934025,11.886080122835278,1048
11.820116996765137,11.79404067993164,11.80186972143564,11.776800323392909,11.80288028717041,11.80973868647565,11.800907782528563,11.79886566283102,1049
11.487480163574219,11.511065483093262,11.562693030045725,11.598076600639995,11.573843002319336,11.58949746017433,11.553775956641145,11.540067948550416,1050
12.125520706176758,12.134610176086426,12.102461207434171,12.1103693133629,12.110440254211426,12.107831582767625,12.115205540006551,12.123618759270702,1051
12.171701431274414,12.179548263549805,12.132783969275726,12.168485909903362,12.159073829650879,12.174933491247494,12.16442114915028,12.172482574219867,1052
12.035661697387695,12.062211990356445,12.04801411896204,12.026295181711275,12.027356147766113,12.011410474159774,12.035158268390559,12.045400807580338,1053
11.847399711608887,11.864409446716309,11.872011692167455,11.842228264725424,11.848045349121094,11.904079880497466,11.863029057472772,11.866826187274901,1054
12.463112831115723,12.46200180053711,12.522289925043626,12.471255702641983,12.509244918823242,12.50207233179336,12.488329584992506,12.481500234495416,1055
12.042828559875488,12.049664497375488,11.99973150802503,11.952446926544951,11.983095169067383,11.991693019969583,12.003243280142987,12.02297512406788,1056
12.299707412719727,12.286067962646484,12.220308553272613,12.254377775477026,12.22774600982666,12.247690908302443,12.255983103707493,12.263976908173039,1057
12.459068298339844,12.45356273651123,12.299303796084889,12.357400704804117,12.326702117919922,12.343744014744162,12.373296944734028,12.401080997546408,1058
12.77143669128418,12.77121639251709,12.766548711301228,12.794433460963583,12.783859252929688,12.797241357994698,12.780789311165078,12.77821146688445,1059
12.241150856018066,12.25557804107666,12.195848048975854,12.177438880611458,12.190600395202637,12.162289108728984,12.203817555102276,12.223489879145832,1060
12.240777969360352,12.267242431640625,12.218317400529795,12.201768881949155,12.246973037719727,12.201320628892022,12.229400058348615,12.250615020425403,1061
11.357403755187988,11.239777565002441,11.476890018640647,11.457809384353165,11.314021110534668,11.216005428384197,11.343651210350517,11.26105818563624,1062
11.716650009155273,11.71078109741211,11.649402456935077,11.812149466324055,11.73902416229248,11.729638388122718,11.72627426337362,11.718804701789518,1063
11.695733070373535,11.684591293334961,11.818566072421197,11.77809430595037,11.807869911193848,11.767991557248264,11.758807701753696,11.731495221361916,1064
11.911919593811035,11.918242454528809,11.966794802670025,11.94056288631358,11.92529010772705,11.925165098192306,11.931329157207132,11.922451204308395,1065
12.550442695617676,12.532909393310547,12.567277044100685,12.56263310927422,12.57857608795166,12.560320722451584,12.558693175451062,12.549297008988473,1066
12.076089859008789,12.085517883300781,12.102094762613133,12.09968545652568,12.0762300491333,12.07142296432291,12.08517349581743,12.081544710398303,1067
12.159810066223145,12.146085739135742,11.998830107271084,12.055065836513366,12.050801277160645,12.066795558109606,12.079564764068932,12.106249591579097,1068
12.042487144470215,12.065104484558105,12.063538620649856,12.02234933410208,12.03617000579834,12.126563085192577,12.059368779128528,12.06758756165832,1069
11.797456741333008,11.762019157409668,11.77222383816357,11.822369679812692,11.784847259521484,11.786606493333611,11.787587194929005,11.771703139134742,1070
11.780533790588379,11.773797988891602,11.828498757400833,11.827099123536154,11.803238868713379,11.788425484743357,11.800265668978952,11.784837176671086,1071
11.92691707611084,11.9442720413208,11.95665606034808,11.96622698308637,11.960550308227539,11.96437223927943,11.953165784728844,11.951726218266295,1072
11.60281753540039,11.587471961975098,11.552140472507942,11.625231195521557,11.559317588806152,11.573845936412523,11.58347078177061,11.577466392014053,1073
11.880748748779297,11.877633094787598,11.936117418278961,11.930176666774717,11.886900901794434,11.831176432732782,11.890458877191298,11.874357827269067,1074
12.14010238647461,12.147415161132812,12.16632128772313,12.18927029198569,12.170244216918945,12.114230347232368,12.154597281911258,12.148354849695265,1075
12.20971965789795,12.178016662597656,12.186938247648122,12.19571812465433,12.20766544342041,12.197846627898798,12.195984127352878,12.188582652518651,1076
11.944167137145996,11.903127670288086,11.993395924473742,11.920745796261475,11.963971138000488,11.965837129270785,11.948540799240094,11.930336589967698,1077
11.813725471496582,11.80984115600586,11.807986625149077,11.823846310443018,11.792293548583984,11.814196731014315,11.81031497378214,11.806193857907726,1078
11.88140869140625,11.873044967651367,11.855780926580957,11.844745234903426,11.875265121459961,11.883588600351734,11.86897225705895,11.874724500558342,1079
11.774825096130371,11.76319694519043,11.797877352530854,11.789490496580875,11.819270133972168,11.820192873798023,11.794142149700454,11.786734792070385,1080
12.0888090133667,12.101844787597656,12.124853253573184,12.013847361531656,12.087072372436523,12.060128568849214,12.079425892892488,12.092421863508813,1081
11.714329719543457,11.70146656036377,11.795320603606621,11.779921702304417,11.783278465270996,11.780090351616844,11.759067900451017,11.736363038460025,1082
12.161892890930176,12.172286033630371,12.153413293853161,12.154136067538909,12.187253952026367,12.170457661482358,12.166573316576889,12.175094934267602,1083
11.911717414855957,11.906227111816406,11.88651073763522,11.882757925577621,11.88880443572998,11.935253381908527,11.901878501253952,11.905932194475085,1084
12.122901916503906,12.11007308959961,12.140868397051374,12.152262660922196,12.14666748046875,12.101224361258845,12.12899965096745,12.118500553838997,1085
11.975339889526367,11.98953914642334,11.924687034753822,11.927243946775807,11.91789722442627,11.957935414294262,11.948773776033311,11.96528698764741,1086
11.458368301391602,11.464759826660156,11.414690872101357,11.386163311068529,11.437925338745117,11.411368774466169,11.428879404072156,11.448452612446152,1087
12.487845420837402,12.485748291015625,12.497059315929096,12.495162951693803,12.4718656539917,12.479632333406698,12.486218994479053,12.481745876134507,1088
11.882587432861328,11.912662506103516,11.78078982388471,11.781118339029316,11.80122184753418,11.820924302040824,11.829884041908977,11.867402922732841,1089
12.238497734069824,12.230984687805176,12.196026335730714,12.242858520690648,12.226363182067871,12.289120661913135,12.237308520379562,12.237895678421708,1090
11.337041854858398,11.334538459777832,11.334198978152749,11.390806745357152,11.370633125305176,11.38710341625794,11.359053763284875,11.351502221107701,1091
11.959033966064453,11.969911575317383,11.961646960068407,11.977542198167344,11.936450004577637,11.991174807363139,11.96595991859306,11.964836907907618,1092
12.029642105102539,12.005472183227539,11.978095025438554,12.005014919384546,12.013487815856934,12.018809429446462,12.008420246409429,12.0087029109244,1093
12.01005744934082,11.996011734008789,11.925264469118725,11.946280649743708,11.9478120803833,11.948465274308665,11.962315276150667,11.974811260498077,1094
11.769684791564941,11.762099266052246,11.746918582208917,11.795377698004248,11.773517608642578,11.764845094909575,11.768740506897084,11.764864121214847,1095
12.068493843078613,12.052521705627441,12.08152235306813,12.070783743236543,12.052289962768555,12.052522120277706,12.063022288009497,12.053310495699304,1096
11.709891319274902,11.712486267089844,11.654684525994192,11.64442403008282,11.707715034484863,11.65454957678493,11.680625125618592,11.700616605104264,1097
11.959490776062012,11.98067569732666,11.949594780750266,11.984323630384875,11.986828804016113,11.919858692625183,11.963462063527517,11.971795450685713,1098
11.662814140319824,11.651521682739258,11.644814301553385,11.569019615299206,11.623641967773438,11.658380352357918,11.635032010007171,11.645607662717678,1099
11.99808406829834,12.018030166625977,12.06625401643851,11.945284484173007,12.020950317382812,11.993850867314878,12.007075653372254,12.016380402359175,1100
10.914339065551758,10.933281898498535,10.923315338118387,10.8579429182512,10.969661712646484,10.908428501869404,10.917828239155961,10.9379764902985,1101
11.669608116149902,11.655463218688965,11.726642311145389,11.706307065809504,11.707606315612793,11.694945741245485,11.693428794775341,11.676380264047546,1102
11.756952285766602,11.787592887878418,11.782072956907864,11.78830241699548,11.785195350646973,11.61249118200004,11.752101180032563,11.759576022505629,1103
11.935138702392578,11.959973335266113,11.884559226438,11.898019590806053,11.916885375976562,11.894778926074839,11.914892526159024,11.937132511832516,1104
11.596073150634766,11.586194038391113,11.621731586482731,11.663106314060425,11.637336730957031,11.640265360497548,11.624117863503935,11.608101113820748,1105
12.693432807922363,12.715433120727539,12.680871398471368,12.563277563001316,12.633570671081543,12.694887604106269,12.663578860885066,12.691298022557556,1106
12.175013542175293,12.175045013427734,12.152779519209394,12.175841803618605,12.18668270111084,12.173504896030243,12.173144579262017,12.176989255142862,1107
12.453940391540527,12.45193099975586,12.354745066310922,12.304198030159062,12.387298583984375,12.411767993238612,12.393980177498227,12.427109780685322,1108
12.039933204650879,12.047850608825684,12.038932584794129,12.031129812512608,12.058639526367188,12.063032715530651,12.046586408780188,12.052581718878672,1109
12.627206802368164,12.620806694030762,12.642843068853159,12.621087942097121,12.610980987548828,12.63176526158995,12.625781792747999,12.620763807129471,1110
12.095560073852539,12.099990844726562,12.072882203435375,12.102057118957187,12.080009460449219,12.10450803873457,12.092501290025908,12.095040303871736,1111
12.132219314575195,12.152695655822754,12.132025069999212,12.102853773902092,12.151571273803711,12.152873482940056,12.137373095173837,12.151847258905402,1112
11.717439651489258,11.703880310058594,11.7396486064631,11.647289686843878,11.727339744567871,11.703094723974937,11.706448787232938,11.710511082129662,1113
11.837212562561035,11.823366165161133,11.782455108938814,11.779262270145017,11.803214073181152,11.820642583863716,11.807692127308478,11.81684407549573,1114
11.681658744812012,11.66732406616211,11.70853435985006,11.762795613929958,11.695722579956055,11.71152036880321,11.704592622252235,11.682321757086974,1115
12.681857109069824,12.684529304504395,12.644226849094036,12.616383356029054,12.607598304748535,12.604100377528743,12.639782550162431,12.652100444199013,1116
12.170951843261719,12.173615455627441,12.150135599339718,12.158236048978265,12.14012336730957,12.184860906639408,12.16298720352602,12.16652967039673,1117
11.779106140136719,11.793569564819336,11.8562503265125,11.848720382306869,11.862184524536133,11.855714664698901,11.832590933835078,11.821778454116515,1118
11.817819595336914,11.783211708068848,11.83654390539926,11.864265304262995,11.847478866577148,11.811880934110318,11.826866718959247,11.804875848746121,1119
11.723085403442383,11.734408378601074,11.731053324687908,11.665245318626548,11.702923774719238,11.660436572494831,11.702858795428662,11.715125034591498,1120
11.598734855651855,11.640813827514648,11.539124567901032,11.530679216810572,11.583141326904297,11.647361586626019,11.589975896901406,11.624830910420766,1121
12.334906578063965,12.332576751708984,12.272779190332978,12.295898315051229,12.294724464416504,12.306302469478998,12.306197961508774,12.317527425678989,1122
11.37005615234375,11.341575622558594,11.340565801552568,11.417183935389753,11.381370544433594,11.363675683663569,11.369071289990304,11.354675652343607,1123
11.47839069366455,11.483182907104492,11.470803288781125,11.452960211987248,11.517766952514648,11.48278170392918,11.48098095966354,11.491178498375909,1124
12.004998207092285,12.006627082824707,12.085710474681733,12.103954384442218,12.088865280151367,12.049337553120811,12.056582163718852,12.035603330117052,1125
11.533829689025879,11.564255714416504,11.62747769260746,11.60956428063939,11.622549057006836,11.633054309096261,11.598455123798722,11.591004061160639,1126
12.179487228393555,12.165573120117188,12.22167162399007,12.174085260178316,12.22696590423584,12.185946732299284,12.192288311535707,12.185326108403325,1127
12.354026794433594,12.365509033203125,12.413411371415336,12.408538467263503,12.156474113464355,12.229907665389424,12.321311240861556,12.294899189570412,1128
12.27902889251709,12.284303665161133,12.281272901530768,12.303953818427138,12.281450271606445,12.272865456699451,12.283812500990338,12.281739217451944,1129
11.787376403808594,11.763863563537598,11.790254206783851,11.793887814380977,11.776652336120605,11.80897792228716,11.786835374486463,11.7747724646344,1130
11.843266487121582,11.767176628112793,11.895194913466593,12.000348786528724,11.912726402282715,11.87545848001585,11.882361949588043,11.82320381978104,1131
11.63995361328125,11.606657028198242,11.531001617258845,11.441931290486007,11.51717472076416,11.59720761580719,11.555654314299282,11.581197696831072,1132
11.86312198638916,11.841336250305176,11.859416561651933,11.76979517808703,11.827877044677734,11.803522874188126,11.827511649216527,11.83269726007314,1133
12.339872360229492,12.340433120727539,12.470766967225261,12.386715797650668,12.415946960449219,12.421894007754098,12.39593820233938,12.375301430448483,1134
12.09009838104248,12.076085090637207,12.108494128033335,12.096477584766754,12.111340522766113,12.073312654750604,12.092634726999416,12.085180029677957,1135
11.540327072143555,11.526182174682617,11.582274587098315,11.51056654727128,11.48220443725586,11.537949963076757,11.529917463588063,11.518944107656033,1136
11.721064567565918,11.716326713562012,11.756014308571755,11.747815596273307,11.742727279663086,11.719501462362302,11.733908321333063,11.724404494689539,1137
11.360557556152344,11.397247314453125,11.40980213872473,11.332763809712333,11.364623069763184,11.369738378204465,11.37245537783503,11.385386858077398,1138
12.290271759033203,12.268672943115234,12.150760223279729,12.173765121480185,12.13985824584961,12.216340497247021,12.206611465000831,12.225728302212577,1139
11.647706031799316,11.64989948272705,11.762046032374425,11.71683018854679,11.773860931396484,11.69276833950426,11.707185167724722,11.690020682813145,1140
11.743840217590332,11.762299537658691,11.639266657054929,11.740430922855651,11.717912673950195,11.714096880814697,11.719641148320749,11.740401302414629,1141
12.128211975097656,12.133289337158203,12.099458102888702,12.101526966169526,12.103259086608887,12.08718870831793,12.108822362706817,12.117812869343986,1142
12.840080261230469,12.83474063873291,12.900162994856906,12.950825714393485,12.912946701049805,12.867654999470473,12.884401884955674,12.860811466802605,1143
11.543939590454102,11.475838661193848,11.501675884280019,11.644438406211691,11.435538291931152,11.489170470339443,11.51510021740171,11.468857681261492,1144
11.393964767456055,11.41556167602539,11.43910247309371,11.20476890494911,11.307937622070312,11.386390985544537,11.35795440485652,11.385505234599169,1145
11.73745346069336,11.735611915588379,11.804019146604457,11.772532789060074,11.793087005615234,11.819854854118155,11.777093195279944,11.76471766380469,1146
12.11077880859375,12.087996482849121,12.045351955188115,12.015609497192706,12.042280197143555,12.058494971948145,12.060085318819233,12.071030040678773,1147
12.101787567138672,12.09915542602539,12.122332938047816,12.14330890168329,12.125802040100098,12.1326032067263,12.120831679953595,12.111527037416796,1148
11.62259292602539,11.652599334716797,11.632965847903193,11.776182062619059,11.643158912658691,11.607491738012934,11.655831803656012,11.642703498458275,1149
11.984108924865723,12.011786460876465,11.797277703494935,11.829869490646885,11.858527183532715,11.909925314368893,11.89858251296427,11.952362056341531,1150
11.65195369720459,11.684106826782227,11.710362406275406,11.708469373312198,11.738147735595703,11.724130269700748,11.702861718145146,11.704260944260572,1151
11.932576179504395,11.917552947998047,11.925418313767512,11.94023089415924,11.960742950439453,11.91291878123378,11.931573344517071,11.927574190609532,1152
12.333294868469238,12.346944808959961,12.294740073687027,12.312425772975585,12.32128620147705,12.272322849341574,12.31350242915174,12.327554852706607,1153
11.631970405578613,11.648508071899414,11.703569976074867,11.669735149851995,11.656917572021484,11.656278904682793,11.66116334668486,11.653370146913911,1154
12.341926574707031,12.325175285339355,12.309954784210149,12.371051268089674,12.342915534973145,12.269646983857417,12.326778405196128,12.320401643889841,1155
12.264791488647461,12.263346672058105,12.161713616651026,12.152787083013482,12.147780418395996,12.158491524585955,12.191485133892003,12.215921049569285,1156
12.10684585571289,12.128046035766602,12.127805797543294,12.092657096442514,12.122079849243164,12.142508710020216,12.119990557454779,12.128839261155086,1157
12.240699768066406,12.236795425415039,12.236996242645914,12.257428014782382,12.237983703613281,12.232588323225325,12.240415246291391,12.236435279219734,1158
12.316427230834961,12.283016204833984,12.376053704824761,12.361319903905626,12.387262344360352,12.386872625715396,12.351825335745845,12.327280109078737,1159
12.140536308288574,12.11292839050293,12.132267604830007,12.081894845832391,12.118782043457031,12.100463465292037,12.114478776367163,12.112975507232322,1160
11.86581039428711,11.849298477172852,11.903900189611502,11.918716991323947,11.890426635742188,11.882738903987118,11.885148598687453,11.866109974069534,1161
12.331174850463867,12.333342552185059,12.215370092927627,12.277825135724203,12.210927963256836,12.288112746909421,12.276125556911168,12.293060405989005,1162
11.711729049682617,11.697988510131836,11.763712631755821,11.767079906683962,11.725737571716309,11.765827623849393,11.738679215636656,11.717224892826271,1163
11.74913501739502,11.783214569091797,11.846512068121237,11.85363201747952,11.816264152526855,11.792109589009074,11.806811235603917,11.794489913492388,1164
12.179965019226074,12.181997299194336,12.162283876771815,12.200987467290778,12.161195755004883,12.132689058026909,12.169853079252468,12.16867922111254,1165
12.248044967651367,12.259115219116211,12.307229629534156,12.294639560867067,12.319284439086914,12.294664997720796,12.287163135662752,12.280701392137187,1166
12.36827278137207,12.378578186035156,12.531869663532222,12.482131363711884,12.435384750366211,12.399093800260411,12.43255509087966,12.400069265678722,1167
12.157611846923828,12.167093276977539,12.133430036988953,12.177178233779765,12.162548065185547,12.151656156391484,12.158252936041187,12.162601456608353,1168
12.2730712890625,12.238899230957031,12.243095215311637,12.264167813730102,12.223610877990723,12.240094135254049,12.247156427051008,12.23548595173547,1169
13.15456771850586,13.15475845336914,13.157068608395758,13.163244220761582,13.230279922485352,13.281365356736476,13.190214046709029,13.19292930774153,1170
12.053079605102539,12.022130012512207,11.884169111696213,11.892059669969656,11.926117897033691,12.045083506088949,11.970439967067207,11.998312212538375,1171
12.019323348999023,12.017312049865723,12.031381411709992,12.029169387493342,12.004999160766602,12.006071094977901,12.018042742302098,12.012973918367411,1172
11.998268127441406,12.001436233520508,12.018033491119368,12.018082301546936,11.997568130493164,11.996913555991378,12.005050306685462,12.000273879630903,1173
12.325862884521484,12.270694732666016,12.353493664890744,12.493884888490067,12.348023414611816,12.297663335051274,12.348270486705232,12.296132306908444,1174
12.296034812927246,12.300642967224121,12.340356870361148,12.30887493197989,12.302587509155273,12.292709099195003,12.30686769847378,12.301037963071051,1175
12.613186836242676,12.612222671508789,12.575950046520195,12.61047439745749,12.601668357849121,12.614543933126853,12.604674373784187,12.608957899443608,1176
11.706893920898438,11.708978652954102,11.808506742987742,11.830914887895423,11.80944538116455,11.821027266784736,11.780961142114165,11.753787625556178,1177
11.605202674865723,11.613434791564941,11.588283532815673,11.629330814403726,11.625873565673828,11.60835619641278,11.611746929289446,11.61493882231691,1178
11.771736145019531,11.78388786315918,11.771193892960243,11.766103629027194,11.778777122497559,11.809086385251952,11.780130839652609,11.786198528706443,1179
11.43412971496582,11.413799285888672,11.516993162128225,11.442862915333633,11.519451141357422,11.516536035822279,11.473962042582675,11.458526973063787,1180
12.33877182006836,12.376550674438477,12.401039285111231,12.409457490405295,12.303439140319824,12.315140556483996,12.35739982780453,12.349901948036727,1181
12.609609603881836,12.615859985351562,12.626412803767979,12.619241659439334,12.60147476196289,12.59404780369056,12.611107769682361,12.609268417730423,1182
13.233564376831055,13.266311645507812,13.13133636539971,13.112170042835146,13.167370796203613,13.205299497267198,13.186008787340754,13.228790125357754,1183
11.895431518554688,11.878534317016602,11.927810510823932,11.903703506594386,11.911026000976562,11.91678811007203,11.905548994006367,11.893837916424909,1184
12.26601791381836,12.299969673156738,12.17356296946168,12.186211974122378,12.194123268127441,12.239149825666741,12.226505937392224,12.26104678025011,1185
11.701583862304688,11.689898490905762,11.735260215017076,11.752230397337533,11.73122501373291,11.75608984764407,11.727714637823674,11.711590012508589,1186
11.465112686157227,11.534991264343262,11.582713265377732,11.578371468003098,11.572355270385742,11.600234169739409,11.555629687334411,11.555639244998076,1187
12.52919864654541,12.53618049621582,12.52316730408306,12.52516836732305,12.509966850280762,12.518328474550726,12.523668356499805,12.526639556359287,1188
12.134697914123535,12.141561508178711,12.136166239309235,12.122732990867934,12.148348808288574,12.149075076082712,12.138763756141783,12.144226771754713,1189
12.159302711486816,12.168561935424805,12.193467058808793,12.203437515720607,12.196423530578613,12.221097262587957,12.190381669101265,12.184252573175375,1190
12.160497665405273,12.19680404663086,12.017681014782378,12.00002233970468,12.045125961303711,11.965079432062266,12.064201743314861,12.11856932744901,1191
12.056872367858887,12.069202423095703,12.057893410915083,12.111612977361096,12.093589782714844,12.07153665060944,12.07678460209251,12.07517306688456,1192
11.707688331604004,11.748144149780273,11.766193556493734,11.76251892894783,11.724888801574707,11.722133786632574,11.73859459250552,11.738957906851933,1193
11.994978904724121,11.986763000488281,11.984955918018395,11.992068365615333,11.996017456054688,12.003801595653686,11.993097540092416,11.99161695270745,1194
11.956464767456055,11.949580192565918,11.878120716166965,11.903449588437915,11.873180389404297,11.866902563217531,11.904616369541445,11.916022423111896,1195
12.008613586425781,12.019861221313477,12.0371370633176,12.020992591394556,12.010146141052246,11.99873237023921,12.015913828957146,12.014708866440682,1196
12.3663330078125,12.372000694274902,12.313693479459346,12.286031953366445,12.346139907836914,12.358038598263981,12.340372940169013,12.361831551852182,1197
11.943309783935547,11.940241813659668,11.902096277788226,11.940868392455787,11.894282341003418,12.005335555960901,11.937689027467258,11.938080642016782,1198
12.037405967712402,12.039730072021484,12.09550472984987,12.102646171044308,12.090362548828125,12.058690372723614,12.0707233103633,12.056634099208814,1199
11.877015113830566,11.860227584838867,11.86245639187152,11.850081684210116,11.849571228027344,11.851434963590815,11.858464494394871,11.856328979033497,1200
11.476887702941895,11.477123260498047,11.528267375052664,11.521863387222346,11.550387382507324,11.534511932613709,11.514840173472663,11.505386879528524,1201
12.178951263427734,12.195169448852539,12.21049789804475,12.211493164229802,12.203546524047852,12.185458998103325,12.197519549451,12.196142977846318,1202
11.763343811035156,11.785266876220703,11.873640751282025,11.7651487766559,11.82000732421875,11.779571713872452,11.797829875547498,11.795412164058234,1203
12.213977813720703,12.220272064208984,12.276586999071293,12.278295426673596,12.264845848083496,12.272545999079902,12.25442069180633,12.240905610393213,1204
11.895706176757812,11.899391174316406,11.885703324759474,11.90297365042617,11.912403106689453,11.910536663124304,11.901119016012268,11.903895724054305,1205
12.541589736938477,12.537574768066406,12.537437847980248,12.471635880933867,12.49544620513916,12.475836849809152,12.509920214811219,12.51769957926263,1206
11.695655822753906,11.726475715637207,11.674459222762096,11.666857340744425,11.694323539733887,11.690704728887859,11.691412728419897,11.711561606196332,1207
12.277172088623047,12.268173217773438,12.239476832108803,12.229109538366668,12.190988540649414,12.180828494754373,12.230958118712627,12.234943683193315,1208
11.850029945373535,11.882305145263672,11.890725174410205,11.876651961314955,11.875515937805176,11.861718127839376,11.872824382001154,11.87769135477473,1209
12.616903305053711,12.58857250213623,12.58714353679217,12.64187905584119,12.645669937133789,12.575028201463585,12.60919942307011,12.600320628819231,1210
12.194212913513184,12.172329902648926,12.139833415235906,12.16168251845364,12.173904418945312,12.17140057973505,12.168893958088669,12.171621431013685,1211
12.290811538696289,12.317215919494629,12.242034143905185,12.206263923439503,12.285771369934082,12.282182611614111,12.270713251180632,12.301913878885678,1212
11.326492309570312,11.354424476623535,11.272149491540688,11.277660185681704,11.281235694885254,11.284694543901074,11.299442783700428,11.323349808851349,1213
11.845109939575195,11.876752853393555,11.689327876508788,11.699454500653223,11.7522611618042,11.720204394182492,11.763851787686242,11.816603028526968,1214
11.783180236816406,11.763776779174805,11.768718211808945,11.77101808571985,11.77546501159668,11.779249953214961,11.77356804638861,11.769176038329753,1215
11.607877731323242,11.597559928894043,11.683570408800199,11.657717973808722,11.67066478729248,11.634138143546025,11.641921495610786,11.623559594745593,1216
11.77730941772461,11.764933586120605,11.757724074976414,11.783869469082425,11.787995338439941,11.738369917678659,11.768366967337109,11.76620011036644,1217
12.339570999145508,12.352542877197266,12.36936363338614,12.458132065693206,12.39806842803955,12.424644783702309,12.390387131193997,12.375345409068698,1218
11.246964454650879,11.25737190246582,11.21597453870813,11.017578732011005,11.143980979919434,11.178312585056744,11.176697198802003,11.216248958363153,1219
11.385899543762207,11.396817207336426,11.512452854826964,11.485309564999959,11.498762130737305,11.474201678085702,11.458907163291427,11.43705643190041,1220
11.518989562988281,11.509746551513672,11.69833771570284,11.57671343580564,11.64942741394043,11.64949442845159,11.600451518067075,11.571011167377785,1221
11.737485885620117,11.735527992248535,11.730962353138686,11.72219059059923,11.744601249694824,11.770555631150438,11.740220617075307,11.743059267017955,1222
11.931617736816406,11.94559097290039,11.980638129608836,11.961468454655826,11.972264289855957,11.93380455561722,11.954230689909105,11.951269692965312,1223
11.865446090698242,11.846367835998535,11.665490595052214,11.847509193311437,11.755362510681152,11.689769996682518,11.778324370404016,11.794552772045549,1224
12.234304428100586,12.242424964904785,12.125642875906838,12.201165832017375,12.185026168823242,12.198549072165148,12.197852223652994,12.218215276435904,1225
11.85444164276123,11.865666389465332,11.838490892913875,11.83067090324587,11.847517967224121,11.819465279158223,11.842708845794775,11.853260645135045,1226
12.349784851074219,12.326476097106934,12.288089317367378,12.222240956729848,12.26076602935791,12.263559238752638,12.285152748398154,12.299562124517484,1227
11.907243728637695,11.895010948181152,11.859129778878874,11.895457429997172,11.844660758972168,11.871815407622629,11.878886342048283,11.878095730915607,1228
12.807770729064941,12.795319557189941,12.737025348043964,12.794452462061102,12.803568840026855,12.802704925046028,12.790140310238804,12.796779161275342,1229
11.870023727416992,11.866562843322754,11.91462016930928,11.866593179237881,11.876769065856934,11.805542212236833,11.866685199563447,11.860943790242965,1230
12.208048820495605,12.231082916259766,12.214290988676295,12.173447056385793,12.204854965209961,12.214758360253702,12.207747184546854,12.221666279086495,1231
11.80057144165039,11.794771194458008,11.885191487962976,11.824483968866435,11.889004707336426,11.903555457219678,11.849596376248988,11.837288958013463,1232
11.501157760620117,11.530365943908691,11.538668191951714,11.609980737864474,11.537214279174805,11.551067725690865,11.544742439868445,11.535499324535982,1233
11.751054763793945,11.79202938079834,11.838220688749237,11.803521911280626,11.84195613861084,11.814007053045412,11.806798322713066,11.80895229542183,1234
11.617681503295898,11.643068313598633,11.53758182548207,11.64948869442908,11.670195579528809,11.60323173351039,11.620207941640814,11.640393240190825,1235
11.885951042175293,11.864520072937012,11.856406548960116,11.847605934284136,11.87913990020752,11.919507944468853,11.875521907172155,11.87640700268361,1236
12.019180297851562,12.048580169677734,12.012953771090428,11.988498121709114,12.011872291564941,12.020492232670366,12.016929480760693,12.034231347140448,1237
12.262927055358887,12.268299102783203,12.26481530538097,12.291312925179215,12.260642051696777,12.260924816917793,12.26815354288614,12.265185053389958,1238
11.832627296447754,11.825685501098633,11.836562989807293,11.883121495569176,11.822439193725586,11.841478550343757,11.840319171165367,11.827672032449957,1239
12.357943534851074,12.360655784606934,12.26133396194186,12.314659025786616,12.304892539978027,12.328572913067907,12.321342960038736,12.339189850958938,1240
12.245733261108398,12.244126319885254,12.256556632996622,12.242057803172788,12.239070892333984,12.244445933733278,12.245331807205053,12.24330769489036,1241
12.467541694641113,12.45242691040039,12.335974517943091,12.411042207519793,12.363710403442383,12.353561431812533,12.397376194293217,12.412038396968242,1242
12.054189682006836,12.07021713256836,12.043265867174037,11.994191074697504,11.811982154846191,11.879245800810505,11.975515285350573,11.976825095105957,1243
13.000933647155762,13.008485794067383,12.955481115424544,13.023323118052085,12.986572265625,12.9258369445389,12.983438814143947,12.988733995352888,1244
12.24090576171875,12.234333992004395,12.308673811502302,12.227089752128435,12.293368339538574,12.251407465039435,12.259296520321982,12.25353045035362,1245
12.208686828613281,12.200398445129395,12.15550492040253,12.14293887125747,12.113851547241211,12.151594709050606,12.16216255361575,12.170420652142594,1246
12.195472717285156,12.202459335327148,12.200064062628519,12.199851570135865,12.19190502166748,12.202521270370044,12.198712329569036,12.199829925883382,1247
11.899090766906738,11.883316040039062,11.849454549417981,11.901709664206072,11.896113395690918,11.892578437273395,11.887043808922362,11.886887158817096,1248
11.842487335205078,11.86298942565918,11.87654356334565,11.871603348490458,11.871426582336426,11.794364297082144,11.85323575868649,11.85474981923007,1249
11.688353538513184,11.687390327453613,11.762273812944132,11.771054306146976,11.752449989318848,11.733041619494266,11.732427265645171,11.712520421240052,1250
12.5564546585083,12.54773998260498,12.398743481243008,12.519599715818112,12.409722328186035,12.433715191053475,12.477662559568985,12.492040525732516,1251
12.13471794128418,12.121097564697266,12.083240201543735,12.089399990337968,12.074878692626953,12.094040244220148,12.099562439118374,12.104528971576297,1252
11.56893253326416,11.59673023223877,11.713505159514087,11.69506215927307,11.690482139587402,11.681270724023786,11.657663824650212,11.636122780922193,1253
12.529365539550781,12.495952606201172,12.45435589220854,12.508736381343924,12.489233016967773,12.47711681065107,12.492460041153876,12.490170926933708,1254
12.149674415588379,12.128151893615723,12.115195883155678,12.123164649352288,12.130213737487793,12.177808969894608,12.137368258182413,12.136010414393166,1255
11.76913070678711,11.810050964355469,11.751187810585575,11.77300744389915,11.770755767822266,11.774808966721324,11.774823610028482,11.793280883474011,1256
12.63619327545166,12.641746520996094,12.616596018756004,12.561053219260039,12.641075134277344,12.631265485447962,12.621321609031517,12.63921770868372,1257
11.334977149963379,11.330889701843262,11.384889321280333,11.363241882891947,11.36877155303955,11.374188552566805,11.35949302693088,11.348428864013615,1258
12.181116104125977,12.171682357788086,12.116710083862328,12.11334793705057,12.130934715270996,12.132876489536722,12.141111281272446,12.15411701559562,1259
11.996963500976562,12.006746292114258,11.918947700789392,11.872572073963454,11.89626693725586,11.940736534142337,11.938705506540309,11.967012376860554,1260
12.168562889099121,12.147672653198242,12.106711031025771,12.16291001662455,12.11007308959961,12.095578830888892,12.131918085072698,12.129212332305768,1261
11.731245040893555,11.72459602355957,11.737579393998663,11.725171758650063,11.75354290008545,11.728244672661276,11.733396631641432,11.732589251163445,1262
11.850936889648438,11.829560279846191,11.792518554169204,11.828053640812938,11.853190422058105,11.809404051297895,11.827277306305461,11.83109376438887,1263
12.050867080688477,12.067887306213379,12.09056383594536,12.066265304001048,12.035690307617188,12.037358038678237,12.058105312190614,12.055955401131305,1264
12.005579948425293,12.0018949508667,12.035644987481673,12.010743332069156,12.027271270751953,12.02029873528631,12.016905537480179,12.011922311734601,1265
12.10094928741455,12.113142013549805,12.074335047855078,12.030571865404681,12.04543399810791,12.048018273612838,12.068741747657477,12.085385707119965,1266
11.706595420837402,11.737689018249512,11.82021247799043,11.957568839005418,11.849747657775879,11.839917355242099,11.818621794850124,11.783294753742304,1267
12.734635353088379,12.736002922058105,12.711889926933607,12.762230510567457,12.730656623840332,12.762807334548237,12.73970377850602,12.738173591365578,1268
12.784151077270508,12.825291633605957,12.900787146993245,12.905484329407294,13.010453224182129,12.905246254188189,12.888568944274553,12.885018956832159,1269
11.835260391235352,11.825752258300781,11.840657066217107,11.825555936495425,11.846296310424805,11.81979461698048,11.832219429942326,11.830259773295204,1270
12.327223777770996,12.38467025756836,12.294640083206891,12.319091107937584,12.26382064819336,12.210332894997423,12.299963128279103,12.325474667098804,1271
12.063398361206055,12.05536937713623,12.031543434035967,12.074323363006998,12.045787811279297,12.036914496831347,12.051222807249315,12.049468207790884,1272
11.774842262268066,11.756879806518555,11.850750917245483,11.80198862183365,11.820552825927734,11.808718995143357,11.802288904822808,11.7831894612446,1273
12.030932426452637,12.073705673217773,12.014374732663425,12.045408320242332,12.02073860168457,12.060064877082254,12.040870771890498,12.056958215843034,1274
11.82148265838623,11.884111404418945,11.705211354744781,11.793735901899408,11.726457595825195,11.785155066182623,11.786025663576197,11.825107372482584,1275
11.866740226745605,11.812198638916016,11.873353182073597,11.864024725323132,11.855299949645996,11.834630894709345,11.85104126956895,11.827966886330024,1276
11.998200416564941,11.999794960021973,12.027633288104926,12.025475505258441,12.025742530822754,11.97753347604072,12.009063362802292,12.003455422208228,1277
12.164509773254395,12.155838966369629,12.116990562895642,12.126452486841073,12.104812622070312,12.13077938942668,12.13323063347629,12.13838235367133,1278
12.414051055908203,12.420668601989746,12.490080518683632,12.466837152241252,12.492508888244629,12.495961771048163,12.463351331352605,12.451906629793992,1279
11.353964805603027,11.225869178771973,11.518205692555645,11.446211819168953,11.290990829467773,11.325983679210777,11.36020433412969,11.265834125437548,1280
12.252134323120117,12.262348175048828,12.275436865705798,12.266219276502168,12.259822845458984,12.254043786124939,12.261667545326807,12.260821440116448,1281
12.204689979553223,12.183414459228516,12.127460472892475,12.111359402704679,12.133772850036621,12.13343554387739,12.149022118048817,12.161915216279176,1282
11.917464256286621,11.943970680236816,11.915621964703705,11.869275571731967,11.909086227416992,11.917419177762177,11.91213964635638,11.930517125785883,1283
11.833271026611328,11.844846725463867,11.922762477181518,11.900869360461538,11.905003547668457,11.851984989580448,11.876456354494527,11.862873215153105,1284
12.116191864013672,12.099491119384766,12.123480956206421,12.15651366848816,12.173758506774902,12.119101688459338,12.13142296722121,12.121323633716546,1285
11.781676292419434,11.786348342895508,11.763844592967674,11.796934823372771,11.773873329162598,11.782452761451518,11.780855023711583,11.782048982331599,1286
11.922607421875,11.931286811828613,11.968159954078272,12.001641561537305,11.97799015045166,11.977705671237565,11.963231928501402,11.950960247384176,1287
12.081742286682129,12.086318969726562,12.162902212653524,12.068717963782248,12.089503288269043,12.106253429368838,12.099239691747057,12.092430751318702,1288
12.439765930175781,12.456172943115234,12.455549228471941,12.50770170781989,12.470941543579102,12.488915873424936,12.469841204431148,12.464849672828475,1289
12.558728218078613,12.555450439453125,12.531965161142235,12.547267077944626,12.542597770690918,12.53475962379057,12.545128048516682,12.54841465774475,1290
11.961807250976562,11.977432250976562,12.027663455226676,11.989409787920627,11.994776725769043,11.976607805326445,11.987949546032652,11.982989875743565,1291
11.66444206237793,11.678539276123047,11.678507340656894,11.670703848640745,11.66502857208252,11.70239795573548,11.676603175936101,11.678965441112423,1292
11.766888618469238,11.72121810913086,11.68300865640554,11.687348940825611,11.672199249267578,11.741810632500055,11.712079034433145,11.711379188445928,1293
12.077325820922852,12.094708442687988,12.10268588033966,12.046618248505993,12.103401184082031,12.118014984125141,12.090459093443945,12.10068703969683,1294
11.675485610961914,11.65870475769043,11.70428769657049,11.658925623901775,11.677511215209961,11.676185629981733,11.67518342238605,11.667333897208769,1295
11.731258392333984,11.751446723937988,11.825503505089223,11.817467997629667,11.817272186279297,11.84822228411764,11.798528514897967,11.784701831257834,1296
11.928658485412598,11.91391372680664,11.881655501700548,11.90031310420457,11.906898498535156,11.930027043739008,11.910244393399752,11.913775602023708,1297
11.906665802001953,11.899712562561035,11.876838881918468,11.879363302803856,11.84340763092041,11.893074094076951,11.88317704571378,11.884305628536548,1298
12.019177436828613,12.051837921142578,12.05103781194076,12.079482686435956,12.043356895446777,12.047751835423586,12.04877409786971,12.049113640951232,1300
12.322977066040039,12.322277069091797,12.326762424613761,12.32886866231979,12.337769508361816,12.331963966025357,12.32843644940876,12.327687879313679,1301
11.939678192138672,11.970894813537598,11.981489491356307,11.944278053493314,11.971683502197266,11.995396642494864,11.967236782536338,11.975211754628186,1302
12.59511947631836,12.605119705200195,12.617015496950762,12.661891080372094,12.638055801391602,12.633332109593109,12.62508894497102,12.617878183993684,1303
12.313797950744629,12.304285049438477,12.327082689404513,12.318267520106874,12.323606491088867,12.307497534229991,12.315756205835557,12.310153217601554,1304
11.895352363586426,11.911937713623047,11.849889524466862,11.823489270328214,11.863520622253418,11.901577086983071,11.874294430206838,11.896729570191422,1305
12.688848495483398,12.690386772155762,12.65217737555028,12.626189954702827,12.648645401000977,12.6555090730193,12.660292845318757,12.673679848627526,1306
12.209616661071777,12.214012145996094,12.1744431485367,12.20649333259306,12.19994831085205,12.181510895224317,12.197670749045665,12.20437332136935,1307
11.871537208557129,11.874587059020996,11.846054056919689,11.865176077075393,11.8540620803833,11.865860256748814,11.862879456450889,11.867399908013766,1308
11.913634300231934,11.897613525390625,11.892426915451912,11.867801661583133,11.912470817565918,11.88533915184711,11.894881062011772,11.899167357123487,1309
12.066601753234863,12.065136909484863,12.054956445275502,12.045929692449448,12.042756080627441,12.05673621505916,12.055352849355211,12.058083608846497,1310
12.649558067321777,12.708890914916992,12.72456390978756,12.672429337121821,12.657170295715332,12.627725335583985,12.67338964340791,12.684115562029998,1311
12.242582321166992,12.242459297180176,12.187756305498592,12.208962060219251,12.217707633972168,12.249759529256107,12.224871191215549,12.235976826006942,1312
12.67219352722168,12.631322860717773,12.672220838165533,12.649754523360889,12.644135475158691,12.556720676663526,12.63772465021468,12.624014299036176,1313
12.688809394836426,12.682318687438965,12.638263092805536,12.806136304821859,12.704376220703125,12.68601474011435,12.70098640678671,12.686979981131458,1314
11.637221336364746,11.628049850463867,11.717422537345099,11.702488503531326,11.707383155822754,11.688259100091605,11.680137413936565,11.659344269350314,1315
12.212976455688477,12.198280334472656,12.191059022418367,12.11195128281292,12.176145553588867,12.148611524771725,12.173170695625501,12.18494559142817,1316
12.539998054504395,12.577656745910645,12.575971308824174,12.53596875220859,12.536197662353516,12.575146456180875,12.556823163330364,12.567124199095135,1317
12.206561088562012,12.20136547088623,12.177652422988558,12.154498110626541,12.13903522491455,12.200879187282698,12.179998584210098,12.1854255369822,1318
12.512600898742676,12.503467559814453,12.466282895068343,12.466097934829714,12.498709678649902,12.48830959782132,12.489244760821068,12.498864826785931,1319
11.564051628112793,11.566946029663086,11.671374682818627,11.654267422378163,11.64389705657959,11.610007951570648,11.618424128520482,11.59542856559713,1320
12.046297073364258,12.010529518127441,11.935806353085187,12.0584045543034,12.001684188842773,11.991141402491495,12.00731051503576,12.003178968503251,1321
11.208842277526855,11.244758605957031,11.294669668163039,11.133763493391832,11.24642276763916,11.202455474084012,11.221818714460321,11.240029447698488,1322
12.377403259277344,12.373090744018555,12.260350604756203,12.314750138877978,12.299177169799805,12.290249995372738,12.319170318683769,12.338909790865776,1323
11.37315845489502,11.373687744140625,11.20559360545809,11.18894243824198,11.203767776489258,11.23029558378107,11.262574267167674,11.305091699595781,1324
12.55465316772461,12.565278053283691,12.510473266070127,12.558872060558851,12.542877197265625,12.577968279126726,12.551687004004938,12.56020437620004,1325
10.97573471069336,11.060145378112793,11.065946753791264,11.104528727278522,11.102058410644531,11.072164136094308,11.063429686102461,11.072389336341034,1326
11.381980895996094,11.3580961227417,11.358622080996739,11.470413404443946,11.289586067199707,11.282026836120718,11.356787567916484,11.329586031269457,1327
11.792708396911621,11.81060791015625,11.724913697517389,11.663932323441108,11.748279571533203,11.835824172755993,11.762711012052593,11.79686539301126,1328
12.221282958984375,12.179943084716797,12.061957817489342,12.17418842177316,12.126203536987305,12.25824567615293,12.170303582683985,12.17561860125573,1329
12.114596366882324,12.11137866973877,12.116236222529304,12.095039800799032,12.11442756652832,12.137174641357678,12.114808877972571,12.116280189790672,1330
12.42375373840332,12.405548095703125,12.418302544789615,12.444302457502253,12.428893089294434,12.415265007040702,12.422677488788906,12.413116118554896,1331
11.778989791870117,11.763996124267578,11.797958876947245,11.805817211479027,11.792891502380371,11.770626305011216,11.785046635325926,11.773052576497275,1332
11.598586082458496,11.584840774536133,11.652756114979374,11.630318111164662,11.653550148010254,11.642754330517189,11.627134260277685,11.612566123959699,1333
11.767857551574707,11.761085510253906,11.780307728942871,11.790818278233848,11.804036140441895,11.765743527371399,11.778308122803105,11.772826716659353,1334
11.639384269714355,11.612404823303223,11.675304082860377,11.700774447757487,11.678228378295898,11.643434697601576,11.658255116588819,11.635094318680569,1335
11.985095977783203,11.994196891784668,12.021579440612358,11.987183643951688,11.983705520629883,12.002636821076909,11.995733049306452,11.993755477827493,1336
11.829902648925781,11.840150833129883,11.895263829284712,11.909262283095769,11.902125358581543,11.892352040833332,11.878176165641838,11.864973914082652,1337
11.040254592895508,11.046375274658203,11.073191856094855,11.05134589830611,10.964235305786133,11.025500435984394,11.0334838939542,11.023910018185155,1338
12.390300750732422,12.37621021270752,12.304394046803182,12.296207492940752,12.296689987182617,12.29472699659364,12.326421581160021,12.342068471140834,1339
11.75742244720459,11.746601104736328,11.740202107005045,11.774060499522376,11.74170207977295,11.72846248500524,11.748075120541088,11.742396928891239,1340
11.59989070892334,11.583003044128418,11.578584681991241,11.608849053900396,11.589057922363281,11.621037400184516,11.596737135248533,11.590272143129063,1341
12.001691818237305,12.009265899658203,11.991145096090696,12.00436442258704,11.974858283996582,11.975898760370693,11.992870713490086,11.995164938783033,1342
12.40456485748291,12.411521911621094,12.482178874783276,12.423551195316547,12.464629173278809,12.46181976794383,12.441377630071079,12.434342954444118,1343
12.006534576416016,12.048209190368652,12.061470602086892,12.060038781898456,12.097646713256836,12.102090133043266,12.062664999511687,12.069022349029588,1344
12.205918312072754,12.197898864746094,12.112703785509838,12.146880580480937,12.128918647766113,12.148979052575799,12.156883207191923,12.171004805840441,1345
11.407966613769531,11.384937286376953,11.412729247771273,11.392609281238226,11.425504684448242,11.370802966422833,11.39909168000451,11.393421142867545,1346
12.477005004882812,12.428115844726562,12.53597167477037,12.506161777102806,12.490591049194336,12.47385640674634,12.485283626237203,12.4535915865357,1347
12.649680137634277,12.621594429016113,12.562415527672238,12.483083256858542,12.560977935791016,12.588712259272839,12.57774392437417,12.599992417661257,1348
12.373778343200684,12.399374961853027,12.359352221097927,12.435460783499424,12.407721519470215,12.447596603369934,12.403880738748535,12.407751028225302,1349
11.80077838897705,11.83296012878418,11.79876604167183,12.068928079268895,11.975837707519531,11.926060759132886,11.900555184225729,11.881245119691544,1350
12.133594512939453,12.116823196411133,12.11417578948787,12.130723675806776,12.140487670898438,12.076722742288844,12.118754597972085,12.116261015684312,1351
12.03245735168457,12.050524711608887,11.967915524010772,11.980027415620402,11.989099502563477,11.997612598509502,12.002939517332935,12.02492333091141,1352
11.78066635131836,11.833463668823242,11.70031466935094,11.671236251321687,11.760055541992188,11.7616982023496,11.75123911419267,11.800535993664461,1353
12.806695938110352,12.814993858337402,12.826835834374812,12.852501344225457,12.853496551513672,12.869448236842764,12.837328627234077,12.83319308291939,1354
12.375523567199707,12.369401931762695,12.34107940025801,12.366996155407936,12.352412223815918,12.393613329042056,12.366504434581053,12.368211687207776,1355
12.13296890258789,12.12265682220459,12.180767335312177,12.193512941282565,12.168641090393066,12.185274890305644,12.163970330347654,12.145297166688175,1356
11.570918083190918,11.57643985748291,11.631397275567258,11.618271242409886,11.63353157043457,11.634442057421278,11.610833347751138,11.600973287749818,1357
12.01144790649414,12.006206512451172,11.964943640821481,11.946907718202125,11.970881462097168,12.000654314276433,11.983506925723754,11.995540032158345,1358
11.993205070495605,12.000924110412598,12.04034067000262,12.067445427930341,12.035429000854492,12.027655169011133,12.027499908117798,12.014635773491458,1359
12.799344062805176,12.802486419677734,12.878622025572547,12.88482579169652,12.860688209533691,12.835428209066212,12.843565786391979,12.82400405548879,1360
12.14719009399414,12.106709480285645,12.220714372445295,12.24486824189991,12.201391220092773,12.146172990361187,12.177841066513158,12.139226843910157,1361
12.492557525634766,12.531365394592285,12.363545047205017,12.441569280102902,12.397232055664062,12.430070365635293,12.442723278139054,12.478045617278816,1362
11.685891151428223,11.695991516113281,11.765073981810717,11.729179948521157,11.720183372497559,11.77689733424797,11.728869550769817,11.716494991848942,1363
12.038453102111816,12.042359352111816,11.942886430525178,12.036817305778458,11.990729331970215,12.036250957980855,12.01458274674639,12.025940738125524,1364
11.830251693725586,11.851696968078613,11.901109219191238,11.834166597751253,11.896262168884277,11.89494331776752,11.86807166089975,11.870721205717327,1365
12.255427360534668,12.264616012573242,12.299659019057824,12.258815151139762,12.249185562133789,12.237963803297328,12.260944484789436,12.257729856662975,1366
12.193611145019531,12.199499130249023,12.194776655208113,12.27313675273349,12.231467247009277,12.22737565356582,12.21997776396421,12.211485367564835,1367
11.801273345947266,11.813338279724121,11.845128617635654,11.876889524380768,11.83855152130127,11.80729123302962,11.830412087003117,11.819460576978965,1368
11.80993938446045,11.799442291259766,11.859946862330844,11.849639153012653,11.854854583740234,11.858039555715015,11.838643638419827,11.823821235412861,1369
12.393478393554688,12.389774322509766,12.440078959986698,12.433726662659335,12.437498092651367,12.430740090166612,12.420882753588076,12.409238257250333,1370
11.59182357788086,11.606995582580566,11.648873658806297,11.717765987961968,11.675352096557617,11.603396685424306,11.640701264868602,11.62429559336544,1371
12.148282051086426,12.117756843566895,12.111970991387192,12.122245460276975,12.093902587890625,12.042393872828315,12.106091967839404,12.100043452297978,1372
12.463179588317871,12.467275619506836,12.398876486351616,12.414040452619465,12.435179710388184,12.427955130291892,12.434417831245979,12.451344942453574,1373
13.099047660827637,13.12043571472168,13.173699407252792,13.055897065404455,13.137561798095703,13.082831217141761,13.111578810574004,13.120299998005814,1374
12.413252830505371,12.412078857421875,12.40801587559902,12.411913017704627,12.421025276184082,12.449277046048502,12.419260483910579,12.41993197067679,1375
12.430299758911133,12.425689697265625,12.434227692027394,12.447818984765952,12.481585502624512,12.51793941142617,12.456260174503464,12.453913352037913,1376
11.4410400390625,11.440818786621094,11.493437546158061,11.44263547611472,11.450325965881348,11.447881803334317,11.45268993619534,11.445766629575301,1377
11.780138969421387,11.773538589477539,11.811723514689744,11.846607260030263,11.802112579345703,11.772832227290358,11.797825523375833,11.78149717040121,1378
11.50827693939209,11.512393951416016,11.466259167950824,11.480877572214371,11.488533973693848,11.499419675102512,11.49262687996161,11.503220453287282,1379
11.921886444091797,11.918685913085938,11.838528466221284,11.958698401323725,11.882013320922852,11.88476627168043,11.900763136221004,11.902139656004332,1380
11.158842086791992,11.140802383422852,11.196806954405298,11.2019805704635,11.14742374420166,11.200509346273519,11.17439418092647,11.153345774416696,1381
12.397560119628906,12.40585994720459,12.272924010358969,12.251215778919404,12.278329849243164,12.298853113807596,12.317457136527105,12.35427458844757,1382
11.98689079284668,11.99190902709961,11.915624821124679,11.95370853992853,11.931431770324707,11.968570032585154,11.958022497318225,11.97132879083687,1383
11.917739868164062,11.92341136932373,11.87151138698457,11.863550533354221,11.808074951171875,11.89496629917157,11.879875734695005,11.88939201103999,1384
11.632139205932617,11.6323881149292,11.662324261514096,11.636959461058051,11.651342391967773,11.643907746606738,11.64317686366808,11.639668785771482,1385
11.581894874572754,11.621011734008789,11.580422791160029,11.537833917560127,11.650787353515625,11.589189156368061,11.593523304530898,11.622120795941147,1386
12.621607780456543,12.601503372192383,12.553770686026906,12.571115760532178,12.587973594665527,12.647956855620116,12.597321341582278,12.6040539716433,1387
11.977645874023438,11.981755256652832,11.94536723116286,11.883520685298748,11.913142204284668,11.920168899389976,11.936933358468755,11.954400081567401,1388
12.768430709838867,12.772196769714355,12.77378352099147,12.825877115420514,12.771446228027344,12.78692258662995,12.783109488437084,12.774353874647243,1389
11.817192077636719,11.816180229187012,11.825467447221428,11.873723510775038,11.827720642089844,11.8430787279471,11.83389377247619,11.823449661962409,1390
12.292089462280273,12.300042152404785,12.364851017468451,12.342919537933309,12.35458755493164,12.321460057066476,12.329324963680824,12.318544760311164,1391
11.784826278686523,11.801628112792969,11.758948550462764,11.708167553734652,11.682063102722168,11.781603979591958,11.752872929665173,11.768159658291163,1392
11.691469192504883,11.707427978515625,11.772085940945336,11.78051509944863,11.753986358642578,11.715662992247857,11.736857927050819,11.721928639668608,1393
11.9004487991333,11.887587547302246,11.807605607625467,11.815011482188329,11.810529708862305,11.901516387615468,11.853783255454521,11.868667839145555,1394
12.3135986328125,12.319585800170898,12.275264105051017,12.3464677093428,12.31935977935791,12.33202633668398,12.31771706056985,12.320176786660648,1395
12.522061347961426,12.550847053527832,12.59418132610064,12.53127837478568,12.582085609436035,12.584753379056536,12.560867848478026,12.564995317224326,1396
11.942206382751465,11.969501495361328,12.030767578303983,12.009349739836939,12.017271995544434,11.98187718279316,11.991829062431883,11.984843294812745,1397
11.87360954284668,11.857026100158691,11.804714740358671,11.83774648619783,11.800613403320312,11.796021711158916,11.82828866400685,11.832267479764718,1398
11.891253471374512,11.868237495422363,11.858801826130742,11.884896839353306,11.856614112854004,11.88466795727696,11.874078617068648,11.867692093021372,1399
11.974477767944336,11.93570327758789,11.941388295167501,11.95784178838644,11.945684432983398,11.94751497059904,11.9504350887781,11.940138368532002,1400
11.740381240844727,11.72989559173584,11.660659004541126,11.66654867511628,11.694300651550293,11.695076934306723,11.697810349682499,11.713789902456947,1401
12.169355392456055,12.159975051879883,12.130042150433313,12.128052927850028,12.143098831176758,12.134350604382618,12.14414582636311,12.151003492718656,1402
12.17270278930664,12.183643341064453,12.16569262421258,12.161183779194733,12.1636323928833,12.15618841210606,12.167173889794627,12.173972775732384,1403
12.488161087036133,12.461874961853027,12.36094536750272,12.433418166111107,12.370635986328125,12.420115399654915,12.42252516141434,12.430219103154036,1404
11.367853164672852,11.374547004699707,11.420558724121054,11.269182425735671,11.38100814819336,11.524143471146294,11.389548823094822,11.400760613358793,1405
12.54637336730957,12.550077438354492,12.578152031022835,12.612197828994224,12.578413009643555,12.584039505065961,12.574875530065107,12.563083007126046,1406
11.758049964904785,11.77728271484375,11.796890190770156,11.818963518401953,11.75731086730957,11.766272375972525,11.77912827203379,11.771277462321553,1407
11.58489990234375,11.578958511352539,11.726410705838708,11.739891935281335,11.70521068572998,11.68217641822468,11.669591359795165,11.630065685784324,1408
11.678462028503418,11.667165756225586,11.601001080951324,11.579277892982294,11.648640632629395,11.63455301625713,11.634850067924857,11.6556484955062,1409
12.215423583984375,12.233423233032227,12.197088543961765,12.217036519125386,12.2058744430542,12.2702362790757,12.22318043370561,12.23139181078672,1410
12.281169891357422,12.283914566040039,12.291734242031902,12.329232259813892,12.291736602783203,12.277682877413712,12.292578406573362,12.285075982641853,1411
11.934187889099121,11.93105697631836,11.922517232020128,11.902144999845548,11.905074119567871,11.886437534504848,11.913569791892646,11.917533515448419,1412
11.476116180419922,11.452691078186035,11.47728672790511,11.413259568239704,11.460854530334473,11.503069759752433,11.463879640806278,11.463241647209246,1413
12.45019817352295,12.458436012268066,12.446337080635882,12.49223132817824,12.43699836730957,12.407950678464404,12.448691940063187,12.44500165522064,1414
12.139069557189941,12.128242492675781,12.182732129288127,12.167131041343776,12.166444778442383,12.18488263849248,12.16141710623875,12.147951866602149,1415
12.287758827209473,12.272634506225586,12.257402749983193,12.271217867643195,12.273130416870117,12.286015694659833,12.274693343765234,12.274395482760298,1416
11.781026840209961,11.792373657226562,11.662672693385238,11.639252869449056,11.662095069885254,11.715219429070277,11.708773426537725,11.744863093690267,1417
12.643370628356934,12.638513565063477,12.65324035540638,12.691405129355548,12.678902626037598,12.673968735168426,12.663233506564728,12.654296903826767,1418
11.804607391357422,11.819317817687988,11.758324722910478,11.795092807925867,11.77304458618164,11.775034962937553,11.78757038150016,11.799378864424849,1419
12.349583625793457,12.378564834594727,12.303095128478803,12.245991936065206,12.28782844543457,12.331168437117082,12.316038734580642,12.346895329215563,1420
12.07791805267334,12.05945873260498,12.014500070242923,12.010881741266227,12.045958518981934,12.03681077623698,12.040921315334396,12.051334711365364,1421
11.84929084777832,11.834519386291504,11.848777148360144,11.870124212767456,11.860237121582031,11.858997181139886,11.853657649653224,11.845007849838652,1422
11.814925193786621,11.81154727935791,11.859187983816762,11.83899265188203,11.864161491394043,11.867326937744409,11.842690256330295,11.834431356169219,1423
12.30891227722168,12.306038856506348,12.18668503967819,12.151400069136214,12.181714057922363,12.176067449338023,12.218469624967137,12.252052811220587,1424
11.827561378479004,11.82259464263916,11.908030726688551,11.89879245930147,11.890504837036133,11.847566713880319,11.865841793004106,11.84550534925471,1425
11.911035537719727,11.91409969329834,11.844364247367276,11.899096238898252,11.872581481933594,11.856973274786279,11.883025079000577,11.89306308629404,1426
12.482574462890625,12.487762451171875,12.393137078042434,12.43323446903424,12.434539794921875,12.447056499211707,12.446384125878794,12.465708782734279,1427
11.826664924621582,11.825051307678223,11.795728178042383,11.81898846423905,11.8198823928833,11.831077998883663,11.819565544391367,11.823877160703878,1428
11.598810195922852,11.609814643859863,11.684915641687743,11.645055366051402,11.650487899780273,11.697653682441093,11.64778957162387,11.635585464415,1429
12.176551818847656,12.162518501281738,12.131381524680556,12.117178553826522,12.096850395202637,12.112824157949847,12.132884158631493,12.13788544536235,1430
12.137960433959961,12.123808860778809,12.105618243015964,12.117541657442253,12.130816459655762,12.136568224026934,12.125385646479948,12.126971909920968,1431
11.799155235290527,11.795613288879395,11.760768448660587,11.781936428060574,11.775320053100586,11.781140036053444,11.782322248340853,11.787403592597334,1432
11.542057037353516,11.545665740966797,11.597001566101131,11.508254144126969,11.57434368133545,11.57820617293388,11.557588057136288,11.559211111865347,1433
12.159002304077148,12.155983924865723,12.118385177604445,12.118408205917627,12.148488998413086,12.13662099770654,12.139481601430761,12.150047911535216,1434
11.971309661865234,11.99951457977295,12.017805124998821,11.961483229406669,12.001233100891113,12.04041885297052,11.99862742498422,12.00683685150826,1435
12.03878116607666,12.079974174499512,12.00745778201345,11.956635309364307,11.97697639465332,12.038904284749236,12.016454851892746,12.04639128928406,1436
11.657841682434082,11.671348571777344,11.674509175933547,11.640892300257441,11.65828800201416,11.677459044462424,11.663389796146499,11.669213039633538,1437
12.725851058959961,12.735719680786133,12.773236896578938,12.62009450512057,12.697003364562988,12.81545646540325,12.727893661901973,12.739807368226451,1438
11.91352367401123,11.922933578491211,11.944578112179284,11.908017351001648,11.934945106506348,11.922442433143683,11.924406709222234,11.926411833055564,1439
12.070826530456543,12.087296485900879,12.109323323401059,12.122982390417286,12.138542175292969,12.095666520107809,12.10410623759609,12.101716856177942,1440
12.383977890014648,12.329626083374023,12.369496979485154,12.236717611315191,12.322151184082031,12.294371811327187,12.322723593266373,12.323477469308864,1441
11.854025840759277,11.843649864196777,11.876006807240445,11.874935815703598,11.880112648010254,11.89566536926538,11.870732724195955,11.861570500820132,1442
12.787233352661133,12.792624473571777,12.676085925964005,12.688491698337131,12.678954124450684,12.737069399505263,12.726743162414998,12.752904561293763,1443
11.486063003540039,11.488554954528809,11.566812963077119,11.33655222568904,11.450467109680176,11.437720600694831,11.461028476201669,11.47364624206399,1444
12.11742877960205,12.138521194458008,12.147701327000831,12.17030090835555,12.148687362670898,12.14602515941734,12.14477745525078,12.142432242812081,1445
11.822956085205078,11.823174476623535,11.737832185184832,11.774450077968728,11.738447189331055,11.740592497460584,11.772908751962303,11.787199858622543,1446
11.890374183654785,11.907443046569824,11.86419625593087,11.93363680749189,11.885257720947266,11.90983626580158,11.898457380066034,11.901154885341663,1447
12.4481782913208,12.44715404510498,12.522751191635125,12.484936394938702,12.513373374938965,12.497994510827837,12.485731301461067,12.473395458189747,1448
11.596210479736328,11.594526290893555,11.47561141866577,11.60381112509617,11.520262718200684,11.533141817642656,11.553927308372527,11.563422041301932,1449
11.345476150512695,11.340910911560059,11.398662264996815,11.356901588612434,11.354013442993164,11.38265116559164,11.363102587377801,11.35228458545033,1450
11.744524002075195,11.752427101135254,11.814560690104551,11.805064463241546,11.813024520874023,11.780368434164625,11.784994868599199,11.773341032012672,1451
12.450261116027832,12.426575660705566,12.409732377175894,12.379512470439119,12.427976608276367,12.478754039520059,12.428802045357472,12.434552712135563,1452
11.790743827819824,11.780566215515137,11.830290958787401,11.839678251778759,11.781782150268555,11.826777297648299,11.808306450302995,11.789508743467817,1453
11.777196884155273,11.757065773010254,11.817122796205926,11.753074006778965,11.742365837097168,11.74970409898093,11.766088232704753,11.75409093899214,1454
12.158605575561523,12.151956558227539,12.108618158993735,12.142065106536267,12.122330665588379,12.12894536879745,12.135420238950815,12.13989768199555,1455
12.081831932067871,12.082256317138672,12.066877949398203,12.075995625038953,12.084328651428223,12.073034667047926,12.07738752368664,12.08087634456314,1456
12.207184791564941,12.20909595489502,12.215447230780336,12.166077896982147,12.220476150512695,12.230610007155802,12.208148671981823,12.215402190250586,1457
12.428216934204102,12.436636924743652,12.514148385259176,12.44824152760946,12.546940803527832,12.471682008007978,12.474311097225367,12.471205538318301,1458
11.892065048217773,11.869906425476074,11.84449703079473,11.832783439582943,11.865442276000977,11.881435173889406,11.864354898993648,11.869874849045733,1459
11.906384468078613,11.890467643737793,11.891896055216039,11.898173897087444,11.877071380615234,11.923871203018964,11.897977441292348,11.892450854862476,1460
